# dir (relative, "." = root)	files_recursive	bytes_recursive	files_direct	top_extensions
.	71855	58001901702	8	.mp3:27263, .blp:26393, .png:6436, .mdx:4533, .txt:2653, .wav:1883, .json:893, .w3x:441
Abilities	5	263539	0	.blp:5
Abilities/Custom	1	72456	0	.blp:1
Abilities/Custom/Tiny	1	72456	0	.blp:1
Abilities/Custom/Tiny/Avalance	1	72456	1	.blp:1
Abilities/Spells	4	191083	0	.blp:4
Abilities/Spells/Human	1	55865	0	.blp:1
Abilities/Spells/Human/Resurrect	1	55865	1	.blp:1
Abilities/Spells/NightElf	1	17892	0	.blp:1
Abilities/Spells/NightElf/Barkskin	1	17892	1	.blp:1
Abilities/Spells/Orc	1	72456	0	.blp:1
Abilities/Spells/Orc/EarthQuake	1	72456	1	.blp:1
Abilities/Spells/Undead	1	44870	0	.blp:1
Abilities/Spells/Undead/FreezingBreath	1	44870	1	.blp:1
Buildings	22	2992824	0	.blp:22
Buildings/NightElf	12	1212583	0	.blp:12
Buildings/NightElf/AncientOfLore	2	216834	2	.blp:2
Buildings/NightElf/AncientOfWar	2	216834	2	.blp:2
Buildings/NightElf/AncientOfWonder	5	374135	5	.blp:5
Buildings/NightElf/HuntersHall	3	404780	3	.blp:3
Buildings/Other	10	1780241	0	.blp:10
Buildings/Other/FountainOfLife	8	1461571	8	.blp:8
Buildings/Other/FountainOfLife_	2	318670	2	.blp:2
Data	428	1889222435	0	.index:379, .idx:32, (none):14, .000:1, .001:1, .0:1
Data/config	13	217506	0	(none):13
Data/config/0c	1	7912	0	(none):1
Data/config/0c/7d	1	7912	1	(none):1
Data/config/2a	1	99930	0	(none):1
Data/config/2a/a7	1	99930	1	(none):1
Data/config/38	1	12848	0	(none):1
Data/config/38/87	1	12848	1	(none):1
Data/config/80	1	7921	0	(none):1
Data/config/80/fa	1	7921	1	(none):1
Data/config/8e	2	5177	0	(none):2
Data/config/8e/23	1	3378	1	(none):1
Data/config/8e/6d	1	1799	1	(none):1
Data/config/96	1	6657	0	(none):1
Data/config/96/45	1	6657	1	(none):1
Data/config/9a	1	7448	0	(none):1
Data/config/9a/75	1	7448	1	(none):1
Data/config/9d	1	7435	0	(none):1
Data/config/9d/23	1	7435	1	(none):1
Data/config/dd	1	12612	0	(none):1
Data/config/dd/45	1	12612	1	(none):1
Data/config/e3	1	24932	0	(none):1
Data/config/e3/f7	1	24932	1	(none):1
Data/config/f0	1	12769	0	(none):1
Data/config/f0/6e	1	12769	1	(none):1
Data/config/ff	1	11865	0	(none):1
Data/config/ff/5c	1	11865	1	(none):1
Data/data	36	1828100717	36	.idx:32, .000:1, .001:1, .0:1, (none):1
Data/indices	379	60904212	379	.index:379
Doodads	69	7270843	2	.mdx:59, .blp:10
Doodads/Terrain	67	7020883	0	.mdx:59, .blp:8
Doodads/Terrain/AshenTree	30	3395387	30	.mdx:25, .blp:5
Doodads/Terrain/LOSBlocker	1	3047	1	.mdx:1
Doodads/Terrain/LordaeronTree	4	339748	4	.mdx:3, .blp:1
Doodads/Terrain/NorthrendTree	32	3282701	32	.mdx:30, .blp:2
Dota Mod Project	54957	53362469028	1	.mp3:21849, .blp:19013, .png:6303, .txt:2565, .mdx:2548, .wav:942, .json:883, .w3x:430
Dota Mod Project/Archives	645	45162625352	1	.w3x:385, .blp:248, .mdx:11, .zip:1
Dota Mod Project/Archives/DotaHQ	3	78194748	0	.w3x:3
Dota Mod Project/Archives/DotaHQ/HistoricalMaps	3	78194748	3	.w3x:3
Dota Mod Project/Archives/GlobalOverrides	259	9762419	0	.blp:248, .mdx:11
Dota Mod Project/Archives/GlobalOverrides/2026-09-25-ui-moved-into-maps	257	9421146	0	.blp:247, .mdx:10
Dota Mod Project/Archives/GlobalOverrides/2026-09-25-ui-moved-into-maps/UI	257	9421146	0	.blp:247, .mdx:10
Dota Mod Project/Archives/GlobalOverrides/2026-09-25-ui-moved-into-maps/UI/Buttons	1	4226	0	.mdx:1
Dota Mod Project/Archives/GlobalOverrides/2026-09-25-ui-moved-into-maps/UI/Buttons/HeroLevel	1	4226	1	.mdx:1
Dota Mod Project/Archives/GlobalOverrides/2026-09-25-ui-moved-into-maps/UI/Console	28	4618067	0	.blp:25, .mdx:3
Dota Mod Project/Archives/GlobalOverrides/2026-09-25-ui-moved-into-maps/UI/Console/Human	7	1306436	7	.blp:6, .mdx:1
Dota Mod Project/Archives/GlobalOverrides/2026-09-25-ui-moved-into-maps/UI/Console/NightElf	10	1567671	10	.blp:9, .mdx:1
Dota Mod Project/Archives/GlobalOverrides/2026-09-25-ui-moved-into-maps/UI/Console/Undead	11	1743960	11	.blp:10, .mdx:1
Dota Mod Project/Archives/GlobalOverrides/2026-09-25-ui-moved-into-maps/UI/Cursor	4	1071934	4	.blp:4
Dota Mod Project/Archives/GlobalOverrides/2026-09-25-ui-moved-into-maps/UI/Feedback	21	636277	0	.blp:15, .mdx:6
Dota Mod Project/Archives/GlobalOverrides/2026-09-25-ui-moved-into-maps/UI/Feedback/Confirmation	3	453504	3	.blp:2, .mdx:1
Dota Mod Project/Archives/GlobalOverrides/2026-09-25-ui-moved-into-maps/UI/Feedback/Cooldown	1	34968	1	.mdx:1
Dota Mod Project/Archives/GlobalOverrides/2026-09-25-ui-moved-into-maps/UI/Feedback/HPBarConsole	3	23003	3	.blp:2, .mdx:1
Dota Mod Project/Archives/GlobalOverrides/2026-09-25-ui-moved-into-maps/UI/Feedback/HPBarConsoleSmall	4	44856	4	.blp:3, .mdx:1
Dota Mod Project/Archives/GlobalOverrides/2026-09-25-ui-moved-into-maps/UI/Feedback/ManaBarConsole	2	13438	2	.mdx:1, .blp:1
Dota Mod Project/Archives/GlobalOverrides/2026-09-25-ui-moved-into-maps/UI/Feedback/ManaBarConsoleSmall	4	44520	4	.blp:3, .mdx:1
Dota Mod Project/Archives/GlobalOverrides/2026-09-25-ui-moved-into-maps/UI/Feedback/Resources	1	7442	1	.blp:1
Dota Mod Project/Archives/GlobalOverrides/2026-09-25-ui-moved-into-maps/UI/Feedback/XpBar	3	14546	3	.blp:3
Dota Mod Project/Archives/GlobalOverrides/2026-09-25-ui-moved-into-maps/UI/MiniMap	1	7104	1	.blp:1
Dota Mod Project/Archives/GlobalOverrides/2026-09-25-ui-moved-into-maps/UI/Widgets	202	3083538	0	.blp:202
Dota Mod Project/Archives/GlobalOverrides/2026-09-25-ui-moved-into-maps/UI/Widgets/BattleNet	11	162998	10	.blp:11
Dota Mod Project/Archives/GlobalOverrides/2026-09-25-ui-moved-into-maps/UI/Widgets/BattleNet/chaticons	1	8090	1	.blp:1
Dota Mod Project/Archives/GlobalOverrides/2026-09-25-ui-moved-into-maps/UI/Widgets/Console	87	1049545	0	.blp:87
Dota Mod Project/Archives/GlobalOverrides/2026-09-25-ui-moved-into-maps/UI/Widgets/Console/Human	81	952663	76	.blp:81
Dota Mod Project/Archives/GlobalOverrides/2026-09-25-ui-moved-into-maps/UI/Widgets/Console/Human/CommandButton	5	45175	5	.blp:5
Dota Mod Project/Archives/GlobalOverrides/2026-09-25-ui-moved-into-maps/UI/Widgets/Console/NightElf	2	32294	2	.blp:2
Dota Mod Project/Archives/GlobalOverrides/2026-09-25-ui-moved-into-maps/UI/Widgets/Console/Orc	2	32294	2	.blp:2
Dota Mod Project/Archives/GlobalOverrides/2026-09-25-ui-moved-into-maps/UI/Widgets/Console/Undead	2	32294	2	.blp:2
Dota Mod Project/Archives/GlobalOverrides/2026-09-25-ui-moved-into-maps/UI/Widgets/EscMenu	51	1145197	0	.blp:51
Dota Mod Project/Archives/GlobalOverrides/2026-09-25-ui-moved-into-maps/UI/Widgets/EscMenu/Human	35	356113	35	.blp:35
Dota Mod Project/Archives/GlobalOverrides/2026-09-25-ui-moved-into-maps/UI/Widgets/EscMenu/NightElf	8	394542	8	.blp:8
Dota Mod Project/Archives/GlobalOverrides/2026-09-25-ui-moved-into-maps/UI/Widgets/EscMenu/Undead	8	394542	8	.blp:8
Dota Mod Project/Archives/GlobalOverrides/2026-09-25-ui-moved-into-maps/UI/Widgets/Glues	51	624128	51	.blp:51
Dota Mod Project/Archives/GlobalOverrides/2026-09-25-ui-moved-into-maps/UI/Widgets/ToolTips	2	101670	0	.blp:2
Dota Mod Project/Archives/GlobalOverrides/2026-09-25-ui-moved-into-maps/UI/Widgets/ToolTips/Human	2	101670	2	.blp:2
Dota Mod Project/Archives/GlobalOverrides/2026-09-25-wrong-secret-shop-assets	2	341273	0	.mdx:1, .blp:1
Dota Mod Project/Archives/GlobalOverrides/2026-09-25-wrong-secret-shop-assets/Units	2	341273	0	.mdx:1, .blp:1
Dota Mod Project/Archives/GlobalOverrides/2026-09-25-wrong-secret-shop-assets/Units/Custom	2	341273	0	.mdx:1, .blp:1
Dota Mod Project/Archives/GlobalOverrides/2026-09-25-wrong-secret-shop-assets/Units/Custom/ShopKeeper	2	341273	2	.mdx:1, .blp:1
Dota Mod Project/Archives/HeroWorkshop	380	44764156238	0	.w3x:380
Dota Mod Project/Archives/HeroWorkshop/Backups	380	44764156238	0	.w3x:380
Dota Mod Project/Archives/HeroWorkshop/Backups/HeroWorkshop	380	44764156238	380	.w3x:380
Dota Mod Project/Archives/MapSnapshots	2	35072713	0	.w3x:2
Dota Mod Project/Archives/MapSnapshots/2026-09-25-secret-shop-ui-scope	2	35072713	2	.w3x:2
Dota Mod Project/Build	19538	1265344075	0	.mp3:10793, .blp:6519, .mdx:1352, .wav:760, .fdf:43, .tga:42, .slk:16, .json:3
Dota Mod Project/Build/DotaHQ	19538	1265344075	2	.mp3:10793, .blp:6519, .mdx:1352, .wav:760, .fdf:43, .tga:42, .slk:16, .json:3
Dota Mod Project/Build/DotaHQ/Inputs	21	5310474	0	.slk:13, .blp:3, .mdx:2, .json:1, .txt:1, .tga:1
Dota Mod Project/Build/DotaHQ/Inputs/NativeSoundInfo	12	1374407	12	.slk:12
Dota Mod Project/Build/DotaHQ/Inputs/SourceAssets	5	1155082	0	.blp:3, .mdx:2
Dota Mod Project/Build/DotaHQ/Inputs/SourceAssets/ShopKeeper	5	1155082	5	.blp:3, .mdx:2
Dota Mod Project/Build/DotaHQ/Inputs/SourceIndexes	2	633627	2	.json:1, .txt:1
Dota Mod Project/Build/DotaHQ/Inputs/TerrainInfo	2	2147358	0	.slk:1, .tga:1
Dota Mod Project/Build/DotaHQ/Inputs/TerrainInfo/TerrainArt	2	2147358	1	.slk:1, .tga:1
Dota Mod Project/Build/DotaHQ/Inputs/TerrainInfo/TerrainArt/Felwood	1	2097196	1	.tga:1
Dota Mod Project/Build/DotaHQ/Reports	5	2086910	5	.tsv:3, .json:2
Dota Mod Project/Build/DotaHQ/State	19510	1257841354	0	.mp3:10793, .blp:6516, .mdx:1350, .wav:760, .fdf:43, .tga:41, .mdl:3, .slk:3
Dota Mod Project/Build/DotaHQ/State/DisabledExternalLayer	11591	1051067331	206	.mp3:5408, .blp:4229, .mdx:1159, .wav:722, .fdf:43, .tga:26, .mdl:3, .toc:1
Dota Mod Project/Build/DotaHQ/State/DisabledExternalLayer/Abilities	1088	151871446	0	.blp:475, .mdx:313, .wav:297, .mdl:3
Dota Mod Project/Build/DotaHQ/State/DisabledExternalLayer/Abilities/Custom	407	38202342	0	.blp:284, .mdx:123
Dota Mod Project/Build/DotaHQ/State/DisabledExternalLayer/Abilities/Custom/ActiveItemsPack	21	1973618	0	.blp:14, .mdx:7
Dota Mod Project/Build/DotaHQ/State/DisabledExternalLayer/Abilities/Custom/ActiveItemsPack/Armlet	1	348478	1	.blp:1
Dota Mod Project/Build/DotaHQ/State/DisabledExternalLayer/Abilities/Custom/ActiveItemsPack/Blink	3	199376	3	.blp:2, .mdx:1
Dota Mod Project/Build/DotaHQ/State/DisabledExternalLayer/Abilities/Custom/ActiveItemsPack/Buckler	2	163838	2	.mdx:1, .blp:1
Dota Mod Project/Build/DotaHQ/State/DisabledExternalLayer/Abilities/Custom/ActiveItemsPack/Dagon	3	353077	3	.blp:2, .mdx:1
Dota Mod Project/Build/DotaHQ/State/DisabledExternalLayer/Abilities/Custom/ActiveItemsPack/DustOfAppearance	3	340568	3	.blp:2, .mdx:1
Dota Mod Project/Build/DotaHQ/State/DisabledExternalLayer/Abilities/Custom/ActiveItemsPack/MaskOfMadness	3	355243	3	.blp:2, .mdx:1
Dota Mod Project/Build/DotaHQ/State/DisabledExternalLayer/Abilities/Custom/ActiveItemsPack/ScytheOfVyse	3	59190	3	.blp:2, .mdx:1
Dota Mod Project/Build/DotaHQ/State/DisabledExternalLayer/Abilities/Custom/ActiveItemsPack/SmokeOfDeceit	3	153848	3	.blp:2, .mdx:1
Dota Mod Project/Build/DotaHQ/State/DisabledExternalLayer/Abilities/Custom/ClockAgha	4	159711	4	.blp:3, .mdx:1
Dota Mod Project/Build/DotaHQ/State/DisabledExternalLayer/Abilities/Custom/Commander	2	13732	0	.blp:1, .mdx:1
Dota Mod Project/Build/DotaHQ/State/DisabledExternalLayer/Abilities/Custom/Commander/SpeedTarget	2	13732	2	.blp:1, .mdx:1
Dota Mod Project/Build/DotaHQ/State/DisabledExternalLayer/Abilities/Custom/EarthShaker	15	1265453	0	.blp:9, .mdx:6
Dota Mod Project/Build/DotaHQ/State/DisabledExternalLayer/Abilities/Custom/EarthShaker/AfterShock	3	70592	3	.blp:2, .mdx:1
Dota Mod Project/Build/DotaHQ/State/DisabledExternalLayer/Abilities/Custom/EarthShaker/EchoSlam	6	370070	6	.mdx:3, .blp:3
Dota Mod Project/Build/DotaHQ/State/DisabledExternalLayer/Abilities/Custom/EarthShaker/EnchantTotem	3	454698	3	.blp:2, .mdx:1
Dota Mod Project/Build/DotaHQ/State/DisabledExternalLayer/Abilities/Custom/EarthShaker/Fissure	3	370093	3	.blp:2, .mdx:1
Dota Mod Project/Build/DotaHQ/State/DisabledExternalLayer/Abilities/Custom/Enigma	20	1060665	0	.blp:14, .mdx:6
Dota Mod Project/Build/DotaHQ/State/DisabledExternalLayer/Abilities/Custom/Enigma/BlackHole	7	639960	7	.blp:6, .mdx:1
Dota Mod Project/Build/DotaHQ/State/DisabledExternalLayer/Abilities/Custom/Enigma/DemonicConversion	2	40087	2	.mdx:1, .blp:1
Dota Mod Project/Build/DotaHQ/State/DisabledExternalLayer/Abilities/Custom/Enigma/Malefice	1	2260	1	.mdx:1
Dota Mod Project/Build/DotaHQ/State/DisabledExternalLayer/Abilities/Custom/Enigma/MidnightPulse	5	126050	5	.blp:4, .mdx:1
Dota Mod Project/Build/DotaHQ/State/DisabledExternalLayer/Abilities/Custom/Enigma/Missile	5	252308	5	.blp:3, .mdx:2
Dota Mod Project/Build/DotaHQ/State/DisabledExternalLayer/Abilities/Custom/Gandalf	9	580962	0	.blp:6, .mdx:3
Dota Mod Project/Build/DotaHQ/State/DisabledExternalLayer/Abilities/Custom/Gandalf/BlindingLight	2	56499	2	.blp:2
Dota Mod Project/Build/DotaHQ/State/DisabledExternalLayer/Abilities/Custom/Gandalf/Illuminate	5	486190	5	.blp:3, .mdx:2
Dota Mod Project/Build/DotaHQ/State/DisabledExternalLayer/Abilities/Custom/Gandalf/Missile	2	38273	2	.mdx:1, .blp:1
Dota Mod Project/Build/DotaHQ/State/DisabledExternalLayer/Abilities/Custom/Gyrocopter	19	517256	0	.blp:14, .mdx:5
Dota Mod Project/Build/DotaHQ/State/DisabledExternalLayer/Abilities/Custom/Gyrocopter/CallDown	7	313224	7	.blp:5, .mdx:2
Dota Mod Project/Build/DotaHQ/State/DisabledExternalLayer/Abilities/Custom/Gyrocopter/HomingMissile	6	144113	6	.blp:5, .mdx:1
Dota Mod Project/Build/DotaHQ/State/DisabledExternalLayer/Abilities/Custom/Gyrocopter/Missile	3	35822	3	.blp:2, .mdx:1
Dota Mod Project/Build/DotaHQ/State/DisabledExternalLayer/Abilities/Custom/Gyrocopter/RocketBarrage	3	24097	3	.blp:2, .mdx:1
Dota Mod Project/Build/DotaHQ/State/DisabledExternalLayer/Abilities/Custom/HealingActiveItems	7	835166	0	.blp:5, .mdx:2
Dota Mod Project/Build/DotaHQ/State/DisabledExternalLayer/Abilities/Custom/HealingActiveItems/Mekansm	7	835166	7	.blp:5, .mdx:2
Dota Mod Project/Build/DotaHQ/State/DisabledExternalLayer/Abilities/Custom/Invoker	49	8285674	0	.blp:38, .mdx:11
Dota Mod Project/Build/DotaHQ/State/DisabledExternalLayer/Abilities/Custom/Invoker/Blast	4	713362	4	.blp:3, .mdx:1
Dota Mod Project/Build/DotaHQ/State/DisabledExternalLayer/Abilities/Custom/Invoker/ChaosMeteor	3	435455	3	.mdx:2, .blp:1
Dota Mod Project/Build/DotaHQ/State/DisabledExternalLayer/Abilities/Custom/Invoker/EMP	12	1034351	12	.blp:10, .mdx:2
Dota Mod Project/Build/DotaHQ/State/DisabledExternalLayer/Abilities/Custom/Invoker/EWQ	12	2526246	12	.blp:9, .mdx:3
Dota Mod Project/Build/DotaHQ/State/DisabledExternalLayer/Abilities/Custom/Invoker/IceWall	2	703568	2	.blp:1, .mdx:1
Dota Mod Project/Build/DotaHQ/State/DisabledExternalLayer/Abilities/Custom/Invoker/QWE	9	2489588	9	.blp:9
Dota Mod Project/Build/DotaHQ/State/DisabledExternalLayer/Abilities/Custom/Invoker/SunStrike	5	308714	5	.blp:4, .mdx:1
Dota Mod Project/Build/DotaHQ/State/DisabledExternalLayer/Abilities/Custom/Invoker/Tornado	2	74390	2	.blp:1, .mdx:1
Dota Mod Project/Build/DotaHQ/State/DisabledExternalLayer/Abilities/Custom/Lanaya	7	3388095	0	.blp:6, .mdx:1
Dota Mod Project/Build/DotaHQ/State/DisabledExternalLayer/Abilities/Custom/Lanaya/Refraction	7	3388095	7	.blp:6, .mdx:1
Dota Mod Project/Build/DotaHQ/State/DisabledExternalLayer/Abilities/Custom/Leshrac	22	3500442	0	.blp:17, .mdx:5
Dota Mod Project/Build/DotaHQ/State/DisabledExternalLayer/Abilities/Custom/Leshrac/Diabolic	7	270659	7	.blp:6, .mdx:1
Dota Mod Project/Build/DotaHQ/State/DisabledExternalLayer/Abilities/Custom/Leshrac/LightningStorm	5	321970	5	.blp:3, .mdx:2
Dota Mod Project/Build/DotaHQ/State/DisabledExternalLayer/Abilities/Custom/Leshrac/Missile	5	132593	5	.blp:4, .mdx:1
Dota Mod Project/Build/DotaHQ/State/DisabledExternalLayer/Abilities/Custom/Leshrac/SplitEarth	5	2775220	5	.blp:4, .mdx:1
Dota Mod Project/Build/DotaHQ/State/DisabledExternalLayer/Abilities/Custom/Lina	18	364439	0	.blp:14, .mdx:4
Dota Mod Project/Build/DotaHQ/State/DisabledExternalLayer/Abilities/Custom/Lina/DragonSlave	2	94228	2	.mdx:1, .blp:1
Dota Mod Project/Build/DotaHQ/State/DisabledExternalLayer/Abilities/Custom/Lina/LagunaBlade	4	117534	4	.blp:3, .mdx:1
Dota Mod Project/Build/DotaHQ/State/DisabledExternalLayer/Abilities/Custom/Lina/LightStrikeArray	10	138070	10	.blp:9, .mdx:1
Dota Mod Project/Build/DotaHQ/State/DisabledExternalLayer/Abilities/Custom/Lina/Missile	2	14607	2	.blp:1, .mdx:1
Dota Mod Project/Build/DotaHQ/State/DisabledExternalLayer/Abilities/Custom/Lion	1	3699	0	.mdx:1
Dota Mod Project/Build/DotaHQ/State/DisabledExternalLayer/Abilities/Custom/Lion/Impale	1	3699	1	.mdx:1
Dota Mod Project/Build/DotaHQ/State/DisabledExternalLayer/Abilities/Custom/LoneDruid	7	1086702	0	.blp:5, .mdx:2
Dota Mod Project/Build/DotaHQ/State/DisabledExternalLayer/Abilities/Custom/LoneDruid/Missile	4	847597	4	.blp:3, .mdx:1
Dota Mod Project/Build/DotaHQ/State/DisabledExternalLayer/Abilities/Custom/LoneDruid/Rabid	3	239105	3	.blp:2, .mdx:1
Dota Mod Project/Build/DotaHQ/State/DisabledExternalLayer/Abilities/Custom/Luna	20	768527	0	.blp:16, .mdx:4
Dota Mod Project/Build/DotaHQ/State/DisabledExternalLayer/Abilities/Custom/Luna/Eclipse	4	164691	4	.blp:3, .mdx:1
Dota Mod Project/Build/DotaHQ/State/DisabledExternalLayer/Abilities/Custom/Luna/LucentBeam	10	247522	10	.blp:8, .mdx:2
Dota Mod Project/Build/DotaHQ/State/DisabledExternalLayer/Abilities/Custom/Luna/Missile	6	356314	6	.blp:5, .mdx:1
Dota Mod Project/Build/DotaHQ/State/DisabledExternalLayer/Abilities/Custom/Lycan	8	851977	0	.blp:5, .mdx:3
Dota Mod Project/Build/DotaHQ/State/DisabledExternalLayer/Abilities/Custom/Lycan/Howl	6	96038	6	.blp:4, .mdx:2
Dota Mod Project/Build/DotaHQ/State/DisabledExternalLayer/Abilities/Custom/Lycan/SummonWolves	2	755939	2	.blp:1, .mdx:1
Dota Mod Project/Build/DotaHQ/State/DisabledExternalLayer/Abilities/Custom/Mirana	3	161647	0	.blp:2, .mdx:1
Dota Mod Project/Build/DotaHQ/State/DisabledExternalLayer/Abilities/Custom/Mirana/Missile	3	161647	3	.blp:2, .mdx:1
Dota Mod Project/Build/DotaHQ/State/DisabledExternalLayer/Abilities/Custom/NagaSiren	21	2830423	0	.blp:16, .mdx:5
Dota Mod Project/Build/DotaHQ/State/DisabledExternalLayer/Abilities/Custom/NagaSiren/Ensnare	4	253050	4	.blp:3, .mdx:1
Dota Mod Project/Build/DotaHQ/State/DisabledExternalLayer/Abilities/Custom/NagaSiren/MirrorImage	11	2079753	11	.blp:9, .mdx:2
Dota Mod Project/Build/DotaHQ/State/DisabledExternalLayer/Abilities/Custom/NagaSiren/SongOfTheSiren	6	497620	6	.blp:4, .mdx:2
Dota Mod Project/Build/DotaHQ/State/DisabledExternalLayer/Abilities/Custom/Naix	1	5384	0	.mdx:1
Dota Mod Project/Build/DotaHQ/State/DisabledExternalLayer/Abilities/Custom/Naix/OpenWounds	1	5384	1	.mdx:1
Dota Mod Project/Build/DotaHQ/State/DisabledExternalLayer/Abilities/Custom/Necrolyte	3	157366	0	.blp:2, .mdx:1
Dota Mod Project/Build/DotaHQ/State/DisabledExternalLayer/Abilities/Custom/Necrolyte/DeathPulseCaster	3	157366	3	.blp:2, .mdx:1
Dota Mod Project/Build/DotaHQ/State/DisabledExternalLayer/Abilities/Custom/NyxAssassin	2	77721	0	.blp:1, .mdx:1
Dota Mod Project/Build/DotaHQ/State/DisabledExternalLayer/Abilities/Custom/NyxAssassin/Impale	2	77721	2	.blp:1, .mdx:1
Dota Mod Project/Build/DotaHQ/State/DisabledExternalLayer/Abilities/Custom/Other	12	88644	0	.blp:7, .mdx:5
Dota Mod Project/Build/DotaHQ/State/DisabledExternalLayer/Abilities/Custom/Other/DireCreepMissile	3	13215	3	.blp:2, .mdx:1
Dota Mod Project/Build/DotaHQ/State/DisabledExternalLayer/Abilities/Custom/Other/DireTowerMissile	3	21652	3	.blp:2, .mdx:1
Dota Mod Project/Build/DotaHQ/State/DisabledExternalLayer/Abilities/Custom/Other/RadCreepMissile	2	7984	2	.blp:1, .mdx:1
Dota Mod Project/Build/DotaHQ/State/DisabledExternalLayer/Abilities/Custom/Other/RadiantTowerMissile	2	16600	2	.blp:1, .mdx:1
Dota Mod Project/Build/DotaHQ/State/DisabledExternalLayer/Abilities/Custom/Other/SiegeMissile	2	29193	2	.blp:1, .mdx:1
Dota Mod Project/Build/DotaHQ/State/DisabledExternalLayer/Abilities/Custom/OutworldDestroyer	23	310225	0	.blp:20, .mdx:3
Dota Mod Project/Build/DotaHQ/State/DisabledExternalLayer/Abilities/Custom/OutworldDestroyer/ArcaneOrb	9	63884	9	.blp:8, .mdx:1
Dota Mod Project/Build/DotaHQ/State/DisabledExternalLayer/Abilities/Custom/OutworldDestroyer/Missile	5	21112	5	.blp:4, .mdx:1
Dota Mod Project/Build/DotaHQ/State/DisabledExternalLayer/Abilities/Custom/OutworldDestroyer/SanityEclipse	9	225229	9	.blp:8, .mdx:1
Dota Mod Project/Build/DotaHQ/State/DisabledExternalLayer/Abilities/Custom/Puck	18	629538	0	.blp:13, .mdx:5
Dota Mod Project/Build/DotaHQ/State/DisabledExternalLayer/Abilities/Custom/Puck/DreamCoil	4	315414	4	.blp:3, .mdx:1
Dota Mod Project/Build/DotaHQ/State/DisabledExternalLayer/Abilities/Custom/Puck/IllusoryOrb	7	94109	7	.blp:6, .mdx:1
Dota Mod Project/Build/DotaHQ/State/DisabledExternalLayer/Abilities/Custom/Puck/Missile	3	65173	3	.blp:2, .mdx:1
Dota Mod Project/Build/DotaHQ/State/DisabledExternalLayer/Abilities/Custom/Puck/PhaseShift	4	154842	4	.blp:2, .mdx:2
Dota Mod Project/Build/DotaHQ/State/DisabledExternalLayer/Abilities/Custom/Pugna	17	333052	0	.blp:11, .mdx:6
Dota Mod Project/Build/DotaHQ/State/DisabledExternalLayer/Abilities/Custom/Pugna/Decrepify	1	1291	1	.mdx:1
Dota Mod Project/Build/DotaHQ/State/DisabledExternalLayer/Abilities/Custom/Pugna/LifeDrain	1	2430	1	.mdx:1
Dota Mod Project/Build/DotaHQ/State/DisabledExternalLayer/Abilities/Custom/Pugna/Missile	6	72215	6	.blp:5, .mdx:1
Dota Mod Project/Build/DotaHQ/State/DisabledExternalLayer/Abilities/Custom/Pugna/NetherBlast	6	210475	6	.blp:5, .mdx:1
Dota Mod Project/Build/DotaHQ/State/DisabledExternalLayer/Abilities/Custom/Pugna/NetherWard	3	46641	3	.mdx:2, .blp:1
Dota Mod Project/Build/DotaHQ/State/DisabledExternalLayer/Abilities/Custom/QueenOfPain	24	855582	0	.blp:16, .mdx:8
Dota Mod Project/Build/DotaHQ/State/DisabledExternalLayer/Abilities/Custom/QueenOfPain/Blink	4	334832	4	.mdx:2, .blp:2
Dota Mod Project/Build/DotaHQ/State/DisabledExternalLayer/Abilities/Custom/QueenOfPain/Missile	3	56983	3	.blp:2, .mdx:1
Dota Mod Project/Build/DotaHQ/State/DisabledExternalLayer/Abilities/Custom/QueenOfPain/ScreamOfPain	9	183232	9	.blp:7, .mdx:2
Dota Mod Project/Build/DotaHQ/State/DisabledExternalLayer/Abilities/Custom/QueenOfPain/ShadowStrike	4	82003	4	.blp:2, .mdx:2
Dota Mod Project/Build/DotaHQ/State/DisabledExternalLayer/Abilities/Custom/QueenOfPain/SonicWave	4	198532	4	.blp:3, .mdx:1
Dota Mod Project/Build/DotaHQ/State/DisabledExternalLayer/Abilities/Custom/RegenPack	4	214026	0	.blp:2, .mdx:2
Dota Mod Project/Build/DotaHQ/State/DisabledExternalLayer/Abilities/Custom/RegenPack/Clarity	4	214026	4	.blp:2, .mdx:2
Dota Mod Project/Build/DotaHQ/State/DisabledExternalLayer/Abilities/Custom/SandKing	3	759562	0	.blp:2, .mdx:1
Dota Mod Project/Build/DotaHQ/State/DisabledExternalLayer/Abilities/Custom/SandKing/BurrowStrike	3	759562	3	.blp:2, .mdx:1
Dota Mod Project/Build/DotaHQ/State/DisabledExternalLayer/Abilities/Custom/ShadowDemon	2	23519	0	.blp:1, .mdx:1
Dota Mod Project/Build/DotaHQ/State/DisabledExternalLayer/Abilities/Custom/ShadowDemon/ShadowPotion	2	23519	2	.blp:1, .mdx:1
Dota Mod Project/Build/DotaHQ/State/DisabledExternalLayer/Abilities/Custom/TideHunter	1	1251	0	.mdx:1
Dota Mod Project/Build/DotaHQ/State/DisabledExternalLayer/Abilities/Custom/TideHunter/Ravage	1	1251	1	.mdx:1
Dota Mod Project/Build/DotaHQ/State/DisabledExternalLayer/Abilities/Custom/Tiny	1	48699	0	.mdx:1
Dota Mod Project/Build/DotaHQ/State/DisabledExternalLayer/Abilities/Custom/Tiny/Avalance	1	48699	1	.mdx:1
Dota Mod Project/Build/DotaHQ/State/DisabledExternalLayer/Abilities/Custom/UrnOfShadow	5	2318636	5	.blp:4, .mdx:1
Dota Mod Project/Build/DotaHQ/State/DisabledExternalLayer/Abilities/Custom/Venomancer	15	1132666	0	.mdx:8, .blp:7
Dota Mod Project/Build/DotaHQ/State/DisabledExternalLayer/Abilities/Custom/Venomancer/Gale	9	1078585	9	.blp:5, .mdx:4
Dota Mod Project/Build/DotaHQ/State/DisabledExternalLayer/Abilities/Custom/Venomancer/Missile	3	20450	3	.mdx:2, .blp:1
Dota Mod Project/Build/DotaHQ/State/DisabledExternalLayer/Abilities/Custom/Venomancer/PoisonNova	3	33631	3	.mdx:2, .blp:1
Dota Mod Project/Build/DotaHQ/State/DisabledExternalLayer/Abilities/Custom/Viper	11	367823	0	.blp:6, .mdx:5
Dota Mod Project/Build/DotaHQ/State/DisabledExternalLayer/Abilities/Custom/Viper/CorrosiveSkin	1	1534	1	.mdx:1
Dota Mod Project/Build/DotaHQ/State/DisabledExternalLayer/Abilities/Custom/Viper/Missile	4	271599	4	.blp:3, .mdx:1
Dota Mod Project/Build/DotaHQ/State/DisabledExternalLayer/Abilities/Custom/Viper/PoisonAttack	4	80138	4	.blp:3, .mdx:1
Dota Mod Project/Build/DotaHQ/State/DisabledExternalLayer/Abilities/Custom/Viper/ViperStrike	2	14552	2	.mdx:2
Dota Mod Project/Build/DotaHQ/State/DisabledExternalLayer/Abilities/Custom/WR	11	3226071	0	.blp:7, .mdx:4
Dota Mod Project/Build/DotaHQ/State/DisabledExternalLayer/Abilities/Custom/WR/Missile	2	154357	2	.mdx:1, .blp:1
Dota Mod Project/Build/DotaHQ/State/DisabledExternalLayer/Abilities/Custom/WR/PowerShot	4	1562156	4	.blp:3, .mdx:1
Dota Mod Project/Build/DotaHQ/State/DisabledExternalLayer/Abilities/Custom/WR/Shackle	5	1509558	5	.blp:3, .mdx:2
Dota Mod Project/Build/DotaHQ/State/DisabledExternalLayer/Abilities/Custom/Wisp	1	4389	0	.mdx:1
Dota Mod Project/Build/DotaHQ/State/DisabledExternalLayer/Abilities/Custom/Wisp/SpiritOfVengeanceMissile	1	4389	1	.mdx:1
Dota Mod Project/Build/DotaHQ/State/DisabledExternalLayer/Abilities/Spells	499	91739396	0	.wav:203, .blp:156, .mdx:137, .mdl:3
Dota Mod Project/Build/DotaHQ/State/DisabledExternalLayer/Abilities/Spells/Custom	63	5719390	0	.blp:37, .mdx:26
Dota Mod Project/Build/DotaHQ/State/DisabledExternalLayer/Abilities/Spells/Custom/AA	7	426807	7	.blp:7
Dota Mod Project/Build/DotaHQ/State/DisabledExternalLayer/Abilities/Spells/Custom/AM	6	325849	6	.mdx:4, .blp:2
Dota Mod Project/Build/DotaHQ/State/DisabledExternalLayer/Abilities/Spells/Custom/BH	5	1435793	5	.mdx:3, .blp:2
Dota Mod Project/Build/DotaHQ/State/DisabledExternalLayer/Abilities/Spells/Custom/Broodmother	12	1511413	12	.blp:7, .mdx:5
Dota Mod Project/Build/DotaHQ/State/DisabledExternalLayer/Abilities/Spells/Custom/Clinkz	2	95454	2	.blp:2
Dota Mod Project/Build/DotaHQ/State/DisabledExternalLayer/Abilities/Spells/Custom/DR	4	153767	4	.blp:4
Dota Mod Project/Build/DotaHQ/State/DisabledExternalLayer/Abilities/Spells/Custom/Fuzzy	3	16260	3	.mdx:2, .blp:1
Dota Mod Project/Build/DotaHQ/State/DisabledExternalLayer/Abilities/Spells/Custom/Lightning	4	262015	4	.blp:4
Dota Mod Project/Build/DotaHQ/State/DisabledExternalLayer/Abilities/Spells/Custom/SKing	9	910210	9	.mdx:5, .blp:4
Dota Mod Project/Build/DotaHQ/State/DisabledExternalLayer/Abilities/Spells/Custom/Weaver	11	581822	11	.mdx:7, .blp:4
Dota Mod Project/Build/DotaHQ/State/DisabledExternalLayer/Abilities/Spells/Demon	15	918319	0	.blp:8, .wav:5, .mdx:2
Dota Mod Project/Build/DotaHQ/State/DisabledExternalLayer/Abilities/Spells/Demon/DarkConversion	9	162360	9	.blp:8, .mdx:1
Dota Mod Project/Build/DotaHQ/State/DisabledExternalLayer/Abilities/Spells/Demon/RainOfFire	5	596599	5	.wav:4, .mdx:1
Dota Mod Project/Build/DotaHQ/State/DisabledExternalLayer/Abilities/Spells/Demon/SoulPreservation	1	159360	1	.wav:1
Dota Mod Project/Build/DotaHQ/State/DisabledExternalLayer/Abilities/Spells/Human	95	21725087	0	.wav:47, .blp:26, .mdx:21, .mdl:1
Dota Mod Project/Build/DotaHQ/State/DisabledExternalLayer/Abilities/Spells/Human/AerialShackles	1	568390	1	.wav:1
Dota Mod Project/Build/DotaHQ/State/DisabledExternalLayer/Abilities/Spells/Human/Avatar	1	613652	1	.wav:1
Dota Mod Project/Build/DotaHQ/State/DisabledExternalLayer/Abilities/Spells/Human/Banish	2	1223164	2	.wav:2
Dota Mod Project/Build/DotaHQ/State/DisabledExternalLayer/Abilities/Spells/Human/Blizzard	5	1036059	5	.wav:4, .mdx:1
Dota Mod Project/Build/DotaHQ/State/DisabledExternalLayer/Abilities/Spells/Human/CallToArms	1	175238	1	.wav:1
Dota Mod Project/Build/DotaHQ/State/DisabledExternalLayer/Abilities/Spells/Human/CloudOfFog	1	1428970	1	.wav:1
Dota Mod Project/Build/DotaHQ/State/DisabledExternalLayer/Abilities/Spells/Human/ControlMagic	1	90232	1	.wav:1
Dota Mod Project/Build/DotaHQ/State/DisabledExternalLayer/Abilities/Spells/Human/Defend	1	482864	1	.wav:1
Dota Mod Project/Build/DotaHQ/State/DisabledExternalLayer/Abilities/Spells/Human/DegenAura	4	161604	4	.mdx:2, .blp:2
Dota Mod Project/Build/DotaHQ/State/DisabledExternalLayer/Abilities/Spells/Human/DevotionAura	3	262169	3	.blp:2, .mdx:1
Dota Mod Project/Build/DotaHQ/State/DisabledExternalLayer/Abilities/Spells/Human/DispelMagic	4	213407	4	.blp:2, .mdx:1, .wav:1
Dota Mod Project/Build/DotaHQ/State/DisabledExternalLayer/Abilities/Spells/Human/DivineShield	4	633215	4	.wav:2, .mdx:1, .blp:1
Dota Mod Project/Build/DotaHQ/State/DisabledExternalLayer/Abilities/Spells/Human/Feedback	1	203636	1	.wav:1
Dota Mod Project/Build/DotaHQ/State/DisabledExternalLayer/Abilities/Spells/Human/FlakCannons	1	476848	1	.wav:1
Dota Mod Project/Build/DotaHQ/State/DisabledExternalLayer/Abilities/Spells/Human/FlameStrike	2	438470	2	.wav:2
Dota Mod Project/Build/DotaHQ/State/DisabledExternalLayer/Abilities/Spells/Human/Flare	5	313181	5	.wav:4, .mdx:1
Dota Mod Project/Build/DotaHQ/State/DisabledExternalLayer/Abilities/Spells/Human/FragmentationShards	1	73388	1	.wav:1
Dota Mod Project/Build/DotaHQ/State/DisabledExternalLayer/Abilities/Spells/Human/GuardianAngel	3	50155	3	.blp:2, .mdx:1
Dota Mod Project/Build/DotaHQ/State/DisabledExternalLayer/Abilities/Spells/Human/Heal	1	308500	1	.wav:1
Dota Mod Project/Build/DotaHQ/State/DisabledExternalLayer/Abilities/Spells/Human/HolyBolt	1	415384	1	.wav:1
Dota Mod Project/Build/DotaHQ/State/DisabledExternalLayer/Abilities/Spells/Human/InnerFire	2	133784	2	.wav:2
Dota Mod Project/Build/DotaHQ/State/DisabledExternalLayer/Abilities/Spells/Human/Invisibility	1	493662	1	.wav:1
Dota Mod Project/Build/DotaHQ/State/DisabledExternalLayer/Abilities/Spells/Human/ManaFlare	2	157322	2	.wav:2
Dota Mod Project/Build/DotaHQ/State/DisabledExternalLayer/Abilities/Spells/Human/ManaShield	2	292748	2	.mdx:1, .wav:1
Dota Mod Project/Build/DotaHQ/State/DisabledExternalLayer/Abilities/Spells/Human/MarkOfChaos	3	667552	3	.mdx:2, .wav:1
Dota Mod Project/Build/DotaHQ/State/DisabledExternalLayer/Abilities/Spells/Human/MassTeleport	16	5449858	16	.blp:12, .mdx:3, .wav:1
Dota Mod Project/Build/DotaHQ/State/DisabledExternalLayer/Abilities/Spells/Human/Polymorph	4	876830	4	.wav:4
Dota Mod Project/Build/DotaHQ/State/DisabledExternalLayer/Abilities/Spells/Human/Resurrect	7	399482	7	.mdx:4, .blp:2, .wav:1
Dota Mod Project/Build/DotaHQ/State/DisabledExternalLayer/Abilities/Spells/Human/ReviveHuman	1	1564878	1	.wav:1
Dota Mod Project/Build/DotaHQ/State/DisabledExternalLayer/Abilities/Spells/Human/Slow	2	364364	2	.wav:2
Dota Mod Project/Build/DotaHQ/State/DisabledExternalLayer/Abilities/Spells/Human/SpellSteal	2	847972	2	.wav:2
Dota Mod Project/Build/DotaHQ/State/DisabledExternalLayer/Abilities/Spells/Human/StormBolt	3	802595	3	.wav:2, .mdx:1
Dota Mod Project/Build/DotaHQ/State/DisabledExternalLayer/Abilities/Spells/Human/Thunderclap	7	505514	7	.blp:3, .mdx:2, .mdl:1, .wav:1
Dota Mod Project/Build/DotaHQ/State/DisabledExternalLayer/Abilities/Spells/Items	58	11204857	0	.blp:30, .mdx:16, .wav:12
Dota Mod Project/Build/DotaHQ/State/DisabledExternalLayer/Abilities/Spells/Items/AIam	1	92490	1	.wav:1
Dota Mod Project/Build/DotaHQ/State/DisabledExternalLayer/Abilities/Spells/Items/AIco	1	118316	1	.wav:1
Dota Mod Project/Build/DotaHQ/State/DisabledExternalLayer/Abilities/Spells/Items/AIfb	1	5581	1	.mdx:1
Dota Mod Project/Build/DotaHQ/State/DisabledExternalLayer/Abilities/Spells/Items/AIil	1	42462	1	.wav:1
Dota Mod Project/Build/DotaHQ/State/DisabledExternalLayer/Abilities/Spells/Items/AIim	4	45255	4	.blp:3, .mdx:1
Dota Mod Project/Build/DotaHQ/State/DisabledExternalLayer/Abilities/Spells/Items/AIlb	1	13794	1	.mdx:1
Dota Mod Project/Build/DotaHQ/State/DisabledExternalLayer/Abilities/Spells/Items/AIma	6	3174758	6	.blp:4, .mdx:1, .wav:1
Dota Mod Project/Build/DotaHQ/State/DisabledExternalLayer/Abilities/Spells/Items/AIob	1	6221	1	.mdx:1
Dota Mod Project/Build/DotaHQ/State/DisabledExternalLayer/Abilities/Spells/Items/AIre	3	461351	3	.mdx:1, .blp:1, .wav:1
Dota Mod Project/Build/DotaHQ/State/DisabledExternalLayer/Abilities/Spells/Items/AIso	2	221499	2	.blp:1, .wav:1
Dota Mod Project/Build/DotaHQ/State/DisabledExternalLayer/Abilities/Spells/Items/AIsp	3	735130	3	.blp:2, .mdx:1
Dota Mod Project/Build/DotaHQ/State/DisabledExternalLayer/Abilities/Spells/Items/HealingSalve	2	6434	2	.mdx:1, .blp:1
Dota Mod Project/Build/DotaHQ/State/DisabledExternalLayer/Abilities/Spells/Items/OrbCorruption	7	533858	7	.blp:3, .mdx:2, .wav:2
Dota Mod Project/Build/DotaHQ/State/DisabledExternalLayer/Abilities/Spells/Items/ResourceItems	2	199874	2	.wav:2
Dota Mod Project/Build/DotaHQ/State/DisabledExternalLayer/Abilities/Spells/Items/ScrollOfRejuvenation	3	1410590	3	.blp:2, .mdx:1
Dota Mod Project/Build/DotaHQ/State/DisabledExternalLayer/Abilities/Spells/Items/SpellShieldAmulet	1	42068	1	.wav:1
Dota Mod Project/Build/DotaHQ/State/DisabledExternalLayer/Abilities/Spells/Items/StaffOfPurification	7	194485	7	.blp:5, .mdx:2
Dota Mod Project/Build/DotaHQ/State/DisabledExternalLayer/Abilities/Spells/Items/TomeOfRetraining	9	3841104	9	.blp:8, .mdx:1
Dota Mod Project/Build/DotaHQ/State/DisabledExternalLayer/Abilities/Spells/Items/VampiricPotion	1	5192	1	.mdx:1
Dota Mod Project/Build/DotaHQ/State/DisabledExternalLayer/Abilities/Spells/Items/WandOfNeutralization	2	54395	2	.mdx:1, .wav:1
Dota Mod Project/Build/DotaHQ/State/DisabledExternalLayer/Abilities/Spells/NightElf	57	11542582	0	.wav:39, .mdx:11, .blp:7
Dota Mod Project/Build/DotaHQ/State/DisabledExternalLayer/Abilities/Spells/NightElf/Barkskin	2	120810	2	.mdx:1, .wav:1
Dota Mod Project/Build/DotaHQ/State/DisabledExternalLayer/Abilities/Spells/NightElf/BattleRoar	5	1185666	5	.blp:3, .wav:1, .mdx:1
Dota Mod Project/Build/DotaHQ/State/DisabledExternalLayer/Abilities/Spells/NightElf/Blink	6	545085	6	.mdx:3, .wav:2, .blp:1
Dota Mod Project/Build/DotaHQ/State/DisabledExternalLayer/Abilities/Spells/NightElf/CorrosiveBreath	3	433171	3	.wav:2, .mdx:1
Dota Mod Project/Build/DotaHQ/State/DisabledExternalLayer/Abilities/Spells/NightElf/Cyclone	3	1761924	3	.wav:3
Dota Mod Project/Build/DotaHQ/State/DisabledExternalLayer/Abilities/Spells/NightElf/EatTree	1	797984	1	.wav:1
Dota Mod Project/Build/DotaHQ/State/DisabledExternalLayer/Abilities/Spells/NightElf/EntangleMine	4	406232	4	.wav:4
Dota Mod Project/Build/DotaHQ/State/DisabledExternalLayer/Abilities/Spells/NightElf/EntanglingRoots	2	612964	2	.wav:2
Dota Mod Project/Build/DotaHQ/State/DisabledExternalLayer/Abilities/Spells/NightElf/FaerieDragonInvis	2	387436	2	.mdx:1, .wav:1
Dota Mod Project/Build/DotaHQ/State/DisabledExternalLayer/Abilities/Spells/NightElf/FaerieFire	1	765142	1	.wav:1
Dota Mod Project/Build/DotaHQ/State/DisabledExternalLayer/Abilities/Spells/NightElf/FanOfKnives	3	206156	3	.wav:3
Dota Mod Project/Build/DotaHQ/State/DisabledExternalLayer/Abilities/Spells/NightElf/HippogryphTaming	1	57956	1	.wav:1
Dota Mod Project/Build/DotaHQ/State/DisabledExternalLayer/Abilities/Spells/NightElf/Immolation	2	454652	2	.wav:2
Dota Mod Project/Build/DotaHQ/State/DisabledExternalLayer/Abilities/Spells/NightElf/ManaBurn	1	59900	1	.wav:1
Dota Mod Project/Build/DotaHQ/State/DisabledExternalLayer/Abilities/Spells/NightElf/Rejuvenation	1	530226	1	.wav:1
Dota Mod Project/Build/DotaHQ/State/DisabledExternalLayer/Abilities/Spells/NightElf/Renew	1	50880	1	.wav:1
Dota Mod Project/Build/DotaHQ/State/DisabledExternalLayer/Abilities/Spells/NightElf/ReviveNightElf	1	1564878	1	.wav:1
Dota Mod Project/Build/DotaHQ/State/DisabledExternalLayer/Abilities/Spells/NightElf/Root	1	93304	1	.wav:1
Dota Mod Project/Build/DotaHQ/State/DisabledExternalLayer/Abilities/Spells/NightElf/ShadowMeld	1	41650	1	.wav:1
Dota Mod Project/Build/DotaHQ/State/DisabledExternalLayer/Abilities/Spells/NightElf/Starfall	3	531236	3	.blp:1, .wav:1, .mdx:1
Dota Mod Project/Build/DotaHQ/State/DisabledExternalLayer/Abilities/Spells/NightElf/TargetArtLumber	3	127154	3	.blp:1, .mdx:1, .wav:1
Dota Mod Project/Build/DotaHQ/State/DisabledExternalLayer/Abilities/Spells/NightElf/Taunt	1	124282	1	.wav:1
Dota Mod Project/Build/DotaHQ/State/DisabledExternalLayer/Abilities/Spells/NightElf/Tranquility	3	406588	3	.wav:3
Dota Mod Project/Build/DotaHQ/State/DisabledExternalLayer/Abilities/Spells/NightElf/TrueshotAura	1	2690	1	.mdx:1
Dota Mod Project/Build/DotaHQ/State/DisabledExternalLayer/Abilities/Spells/NightElf/Uproot	1	133242	1	.wav:1
Dota Mod Project/Build/DotaHQ/State/DisabledExternalLayer/Abilities/Spells/NightElf/shadowstrike	4	141374	4	.wav:2, .blp:1, .mdx:1
Dota Mod Project/Build/DotaHQ/State/DisabledExternalLayer/Abilities/Spells/Orc	55	11482528	0	.wav:25, .mdx:17, .blp:13
Dota Mod Project/Build/DotaHQ/State/DisabledExternalLayer/Abilities/Spells/Orc/AncestralSpirit	1	539764	1	.wav:1
Dota Mod Project/Build/DotaHQ/State/DisabledExternalLayer/Abilities/Spells/Orc/BattleStations	1	133420	1	.wav:1
Dota Mod Project/Build/DotaHQ/State/DisabledExternalLayer/Abilities/Spells/Orc/Berserker	2	1011512	2	.wav:2
Dota Mod Project/Build/DotaHQ/State/DisabledExternalLayer/Abilities/Spells/Orc/Bloodlust	1	114042	1	.wav:1
Dota Mod Project/Build/DotaHQ/State/DisabledExternalLayer/Abilities/Spells/Orc/CommandAura	1	26784	1	.mdx:1
Dota Mod Project/Build/DotaHQ/State/DisabledExternalLayer/Abilities/Spells/Orc/Disenchant	1	90232	1	.wav:1
Dota Mod Project/Build/DotaHQ/State/DisabledExternalLayer/Abilities/Spells/Orc/EarthQuake	6	2145417	6	.mdx:4, .wav:2
Dota Mod Project/Build/DotaHQ/State/DisabledExternalLayer/Abilities/Spells/Orc/Ensnare	3	681207	3	.wav:2, .mdx:1
Dota Mod Project/Build/DotaHQ/State/DisabledExternalLayer/Abilities/Spells/Orc/EtherealForm	1	108666	1	.wav:1
Dota Mod Project/Build/DotaHQ/State/DisabledExternalLayer/Abilities/Spells/Orc/FeralSpirit	5	845641	5	.blp:3, .wav:1, .mdx:1
Dota Mod Project/Build/DotaHQ/State/DisabledExternalLayer/Abilities/Spells/Orc/HealingWave	1	98498	1	.wav:1
Dota Mod Project/Build/DotaHQ/State/DisabledExternalLayer/Abilities/Spells/Orc/LightningBolt	2	290120	2	.wav:1, .mdx:1
Dota Mod Project/Build/DotaHQ/State/DisabledExternalLayer/Abilities/Spells/Orc/LightningShield	4	1045780	4	.blp:2, .mdx:1, .wav:1
Dota Mod Project/Build/DotaHQ/State/DisabledExternalLayer/Abilities/Spells/Orc/LiquidFire	2	282239	2	.mdx:1, .wav:1
Dota Mod Project/Build/DotaHQ/State/DisabledExternalLayer/Abilities/Spells/Orc/MirrorImage	2	523728	2	.wav:2
Dota Mod Project/Build/DotaHQ/State/DisabledExternalLayer/Abilities/Spells/Orc/Purge	5	294362	5	.blp:3, .mdx:1, .wav:1
Dota Mod Project/Build/DotaHQ/State/DisabledExternalLayer/Abilities/Spells/Orc/Reincarnation	1	787368	1	.wav:1
Dota Mod Project/Build/DotaHQ/State/DisabledExternalLayer/Abilities/Spells/Orc/ReviveOrc	1	77258	1	.wav:1
Dota Mod Project/Build/DotaHQ/State/DisabledExternalLayer/Abilities/Spells/Orc/Shockwave	1	194402	1	.wav:1
Dota Mod Project/Build/DotaHQ/State/DisabledExternalLayer/Abilities/Spells/Orc/SpikeBarrier	2	690881	2	.blp:1, .mdx:1
Dota Mod Project/Build/DotaHQ/State/DisabledExternalLayer/Abilities/Spells/Orc/SpiritLink	7	483893	7	.blp:4, .mdx:2, .wav:1
Dota Mod Project/Build/DotaHQ/State/DisabledExternalLayer/Abilities/Spells/Orc/TrollBerserk	2	18588	2	.mdx:2
Dota Mod Project/Build/DotaHQ/State/DisabledExternalLayer/Abilities/Spells/Orc/Voodoo	1	421716	1	.wav:1
Dota Mod Project/Build/DotaHQ/State/DisabledExternalLayer/Abilities/Spells/Orc/WarStomp	1	1990	1	.mdx:1
Dota Mod Project/Build/DotaHQ/State/DisabledExternalLayer/Abilities/Spells/Orc/WindWalk	1	575020	1	.wav:1
Dota Mod Project/Build/DotaHQ/State/DisabledExternalLayer/Abilities/Spells/Other	73	15772558	0	.wav:36, .mdx:19, .blp:18
Dota Mod Project/Build/DotaHQ/State/DisabledExternalLayer/Abilities/Spells/Other/ANrl	4	367881	4	.blp:2, .mdx:1, .wav:1
Dota Mod Project/Build/DotaHQ/State/DisabledExternalLayer/Abilities/Spells/Other/ANsa	1	674398	1	.wav:1
Dota Mod Project/Build/DotaHQ/State/DisabledExternalLayer/Abilities/Spells/Other/Andt	1	968380	1	.wav:1
Dota Mod Project/Build/DotaHQ/State/DisabledExternalLayer/Abilities/Spells/Other/Aneu	1	291468	1	.wav:1
Dota Mod Project/Build/DotaHQ/State/DisabledExternalLayer/Abilities/Spells/Other/BlackArrow	2	85591	2	.mdx:1, .wav:1
Dota Mod Project/Build/DotaHQ/State/DisabledExternalLayer/Abilities/Spells/Other/BreathOfFire	3	441512	3	.mdx:2, .wav:1
Dota Mod Project/Build/DotaHQ/State/DisabledExternalLayer/Abilities/Spells/Other/BreathOfFrost	1	244972	1	.wav:1
Dota Mod Project/Build/DotaHQ/State/DisabledExternalLayer/Abilities/Spells/Other/Cleave	2	31415	2	.mdx:1, .blp:1
Dota Mod Project/Build/DotaHQ/State/DisabledExternalLayer/Abilities/Spells/Other/CreepSleep	1	130450	1	.wav:1
Dota Mod Project/Build/DotaHQ/State/DisabledExternalLayer/Abilities/Spells/Other/CrushingWave	2	875992	2	.wav:2
Dota Mod Project/Build/DotaHQ/State/DisabledExternalLayer/Abilities/Spells/Other/Doom	6	1742011	6	.blp:3, .mdx:2, .wav:1
Dota Mod Project/Build/DotaHQ/State/DisabledExternalLayer/Abilities/Spells/Other/Drain	5	1909183	5	.wav:3, .mdx:1, .blp:1
Dota Mod Project/Build/DotaHQ/State/DisabledExternalLayer/Abilities/Spells/Other/ForkedLightning	1	3408	1	.mdx:1
Dota Mod Project/Build/DotaHQ/State/DisabledExternalLayer/Abilities/Spells/Other/FrostArrows	3	459778	3	.wav:2, .mdx:1
Dota Mod Project/Build/DotaHQ/State/DisabledExternalLayer/Abilities/Spells/Other/FrostBolt	2	270550	2	.wav:2
Dota Mod Project/Build/DotaHQ/State/DisabledExternalLayer/Abilities/Spells/Other/HowlOfTerror	2	806965	2	.wav:1, .mdx:1
Dota Mod Project/Build/DotaHQ/State/DisabledExternalLayer/Abilities/Spells/Other/Incinerate	1	14091	1	.mdx:1
Dota Mod Project/Build/DotaHQ/State/DisabledExternalLayer/Abilities/Spells/Other/Levelup	4	357455	4	.blp:2, .mdx:1, .wav:1
Dota Mod Project/Build/DotaHQ/State/DisabledExternalLayer/Abilities/Spells/Other/LoadUnload	1	32786	1	.wav:1
Dota Mod Project/Build/DotaHQ/State/DisabledExternalLayer/Abilities/Spells/Other/Monsoon	3	1671350	3	.wav:2, .mdx:1
Dota Mod Project/Build/DotaHQ/State/DisabledExternalLayer/Abilities/Spells/Other/Parasite	1	147432	1	.wav:1
Dota Mod Project/Build/DotaHQ/State/DisabledExternalLayer/Abilities/Spells/Other/Repair	3	639536	3	.wav:3
Dota Mod Project/Build/DotaHQ/State/DisabledExternalLayer/Abilities/Spells/Other/Silence	6	306251	6	.blp:3, .mdx:2, .wav:1
Dota Mod Project/Build/DotaHQ/State/DisabledExternalLayer/Abilities/Spells/Other/SoulBurn	1	2493	1	.blp:1
Dota Mod Project/Build/DotaHQ/State/DisabledExternalLayer/Abilities/Spells/Other/Stampede	4	282741	4	.wav:3, .mdx:1
Dota Mod Project/Build/DotaHQ/State/DisabledExternalLayer/Abilities/Spells/Other/StormEarthFire	1	565846	1	.wav:1
Dota Mod Project/Build/DotaHQ/State/DisabledExternalLayer/Abilities/Spells/Other/StrongDrink	2	1021048	2	.wav:2
Dota Mod Project/Build/DotaHQ/State/DisabledExternalLayer/Abilities/Spells/Other/Submerge	1	383328	1	.wav:1
Dota Mod Project/Build/DotaHQ/State/DisabledExternalLayer/Abilities/Spells/Other/TinkerRocket	2	42672	2	.mdx:1, .blp:1
Dota Mod Project/Build/DotaHQ/State/DisabledExternalLayer/Abilities/Spells/Other/Tornado	1	962746	1	.wav:1
Dota Mod Project/Build/DotaHQ/State/DisabledExternalLayer/Abilities/Spells/Other/Transmute	3	27292	3	.blp:3
Dota Mod Project/Build/DotaHQ/State/DisabledExternalLayer/Abilities/Spells/Other/Volcano	2	11537	2	.blp:1, .mdx:1
Dota Mod Project/Build/DotaHQ/State/DisabledExternalLayer/Abilities/Spells/Undead	83	13374075	0	.wav:39, .mdx:25, .blp:17, .mdl:2
Dota Mod Project/Build/DotaHQ/State/DisabledExternalLayer/Abilities/Spells/Undead/AbsorbMana	1	44024	1	.wav:1
Dota Mod Project/Build/DotaHQ/State/DisabledExternalLayer/Abilities/Spells/Undead/AnimateDead	5	124842	5	.blp:3, .mdx:2
Dota Mod Project/Build/DotaHQ/State/DisabledExternalLayer/Abilities/Spells/Undead/AntiMagicShell	1	57432	1	.wav:1
Dota Mod Project/Build/DotaHQ/State/DisabledExternalLayer/Abilities/Spells/Undead/Burrow	1	86136	1	.wav:1
Dota Mod Project/Build/DotaHQ/State/DisabledExternalLayer/Abilities/Spells/Undead/CarrionSwarm	5	973291	5	.wav:4, .mdx:1
Dota Mod Project/Build/DotaHQ/State/DisabledExternalLayer/Abilities/Spells/Undead/Cripple	4	1445297	4	.blp:2, .mdx:1, .wav:1
Dota Mod Project/Build/DotaHQ/State/DisabledExternalLayer/Abilities/Spells/Undead/Curse	1	45660	1	.wav:1
Dota Mod Project/Build/DotaHQ/State/DisabledExternalLayer/Abilities/Spells/Undead/DarkRitual	2	146028	2	.mdx:1, .wav:1
Dota Mod Project/Build/DotaHQ/State/DisabledExternalLayer/Abilities/Spells/Undead/DarkSummoning	3	269376	3	.wav:2, .mdx:1
Dota Mod Project/Build/DotaHQ/State/DisabledExternalLayer/Abilities/Spells/Undead/DeathCoil	3	502337	3	.wav:2, .mdx:1
Dota Mod Project/Build/DotaHQ/State/DisabledExternalLayer/Abilities/Spells/Undead/DeathPact	1	16351	1	.mdx:1
Dota Mod Project/Build/DotaHQ/State/DisabledExternalLayer/Abilities/Spells/Undead/DeathandDecay	4	341556	4	.wav:4
Dota Mod Project/Build/DotaHQ/State/DisabledExternalLayer/Abilities/Spells/Undead/DevourMagic	1	54136	1	.wav:1
Dota Mod Project/Build/DotaHQ/State/DisabledExternalLayer/Abilities/Spells/Undead/FreezingBreath	2	241574	2	.wav:1, .mdx:1
Dota Mod Project/Build/DotaHQ/State/DisabledExternalLayer/Abilities/Spells/Undead/FrostArmor	2	130946	2	.mdx:1, .wav:1
Dota Mod Project/Build/DotaHQ/State/DisabledExternalLayer/Abilities/Spells/Undead/FrostNova	2	204346	2	.mdx:1, .wav:1
Dota Mod Project/Build/DotaHQ/State/DisabledExternalLayer/Abilities/Spells/Undead/Graveyard	2	109666	2	.wav:2
Dota Mod Project/Build/DotaHQ/State/DisabledExternalLayer/Abilities/Spells/Undead/Impale	8	790141	8	.wav:3, .mdl:2, .mdx:2, .blp:1
Dota Mod Project/Build/DotaHQ/State/DisabledExternalLayer/Abilities/Spells/Undead/LocustSwarm	1	83706	1	.wav:1
Dota Mod Project/Build/DotaHQ/State/DisabledExternalLayer/Abilities/Spells/Undead/OrbOfDeath	5	2152767	5	.blp:4, .mdx:1
Dota Mod Project/Build/DotaHQ/State/DisabledExternalLayer/Abilities/Spells/Undead/PlagueCloud	1	2417	1	.mdx:1
Dota Mod Project/Build/DotaHQ/State/DisabledExternalLayer/Abilities/Spells/Undead/Possession	4	341892	4	.mdx:4
Dota Mod Project/Build/DotaHQ/State/DisabledExternalLayer/Abilities/Spells/Undead/RaiseSkeletonWarrior	1	545498	1	.wav:1
Dota Mod Project/Build/DotaHQ/State/DisabledExternalLayer/Abilities/Spells/Undead/RegenerationAura	4	82494	4	.blp:3, .mdx:1
Dota Mod Project/Build/DotaHQ/State/DisabledExternalLayer/Abilities/Spells/Undead/ReplenishMana	5	140371	5	.blp:3, .mdx:1, .wav:1
Dota Mod Project/Build/DotaHQ/State/DisabledExternalLayer/Abilities/Spells/Undead/Restore	1	56386	1	.wav:1
Dota Mod Project/Build/DotaHQ/State/DisabledExternalLayer/Abilities/Spells/Undead/ReviveUndead	1	1564878	1	.wav:1
Dota Mod Project/Build/DotaHQ/State/DisabledExternalLayer/Abilities/Spells/Undead/Sleep	3	1443746	3	.mdx:2, .wav:1
Dota Mod Project/Build/DotaHQ/State/DisabledExternalLayer/Abilities/Spells/Undead/UndeadMine	2	270452	2	.wav:2
Dota Mod Project/Build/DotaHQ/State/DisabledExternalLayer/Abilities/Spells/Undead/UnholyFrenzy	1	132476	1	.wav:1
Dota Mod Project/Build/DotaHQ/State/DisabledExternalLayer/Abilities/Spells/Undead/Unsummon	1	54850	1	.wav:1
Dota Mod Project/Build/DotaHQ/State/DisabledExternalLayer/Abilities/Spells/Undead/VampiricAura	1	3017	1	.mdx:1
Dota Mod Project/Build/DotaHQ/State/DisabledExternalLayer/Abilities/Spells/Undead/Web	4	915986	4	.wav:2, .blp:1, .mdx:1
Dota Mod Project/Build/DotaHQ/State/DisabledExternalLayer/Abilities/Weapons	182	21929708	0	.wav:94, .mdx:53, .blp:35
Dota Mod Project/Build/DotaHQ/State/DisabledExternalLayer/Abilities/Weapons/AncestralGuardianMissile	2	309214	2	.wav:2
Dota Mod Project/Build/DotaHQ/State/DisabledExternalLayer/Abilities/Weapons/AncientProtectorMissile	6	929230	6	.wav:6
Dota Mod Project/Build/DotaHQ/State/DisabledExternalLayer/Abilities/Weapons/Arrow	3	83210	3	.wav:2, .mdx:1
Dota Mod Project/Build/DotaHQ/State/DisabledExternalLayer/Abilities/Weapons/AvengerMissile	1	87886	1	.wav:1
Dota Mod Project/Build/DotaHQ/State/DisabledExternalLayer/Abilities/Weapons/Axe	1	12199	1	.mdx:1
Dota Mod Project/Build/DotaHQ/State/DisabledExternalLayer/Abilities/Weapons/BallistaMissile	2	163985	2	.mdx:1, .blp:1
Dota Mod Project/Build/DotaHQ/State/DisabledExternalLayer/Abilities/Weapons/BansheeMissile	1	34730	1	.mdx:1
Dota Mod Project/Build/DotaHQ/State/DisabledExternalLayer/Abilities/Weapons/BatTrollMissile	4	218350	4	.wav:3, .mdx:1
Dota Mod Project/Build/DotaHQ/State/DisabledExternalLayer/Abilities/Weapons/BloodElfMissile	5	291762	5	.blp:3, .mdx:1, .wav:1
Dota Mod Project/Build/DotaHQ/State/DisabledExternalLayer/Abilities/Weapons/BloodElfSpellThiefMISSILE	2	33723	2	.mdx:2
Dota Mod Project/Build/DotaHQ/State/DisabledExternalLayer/Abilities/Weapons/BoatMissile	3	310351	3	.wav:2, .mdx:1
Dota Mod Project/Build/DotaHQ/State/DisabledExternalLayer/Abilities/Weapons/CannonTowerMissile	7	2439621	7	.wav:6, .mdx:1
Dota Mod Project/Build/DotaHQ/State/DisabledExternalLayer/Abilities/Weapons/ChimaeraAcidMissile	7	525370	7	.wav:6, .mdx:1
Dota Mod Project/Build/DotaHQ/State/DisabledExternalLayer/Abilities/Weapons/ColdArrow	3	868836	3	.wav:3
Dota Mod Project/Build/DotaHQ/State/DisabledExternalLayer/Abilities/Weapons/CryptFiendMissile	4	284322	4	.wav:3, .mdx:1
Dota Mod Project/Build/DotaHQ/State/DisabledExternalLayer/Abilities/Weapons/DemolisherFireMissile	1	396	1	.mdx:1
Dota Mod Project/Build/DotaHQ/State/DisabledExternalLayer/Abilities/Weapons/DemonHunterMissile	1	6910	1	.mdx:1
Dota Mod Project/Build/DotaHQ/State/DisabledExternalLayer/Abilities/Weapons/DragonHawkMissile	1	2282	1	.mdx:1
Dota Mod Project/Build/DotaHQ/State/DisabledExternalLayer/Abilities/Weapons/DruidoftheTalonMissile	6	157485	6	.wav:5, .mdx:1
Dota Mod Project/Build/DotaHQ/State/DisabledExternalLayer/Abilities/Weapons/Dryadmissile	1	16729	1	.mdx:1
Dota Mod Project/Build/DotaHQ/State/DisabledExternalLayer/Abilities/Weapons/FaerieDragonMissile	2	72844	2	.wav:1, .mdx:1
Dota Mod Project/Build/DotaHQ/State/DisabledExternalLayer/Abilities/Weapons/FarseerMissile	1	47410	1	.wav:1
Dota Mod Project/Build/DotaHQ/State/DisabledExternalLayer/Abilities/Weapons/FireBallMissile	3	237983	3	.wav:2, .mdx:1
Dota Mod Project/Build/DotaHQ/State/DisabledExternalLayer/Abilities/Weapons/FlamingArrow	6	659758	6	.wav:3, .blp:2, .mdx:1
Dota Mod Project/Build/DotaHQ/State/DisabledExternalLayer/Abilities/Weapons/FlyingMachine	1	22188	1	.mdx:1
Dota Mod Project/Build/DotaHQ/State/DisabledExternalLayer/Abilities/Weapons/GargoyleMissile	6	573634	6	.wav:6
Dota Mod Project/Build/DotaHQ/State/DisabledExternalLayer/Abilities/Weapons/GlaiveMissile	1	23845	1	.mdx:1
Dota Mod Project/Build/DotaHQ/State/DisabledExternalLayer/Abilities/Weapons/GryphonRiderMissile	4	696993	4	.wav:3, .mdx:1
Dota Mod Project/Build/DotaHQ/State/DisabledExternalLayer/Abilities/Weapons/IllidanMissile	1	6155	1	.mdx:1
Dota Mod Project/Build/DotaHQ/State/DisabledExternalLayer/Abilities/Weapons/KeeperGroveMissile	1	8610	1	.mdx:1
Dota Mod Project/Build/DotaHQ/State/DisabledExternalLayer/Abilities/Weapons/LavaSpawnMissile	5	2114128	5	.blp:4, .mdx:1
Dota Mod Project/Build/DotaHQ/State/DisabledExternalLayer/Abilities/Weapons/LichMissile	1	8310	1	.mdx:1
Dota Mod Project/Build/DotaHQ/State/DisabledExternalLayer/Abilities/Weapons/Mortar	2	297721	2	.wav:1, .mdx:1
Dota Mod Project/Build/DotaHQ/State/DisabledExternalLayer/Abilities/Weapons/NagaArrowMissile	1	16570	1	.mdx:1
Dota Mod Project/Build/DotaHQ/State/DisabledExternalLayer/Abilities/Weapons/NecromancerMissile	6	150459	6	.wav:5, .mdx:1
Dota Mod Project/Build/DotaHQ/State/DisabledExternalLayer/Abilities/Weapons/PhoenixMissile	2	429403	2	.wav:1, .mdx:1
Dota Mod Project/Build/DotaHQ/State/DisabledExternalLayer/Abilities/Weapons/PriestMissile	2	702603	2	.mdx:1, .blp:1
Dota Mod Project/Build/DotaHQ/State/DisabledExternalLayer/Abilities/Weapons/RangerMissile	3	112268	3	.wav:3
Dota Mod Project/Build/DotaHQ/State/DisabledExternalLayer/Abilities/Weapons/RedDragonBreath	1	3408	1	.mdx:1
Dota Mod Project/Build/DotaHQ/State/DisabledExternalLayer/Abilities/Weapons/RexxarMissile	6	496016	6	.blp:4, .mdx:2
Dota Mod Project/Build/DotaHQ/State/DisabledExternalLayer/Abilities/Weapons/Rifle	1	4026	1	.mdx:1
Dota Mod Project/Build/DotaHQ/State/DisabledExternalLayer/Abilities/Weapons/RocketMissile	1	26749	1	.mdx:1
Dota Mod Project/Build/DotaHQ/State/DisabledExternalLayer/Abilities/Weapons/RubickMissile	1	48936	1	.mdx:1
Dota Mod Project/Build/DotaHQ/State/DisabledExternalLayer/Abilities/Weapons/SeaElementalMissile	1	3501	1	.mdx:1
Dota Mod Project/Build/DotaHQ/State/DisabledExternalLayer/Abilities/Weapons/SearingArrow	7	874933	7	.wav:6, .mdx:1
Dota Mod Project/Build/DotaHQ/State/DisabledExternalLayer/Abilities/Weapons/SentinelMissile	2	110798	2	.wav:1, .mdx:1
Dota Mod Project/Build/DotaHQ/State/DisabledExternalLayer/Abilities/Weapons/ShadowHunterMissile	3	119774	3	.wav:2, .mdx:1
Dota Mod Project/Build/DotaHQ/State/DisabledExternalLayer/Abilities/Weapons/SpiritOfVengeanceMissile	5	2136933	5	.blp:4, .mdx:1
Dota Mod Project/Build/DotaHQ/State/DisabledExternalLayer/Abilities/Weapons/SteamTank	1	22234	1	.mdx:1
Dota Mod Project/Build/DotaHQ/State/DisabledExternalLayer/Abilities/Weapons/VengeanceMissile	1	7798	1	.mdx:1
Dota Mod Project/Build/DotaHQ/State/DisabledExternalLayer/Abilities/Weapons/WardenMissile	10	263030	10	.blp:8, .mdx:2
Dota Mod Project/Build/DotaHQ/State/DisabledExternalLayer/Abilities/Weapons/WaterElementalMissile	3	690018	3	.wav:3
Dota Mod Project/Build/DotaHQ/State/DisabledExternalLayer/Abilities/Weapons/WingedSerpentMissile	1	4735	1	.mdx:1
Dota Mod Project/Build/DotaHQ/State/DisabledExternalLayer/Abilities/Weapons/WitchDoctorMissile	5	168837	5	.wav:4, .mdx:1
Dota Mod Project/Build/DotaHQ/State/DisabledExternalLayer/Abilities/Weapons/WyvernSpear	7	515650	7	.blp:4, .wav:2, .mdx:1
Dota Mod Project/Build/DotaHQ/State/DisabledExternalLayer/Abilities/Weapons/ZigguratFrostMissile	5	2286095	5	.blp:4, .mdx:1
Dota Mod Project/Build/DotaHQ/State/DisabledExternalLayer/Abilities/Weapons/ZigguratMissile	7	907634	7	.wav:6, .mdx:1
Dota Mod Project/Build/DotaHQ/State/DisabledExternalLayer/Abilities/Weapons/huntermissile	4	228274	4	.wav:3, .mdx:1
Dota Mod Project/Build/DotaHQ/State/DisabledExternalLayer/Abilities/Weapons/snapMissile	1	52856	1	.wav:1
Dota Mod Project/Build/DotaHQ/State/DisabledExternalLayer/BG	1	56879	1	.blp:1
Dota Mod Project/Build/DotaHQ/State/DisabledExternalLayer/Buildings	129	33777427	0	.mdx:51, .blp:48, .wav:30
Dota Mod Project/Build/DotaHQ/State/DisabledExternalLayer/Buildings/Custom	13	2427489	0	.blp:10, .mdx:3
Dota Mod Project/Build/DotaHQ/State/DisabledExternalLayer/Buildings/Custom/BadAncient	1	357539	1	.mdx:1
Dota Mod Project/Build/DotaHQ/State/DisabledExternalLayer/Buildings/Custom/BadTower	4	1037650	4	.blp:3, .mdx:1
Dota Mod Project/Build/DotaHQ/State/DisabledExternalLayer/Buildings/Custom/GoodAncient	8	1032300	8	.blp:7, .mdx:1
Dota Mod Project/Build/DotaHQ/State/DisabledExternalLayer/Buildings/Human	2	286914	0	.wav:2
Dota Mod Project/Build/DotaHQ/State/DisabledExternalLayer/Buildings/Human/ArcaneVault	1	139306	1	.wav:1
Dota Mod Project/Build/DotaHQ/State/DisabledExternalLayer/Buildings/Human/HumanTower	1	147608	1	.wav:1
Dota Mod Project/Build/DotaHQ/State/DisabledExternalLayer/Buildings/Naga	6	947604	0	.wav:6
Dota Mod Project/Build/DotaHQ/State/DisabledExternalLayer/Buildings/Naga/AltarOfDepths	1	160902	1	.wav:1
Dota Mod Project/Build/DotaHQ/State/DisabledExternalLayer/Buildings/Naga/CoralBed	1	155810	1	.wav:1
Dota Mod Project/Build/DotaHQ/State/DisabledExternalLayer/Buildings/Naga/ShrineOfAshjara	1	155270	1	.wav:1
Dota Mod Project/Build/DotaHQ/State/DisabledExternalLayer/Buildings/Naga/SpawningGrounds	1	155810	1	.wav:1
Dota Mod Project/Build/DotaHQ/State/DisabledExternalLayer/Buildings/Naga/TempleofTides	1	153762	1	.wav:1
Dota Mod Project/Build/DotaHQ/State/DisabledExternalLayer/Buildings/Naga/TidalGuardian	1	166050	1	.wav:1
Dota Mod Project/Build/DotaHQ/State/DisabledExternalLayer/Buildings/NightElf	36	10733198	0	.mdx:15, .wav:12, .blp:9
Dota Mod Project/Build/DotaHQ/State/DisabledExternalLayer/Buildings/NightElf/AncientOfLore	3	710182	3	.mdx:2, .blp:1
Dota Mod Project/Build/DotaHQ/State/DisabledExternalLayer/Buildings/NightElf/AncientOfWar	3	666551	3	.mdx:2, .blp:1
Dota Mod Project/Build/DotaHQ/State/DisabledExternalLayer/Buildings/NightElf/AncientOfWind	2	166176	2	.mdx:2
Dota Mod Project/Build/DotaHQ/State/DisabledExternalLayer/Buildings/NightElf/AncientOfWonder	11	2488238	11	.wav:9, .mdx:2
Dota Mod Project/Build/DotaHQ/State/DisabledExternalLayer/Buildings/NightElf/AncientProtector	11	5837846	11	.mdx:4, .blp:4, .wav:3
Dota Mod Project/Build/DotaHQ/State/DisabledExternalLayer/Buildings/NightElf/HuntersHall	3	542610	3	.mdx:2, .blp:1
Dota Mod Project/Build/DotaHQ/State/DisabledExternalLayer/Buildings/NightElf/MoonWell	3	321595	3	.blp:2, .mdx:1
Dota Mod Project/Build/DotaHQ/State/DisabledExternalLayer/Buildings/Orc	2	311564	0	.wav:2
Dota Mod Project/Build/DotaHQ/State/DisabledExternalLayer/Buildings/Orc/TrollBurrow	1	154772	1	.wav:1
Dota Mod Project/Build/DotaHQ/State/DisabledExternalLayer/Buildings/Orc/VoodooLounge	1	156792	1	.wav:1
Dota Mod Project/Build/DotaHQ/State/DisabledExternalLayer/Buildings/Other	52	13058505	0	.blp:25, .mdx:21, .wav:6
Dota Mod Project/Build/DotaHQ/State/DisabledExternalLayer/Buildings/Other/AmmoDump	3	1133446	3	.mdx:2, .blp:1
Dota Mod Project/Build/DotaHQ/State/DisabledExternalLayer/Buildings/Other/ArcaneObservatory	1	135288	1	.wav:1
Dota Mod Project/Build/DotaHQ/State/DisabledExternalLayer/Buildings/Other/BookOfSummoning	1	91915	1	.mdx:1
Dota Mod Project/Build/DotaHQ/State/DisabledExternalLayer/Buildings/Other/ChieftainHut	1	133242	1	.wav:1
Dota Mod Project/Build/DotaHQ/State/DisabledExternalLayer/Buildings/Other/DraneiHut0	1	137336	1	.wav:1
Dota Mod Project/Build/DotaHQ/State/DisabledExternalLayer/Buildings/Other/FountainOfLife	15	2719004	15	.blp:8, .mdx:7
Dota Mod Project/Build/DotaHQ/State/DisabledExternalLayer/Buildings/Other/FountainOfLifeDefiled	12	2365645	12	.blp:9, .mdx:3
Dota Mod Project/Build/DotaHQ/State/DisabledExternalLayer/Buildings/Other/FountainOfLife_	1	544416	1	.mdx:1
Dota Mod Project/Build/DotaHQ/State/DisabledExternalLayer/Buildings/Other/GoblinShipyard	1	180266	1	.wav:1
Dota Mod Project/Build/DotaHQ/State/DisabledExternalLayer/Buildings/Other/MageTower	4	1855556	4	.mdx:3, .blp:1
Dota Mod Project/Build/DotaHQ/State/DisabledExternalLayer/Buildings/Other/MarketPlace	1	112760	1	.wav:1
Dota Mod Project/Build/DotaHQ/State/DisabledExternalLayer/Buildings/Other/Merchant	6	3216414	6	.blp:4, .mdx:2
Dota Mod Project/Build/DotaHQ/State/DisabledExternalLayer/Buildings/Other/PowerGenerator	4	257301	4	.blp:2, .mdx:2
Dota Mod Project/Build/DotaHQ/State/DisabledExternalLayer/Buildings/Other/Tavern	1	175916	1	.wav:1
Dota Mod Project/Build/DotaHQ/State/DisabledExternalLayer/Buildings/Undead	18	6012153	0	.mdx:12, .blp:4, .wav:2
Dota Mod Project/Build/DotaHQ/State/DisabledExternalLayer/Buildings/Undead/Boneyard	3	1185024	3	.mdx:2, .blp:1
Dota Mod Project/Build/DotaHQ/State/DisabledExternalLayer/Buildings/Undead/Crypt	3	932484	3	.mdx:2, .blp:1
Dota Mod Project/Build/DotaHQ/State/DisabledExternalLayer/Buildings/Undead/SacrificialPit	2	1138494	2	.mdx:2
Dota Mod Project/Build/DotaHQ/State/DisabledExternalLayer/Buildings/Undead/TempleOfTheDamned	3	875585	3	.mdx:2, .blp:1
Dota Mod Project/Build/DotaHQ/State/DisabledExternalLayer/Buildings/Undead/TombOfRelics	3	508728	3	.mdx:2, .wav:1
Dota Mod Project/Build/DotaHQ/State/DisabledExternalLayer/Buildings/Undead/Ziggurat	4	1371838	4	.mdx:2, .wav:1, .blp:1
Dota Mod Project/Build/DotaHQ/State/DisabledExternalLayer/Doodads	269	55030684	4	.mdx:157, .blp:111, .wav:1
Dota Mod Project/Build/DotaHQ/State/DisabledExternalLayer/Doodads/Ashenvale	54	18282792	0	.mdx:33, .blp:21
Dota Mod Project/Build/DotaHQ/State/DisabledExternalLayer/Doodads/Ashenvale/Plants	8	703440	0	.mdx:7, .blp:1
Dota Mod Project/Build/DotaHQ/State/DisabledExternalLayer/Doodads/Ashenvale/Plants/AshenCanopyTree	3	508254	3	.mdx:3
Dota Mod Project/Build/DotaHQ/State/DisabledExternalLayer/Doodads/Ashenvale/Plants/AshenShrooms	5	195186	5	.mdx:4, .blp:1
Dota Mod Project/Build/DotaHQ/State/DisabledExternalLayer/Doodads/Ashenvale/Props	25	5553554	0	.blp:13, .mdx:12
Dota Mod Project/Build/DotaHQ/State/DisabledExternalLayer/Doodads/Ashenvale/Props/AshenHollowStump	1	51409	1	.mdx:1
Dota Mod Project/Build/DotaHQ/State/DisabledExternalLayer/Doodads/Ashenvale/Props/AshenObilisk	2	662504	2	.mdx:1, .blp:1
Dota Mod Project/Build/DotaHQ/State/DisabledExternalLayer/Doodads/Ashenvale/Props/Brazier	7	1278807	7	.blp:6, .mdx:1
Dota Mod Project/Build/DotaHQ/State/DisabledExternalLayer/Doodads/Ashenvale/Props/KeeperStatue	1	742537	1	.mdx:1
Dota Mod Project/Build/DotaHQ/State/DisabledExternalLayer/Doodads/Ashenvale/Props/Obelisk	2	882789	2	.blp:1, .mdx:1
Dota Mod Project/Build/DotaHQ/State/DisabledExternalLayer/Doodads/Ashenvale/Props/ScorchedRemains	3	391317	3	.mdx:3
Dota Mod Project/Build/DotaHQ/State/DisabledExternalLayer/Doodads/Ashenvale/Props/SentinelStatue	1	351335	1	.mdx:1
Dota Mod Project/Build/DotaHQ/State/DisabledExternalLayer/Doodads/Ashenvale/Props/Totem	8	1192856	8	.blp:5, .mdx:3
Dota Mod Project/Build/DotaHQ/State/DisabledExternalLayer/Doodads/Ashenvale/Rocks	16	10591651	0	.mdx:11, .blp:5
Dota Mod Project/Build/DotaHQ/State/DisabledExternalLayer/Doodads/Ashenvale/Rocks/AshenRock	16	10591651	16	.mdx:11, .blp:5
Dota Mod Project/Build/DotaHQ/State/DisabledExternalLayer/Doodads/Ashenvale/Structures	5	1434147	0	.mdx:3, .blp:2
Dota Mod Project/Build/DotaHQ/State/DisabledExternalLayer/Doodads/Ashenvale/Structures/AshenBrokenColumn	4	1386230	4	.mdx:2, .blp:2
Dota Mod Project/Build/DotaHQ/State/DisabledExternalLayer/Doodads/Ashenvale/Structures/AshenRuinsBlocks	1	47917	1	.mdx:1
Dota Mod Project/Build/DotaHQ/State/DisabledExternalLayer/Doodads/Barrens	3	189184	0	.mdx:2, .blp:1
Dota Mod Project/Build/DotaHQ/State/DisabledExternalLayer/Doodads/Barrens/Rocks	3	189184	0	.mdx:2, .blp:1
Dota Mod Project/Build/DotaHQ/State/DisabledExternalLayer/Doodads/Barrens/Rocks/BarrensFissure	3	189184	3	.mdx:2, .blp:1
Dota Mod Project/Build/DotaHQ/State/DisabledExternalLayer/Doodads/BlackCitadel	9	784409	0	.blp:8, .mdx:1
Dota Mod Project/Build/DotaHQ/State/DisabledExternalLayer/Doodads/BlackCitadel/Props	9	784409	0	.blp:8, .mdx:1
Dota Mod Project/Build/DotaHQ/State/DisabledExternalLayer/Doodads/BlackCitadel/Props/RuneArt	9	784409	9	.blp:8, .mdx:1
Dota Mod Project/Build/DotaHQ/State/DisabledExternalLayer/Doodads/Cinematic	5	4251827	0	.blp:4, .mdx:1
Dota Mod Project/Build/DotaHQ/State/DisabledExternalLayer/Doodads/Cinematic/LichKing	5	4251827	5	.blp:4, .mdx:1
Dota Mod Project/Build/DotaHQ/State/DisabledExternalLayer/Doodads/Felwood	26	1707289	0	.mdx:21, .blp:5
Dota Mod Project/Build/DotaHQ/State/DisabledExternalLayer/Doodads/Felwood/Plants	8	235033	0	.mdx:6, .blp:2
Dota Mod Project/Build/DotaHQ/State/DisabledExternalLayer/Doodads/Felwood/Plants/FelwoodCatTail	3	28493	3	.blp:2, .mdx:1
Dota Mod Project/Build/DotaHQ/State/DisabledExternalLayer/Doodads/Felwood/Plants/FelwoodLillyPad	1	38284	1	.mdx:1
Dota Mod Project/Build/DotaHQ/State/DisabledExternalLayer/Doodads/Felwood/Plants/FelwoodShrooms	4	168256	4	.mdx:4
Dota Mod Project/Build/DotaHQ/State/DisabledExternalLayer/Doodads/Felwood/Props	2	462863	0	.mdx:2
Dota Mod Project/Build/DotaHQ/State/DisabledExternalLayer/Doodads/Felwood/Props/FelwoodHollowStump	1	51409	1	.mdx:1
Dota Mod Project/Build/DotaHQ/State/DisabledExternalLayer/Doodads/Felwood/Props/FelwoodObilisk	1	411454	1	.mdx:1
Dota Mod Project/Build/DotaHQ/State/DisabledExternalLayer/Doodads/Felwood/Rocks	13	706618	0	.mdx:10, .blp:3
Dota Mod Project/Build/DotaHQ/State/DisabledExternalLayer/Doodads/Felwood/Rocks/FelwoodRock	13	706618	13	.mdx:10, .blp:3
Dota Mod Project/Build/DotaHQ/State/DisabledExternalLayer/Doodads/Felwood/Structures	3	302775	0	.mdx:3
Dota Mod Project/Build/DotaHQ/State/DisabledExternalLayer/Doodads/Felwood/Structures/FelwoodBrokenColumn	2	254858	2	.mdx:2
Dota Mod Project/Build/DotaHQ/State/DisabledExternalLayer/Doodads/Felwood/Structures/FelwoodRuinsBlocks	1	47917	1	.mdx:1
Dota Mod Project/Build/DotaHQ/State/DisabledExternalLayer/Doodads/Icecrown	2	219410	0	.mdx:1, .blp:1
Dota Mod Project/Build/DotaHQ/State/DisabledExternalLayer/Doodads/Icecrown/Props	2	219410	0	.mdx:1, .blp:1
Dota Mod Project/Build/DotaHQ/State/DisabledExternalLayer/Doodads/Icecrown/Props/IceTorch	2	219410	2	.mdx:1, .blp:1
Dota Mod Project/Build/DotaHQ/State/DisabledExternalLayer/Doodads/LordaeronSummer	33	7024787	0	.mdx:22, .blp:11
Dota Mod Project/Build/DotaHQ/State/DisabledExternalLayer/Doodads/LordaeronSummer/Props	33	7024787	0	.mdx:22, .blp:11
Dota Mod Project/Build/DotaHQ/State/DisabledExternalLayer/Doodads/LordaeronSummer/Props/Brazier	1	55904	1	.mdx:1
Dota Mod Project/Build/DotaHQ/State/DisabledExternalLayer/Doodads/LordaeronSummer/Props/CauldronWithHeads	6	1777564	6	.blp:5, .mdx:1
Dota Mod Project/Build/DotaHQ/State/DisabledExternalLayer/Doodads/LordaeronSummer/Props/HeadOnSpear	4	385268	4	.mdx:3, .blp:1
Dota Mod Project/Build/DotaHQ/State/DisabledExternalLayer/Doodads/LordaeronSummer/Props/ImpaledBody	2	111862	2	.mdx:2
Dota Mod Project/Build/DotaHQ/State/DisabledExternalLayer/Doodads/LordaeronSummer/Props/LanternPost	4	498519	4	.blp:3, .mdx:1
Dota Mod Project/Build/DotaHQ/State/DisabledExternalLayer/Doodads/LordaeronSummer/Props/PeasantGrave	4	273252	4	.mdx:3, .blp:1
Dota Mod Project/Build/DotaHQ/State/DisabledExternalLayer/Doodads/LordaeronSummer/Props/SittingCorpse	1	271553	1	.mdx:1
Dota Mod Project/Build/DotaHQ/State/DisabledExternalLayer/Doodads/LordaeronSummer/Props/SkullPile	4	1093744	4	.mdx:3, .blp:1
Dota Mod Project/Build/DotaHQ/State/DisabledExternalLayer/Doodads/LordaeronSummer/Props/SkullonStick	4	2314011	4	.mdx:4
Dota Mod Project/Build/DotaHQ/State/DisabledExternalLayer/Doodads/LordaeronSummer/Props/TorchHuman	1	93617	1	.mdx:1
Dota Mod Project/Build/DotaHQ/State/DisabledExternalLayer/Doodads/LordaeronSummer/Props/TorchHumanOmni	1	93617	1	.mdx:1
Dota Mod Project/Build/DotaHQ/State/DisabledExternalLayer/Doodads/LordaeronSummer/Props/brazierOmni	1	55876	1	.mdx:1
Dota Mod Project/Build/DotaHQ/State/DisabledExternalLayer/Doodads/Northrend	52	13451589	0	.blp:39, .mdx:12, .wav:1
Dota Mod Project/Build/DotaHQ/State/DisabledExternalLayer/Doodads/Northrend/Props	15	2789763	0	.mdx:8, .blp:7
Dota Mod Project/Build/DotaHQ/State/DisabledExternalLayer/Doodads/Northrend/Props/FirePit	1	1628	1	.mdx:1
Dota Mod Project/Build/DotaHQ/State/DisabledExternalLayer/Doodads/Northrend/Props/FirePitPig	7	2108290	7	.blp:6, .mdx:1
Dota Mod Project/Build/DotaHQ/State/DisabledExternalLayer/Doodads/Northrend/Props/NorthrendBrokenColumn	2	254858	2	.mdx:2
Dota Mod Project/Build/DotaHQ/State/DisabledExternalLayer/Doodads/Northrend/Props/NorthrendFenceAngled	1	18964	1	.mdx:1
Dota Mod Project/Build/DotaHQ/State/DisabledExternalLayer/Doodads/Northrend/Props/NorthrendFenceStraight	2	99367	2	.mdx:1, .blp:1
Dota Mod Project/Build/DotaHQ/State/DisabledExternalLayer/Doodads/Northrend/Props/NorthrendObilisk	1	241072	1	.mdx:1
Dota Mod Project/Build/DotaHQ/State/DisabledExternalLayer/Doodads/Northrend/Props/NorthrendTombStone	1	65584	1	.mdx:1
Dota Mod Project/Build/DotaHQ/State/DisabledExternalLayer/Doodads/Northrend/Rocks	5	561132	0	.blp:4, .mdx:1
Dota Mod Project/Build/DotaHQ/State/DisabledExternalLayer/Doodads/Northrend/Rocks/NorthrendFissure	5	561132	5	.blp:4, .mdx:1
Dota Mod Project/Build/DotaHQ/State/DisabledExternalLayer/Doodads/Northrend/Structures	12	2377546	0	.blp:11, .mdx:1
Dota Mod Project/Build/DotaHQ/State/DisabledExternalLayer/Doodads/Northrend/Structures/NorthrendCrypt	12	2377546	12	.blp:11, .mdx:1
Dota Mod Project/Build/DotaHQ/State/DisabledExternalLayer/Doodads/Northrend/Water	20	7723148	0	.blp:17, .mdx:2, .wav:1
Dota Mod Project/Build/DotaHQ/State/DisabledExternalLayer/Doodads/Northrend/Water/Battleship	1	383328	1	.wav:1
Dota Mod Project/Build/DotaHQ/State/DisabledExternalLayer/Doodads/Northrend/Water/BattleshipDestroyed	6	1859096	6	.blp:5, .mdx:1
Dota Mod Project/Build/DotaHQ/State/DisabledExternalLayer/Doodads/Northrend/Water/RowboatDestroyed	13	5480724	13	.blp:12, .mdx:1
Dota Mod Project/Build/DotaHQ/State/DisabledExternalLayer/Doodads/Outland	9	2864624	0	.blp:7, .mdx:2
Dota Mod Project/Build/DotaHQ/State/DisabledExternalLayer/Doodads/Outland/Props	9	2864624	0	.blp:7, .mdx:2
Dota Mod Project/Build/DotaHQ/State/DisabledExternalLayer/Doodads/Outland/Props/Altar	2	347908	2	.mdx:1, .blp:1
Dota Mod Project/Build/DotaHQ/State/DisabledExternalLayer/Doodads/Outland/Props/Obstacle	7	2516716	7	.blp:6, .mdx:1
Dota Mod Project/Build/DotaHQ/State/DisabledExternalLayer/Doodads/Ruins	15	348805	0	.mdx:10, .blp:5
Dota Mod Project/Build/DotaHQ/State/DisabledExternalLayer/Doodads/Ruins/Plants	15	348805	0	.mdx:10, .blp:5
Dota Mod Project/Build/DotaHQ/State/DisabledExternalLayer/Doodads/Ruins/Plants/Ruins_Flower	10	293663	10	.mdx:5, .blp:5
Dota Mod Project/Build/DotaHQ/State/DisabledExternalLayer/Doodads/Ruins/Plants/Ruins_Rush	2	41708	2	.mdx:2
Dota Mod Project/Build/DotaHQ/State/DisabledExternalLayer/Doodads/Ruins/Plants/Ruins_Shrub	3	13434	3	.mdx:3
Dota Mod Project/Build/DotaHQ/State/DisabledExternalLayer/Doodads/Terrain	52	5125988	0	.mdx:49, .blp:3
Dota Mod Project/Build/DotaHQ/State/DisabledExternalLayer/Doodads/Terrain/AshenTree	16	1594992	16	.mdx:15, .blp:1
Dota Mod Project/Build/DotaHQ/State/DisabledExternalLayer/Doodads/Terrain/LOSBlocker	1	3047	1	.mdx:1
Dota Mod Project/Build/DotaHQ/State/DisabledExternalLayer/Doodads/Terrain/LordaeronTree	3	245248	3	.mdx:3
Dota Mod Project/Build/DotaHQ/State/DisabledExternalLayer/Doodads/Terrain/NorthrendTree	32	3282701	32	.mdx:30, .blp:2
Dota Mod Project/Build/DotaHQ/State/DisabledExternalLayer/Doodads/Underground	2	68994	0	.mdx:1, .blp:1
Dota Mod Project/Build/DotaHQ/State/DisabledExternalLayer/Doodads/Underground/Plants	2	68994	0	.mdx:1, .blp:1
Dota Mod Project/Build/DotaHQ/State/DisabledExternalLayer/Doodads/Underground/Plants/ShroomsBlue	2	68994	2	.mdx:1, .blp:1
Dota Mod Project/Build/DotaHQ/State/DisabledExternalLayer/Doodads/Village	3	228100	0	.mdx:2, .blp:1
Dota Mod Project/Build/DotaHQ/State/DisabledExternalLayer/Doodads/Village/Props	3	228100	0	.mdx:2, .blp:1
Dota Mod Project/Build/DotaHQ/State/DisabledExternalLayer/Doodads/Village/Props/Village_Fencelong	2	213949	2	.mdx:1, .blp:1
Dota Mod Project/Build/DotaHQ/State/DisabledExternalLayer/Doodads/Village/Props/Village_Fenceshort	1	14151	1	.mdx:1
Dota Mod Project/Build/DotaHQ/State/DisabledExternalLayer/Dota2	5422	108452270	0	.mp3:5385, .wav:37
Dota Mod Project/Build/DotaHQ/State/DisabledExternalLayer/Dota2/Sound	5422	108452270	0	.mp3:5385, .wav:37
Dota Mod Project/Build/DotaHQ/State/DisabledExternalLayer/Dota2/Sound/Abilities	606	12068671	0	.mp3:580, .wav:26
Dota Mod Project/Build/DotaHQ/State/DisabledExternalLayer/Dota2/Sound/Abilities/Akasha	4	117454	4	.mp3:4
Dota Mod Project/Build/DotaHQ/State/DisabledExternalLayer/Dota2/Sound/Abilities/Alchemist	10	145470	10	.mp3:10
Dota Mod Project/Build/DotaHQ/State/DisabledExternalLayer/Dota2/Sound/Abilities/Ancient	4	93004	4	.mp3:4
Dota Mod Project/Build/DotaHQ/State/DisabledExternalLayer/Dota2/Sound/Abilities/Axe	3	30538	3	.mp3:3
Dota Mod Project/Build/DotaHQ/State/DisabledExternalLayer/Dota2/Sound/Abilities/Balanar	3	57789	3	.mp3:3
Dota Mod Project/Build/DotaHQ/State/DisabledExternalLayer/Dota2/Sound/Abilities/Bane	4	85291	4	.mp3:4
Dota Mod Project/Build/DotaHQ/State/DisabledExternalLayer/Dota2/Sound/Abilities/Bara	1	10974	1	.mp3:1
Dota Mod Project/Build/DotaHQ/State/DisabledExternalLayer/Dota2/Sound/Abilities/Batrider	4	61030	4	.mp3:4
Dota Mod Project/Build/DotaHQ/State/DisabledExternalLayer/Dota2/Sound/Abilities/Beastmaster	16	244697	16	.mp3:16
Dota Mod Project/Build/DotaHQ/State/DisabledExternalLayer/Dota2/Sound/Abilities/Bloodseeker	3	52100	3	.mp3:3
Dota Mod Project/Build/DotaHQ/State/DisabledExternalLayer/Dota2/Sound/Abilities/Brewmaster	28	537137	28	.mp3:28
Dota Mod Project/Build/DotaHQ/State/DisabledExternalLayer/Dota2/Sound/Abilities/Broodmother	3	71791	3	.mp3:3
Dota Mod Project/Build/DotaHQ/State/DisabledExternalLayer/Dota2/Sound/Abilities/Chen	4	85481	4	.mp3:4
Dota Mod Project/Build/DotaHQ/State/DisabledExternalLayer/Dota2/Sound/Abilities/Clinkz	3	52147	3	.mp3:3
Dota Mod Project/Build/DotaHQ/State/DisabledExternalLayer/Dota2/Sound/Abilities/Clock	4	50282	4	.mp3:4
Dota Mod Project/Build/DotaHQ/State/DisabledExternalLayer/Dota2/Sound/Abilities/Crixalis	4	59306	4	.mp3:4
Dota Mod Project/Build/DotaHQ/State/DisabledExternalLayer/Dota2/Sound/Abilities/DarkSeer	4	73359	4	.mp3:4
Dota Mod Project/Build/DotaHQ/State/DisabledExternalLayer/Dota2/Sound/Abilities/Davion	3	62596	3	.mp3:3
Dota Mod Project/Build/DotaHQ/State/DisabledExternalLayer/Dota2/Sound/Abilities/Dazzle	4	62702	4	.mp3:4
Dota Mod Project/Build/DotaHQ/State/DisabledExternalLayer/Dota2/Sound/Abilities/Doctor	4	60025	4	.mp3:4
Dota Mod Project/Build/DotaHQ/State/DisabledExternalLayer/Dota2/Sound/Abilities/Doom	4	83182	4	.mp3:4
Dota Mod Project/Build/DotaHQ/State/DisabledExternalLayer/Dota2/Sound/Abilities/Drow	1	19381	1	.mp3:1
Dota Mod Project/Build/DotaHQ/State/DisabledExternalLayer/Dota2/Sound/Abilities/Earthshaker	20	226696	20	.mp3:20
Dota Mod Project/Build/DotaHQ/State/DisabledExternalLayer/Dota2/Sound/Abilities/Enchantress	3	33130	3	.mp3:3
Dota Mod Project/Build/DotaHQ/State/DisabledExternalLayer/Dota2/Sound/Abilities/Enigma	1	42947	1	.mp3:1
Dota Mod Project/Build/DotaHQ/State/DisabledExternalLayer/Dota2/Sound/Abilities/Eredar	5	135952	5	.mp3:5
Dota Mod Project/Build/DotaHQ/State/DisabledExternalLayer/Dota2/Sound/Abilities/Furion	4	53716	4	.mp3:4
Dota Mod Project/Build/DotaHQ/State/DisabledExternalLayer/Dota2/Sound/Abilities/Gondar	18	328761	18	.mp3:18
Dota Mod Project/Build/DotaHQ/State/DisabledExternalLayer/Dota2/Sound/Abilities/Gyro	6	123728	6	.mp3:6
Dota Mod Project/Build/DotaHQ/State/DisabledExternalLayer/Dota2/Sound/Abilities/Harbinger	2	37412	2	.mp3:2
Dota Mod Project/Build/DotaHQ/State/DisabledExternalLayer/Dota2/Sound/Abilities/Huskar	2	30724	2	.mp3:2
Dota Mod Project/Build/DotaHQ/State/DisabledExternalLayer/Dota2/Sound/Abilities/Invoker	76	1722158	76	.mp3:76
Dota Mod Project/Build/DotaHQ/State/DisabledExternalLayer/Dota2/Sound/Abilities/Krobelus	3	69074	3	.mp3:3
Dota Mod Project/Build/DotaHQ/State/DisabledExternalLayer/Dota2/Sound/Abilities/Kunkka	13	164282	13	.mp3:13
Dota Mod Project/Build/DotaHQ/State/DisabledExternalLayer/Dota2/Sound/Abilities/Leoric	23	439219	23	.mp3:23
Dota Mod Project/Build/DotaHQ/State/DisabledExternalLayer/Dota2/Sound/Abilities/Leshrac	4	91750	4	.mp3:4
Dota Mod Project/Build/DotaHQ/State/DisabledExternalLayer/Dota2/Sound/Abilities/Lich	7	136952	7	.mp3:7
Dota Mod Project/Build/DotaHQ/State/DisabledExternalLayer/Dota2/Sound/Abilities/Lina	2	30336	2	.mp3:2
Dota Mod Project/Build/DotaHQ/State/DisabledExternalLayer/Dota2/Sound/Abilities/Lion	2	18143	2	.mp3:2
Dota Mod Project/Build/DotaHQ/State/DisabledExternalLayer/Dota2/Sound/Abilities/Luna	2	16723	2	.mp3:2
Dota Mod Project/Build/DotaHQ/State/DisabledExternalLayer/Dota2/Sound/Abilities/Lycan	3	64894	3	.mp3:3
Dota Mod Project/Build/DotaHQ/State/DisabledExternalLayer/Dota2/Sound/Abilities/Magina	2	35462	2	.mp3:2
Dota Mod Project/Build/DotaHQ/State/DisabledExternalLayer/Dota2/Sound/Abilities/Mirana	11	167097	11	.mp3:11
Dota Mod Project/Build/DotaHQ/State/DisabledExternalLayer/Dota2/Sound/Abilities/Morphling	1	30618	1	.mp3:1
Dota Mod Project/Build/DotaHQ/State/DisabledExternalLayer/Dota2/Sound/Abilities/Mortred	4	65419	4	.mp3:4
Dota Mod Project/Build/DotaHQ/State/DisabledExternalLayer/Dota2/Sound/Abilities/Naix	3	66358	3	.mp3:3
Dota Mod Project/Build/DotaHQ/State/DisabledExternalLayer/Dota2/Sound/Abilities/Necrolyte	2	37103	2	.mp3:2
Dota Mod Project/Build/DotaHQ/State/DisabledExternalLayer/Dota2/Sound/Abilities/Nessaj	2	31978	2	.mp3:2
Dota Mod Project/Build/DotaHQ/State/DisabledExternalLayer/Dota2/Sound/Abilities/Nevermore	18	360346	18	.mp3:18
Dota Mod Project/Build/DotaHQ/State/DisabledExternalLayer/Dota2/Sound/Abilities/OgreMagi	26	2054640	26	.wav:26
Dota Mod Project/Build/DotaHQ/State/DisabledExternalLayer/Dota2/Sound/Abilities/Omni	25	457195	25	.mp3:25
Dota Mod Project/Build/DotaHQ/State/DisabledExternalLayer/Dota2/Sound/Abilities/PL	12	165746	12	.mp3:12
Dota Mod Project/Build/DotaHQ/State/DisabledExternalLayer/Dota2/Sound/Abilities/Puck	4	24206	4	.mp3:4
Dota Mod Project/Build/DotaHQ/State/DisabledExternalLayer/Dota2/Sound/Abilities/Pudge	5	223413	5	.mp3:5
Dota Mod Project/Build/DotaHQ/State/DisabledExternalLayer/Dota2/Sound/Abilities/Pugna	4	62911	4	.mp3:4
Dota Mod Project/Build/DotaHQ/State/DisabledExternalLayer/Dota2/Sound/Abilities/Razor	3	55951	3	.mp3:3
Dota Mod Project/Build/DotaHQ/State/DisabledExternalLayer/Dota2/Sound/Abilities/Rhasta	5	55450	5	.mp3:5
Dota Mod Project/Build/DotaHQ/State/DisabledExternalLayer/Dota2/Sound/Abilities/Riki	2	15482	2	.mp3:2
Dota Mod Project/Build/DotaHQ/State/DisabledExternalLayer/Dota2/Sound/Abilities/Rubick	3	50684	3	.mp3:3
Dota Mod Project/Build/DotaHQ/State/DisabledExternalLayer/Dota2/Sound/Abilities/Silencer	2	40128	2	.mp3:2
Dota Mod Project/Build/DotaHQ/State/DisabledExternalLayer/Dota2/Sound/Abilities/Slardar	1	29012	1	.mp3:1
Dota Mod Project/Build/DotaHQ/State/DisabledExternalLayer/Dota2/Sound/Abilities/Sniper	7	78907	7	.mp3:7
Dota Mod Project/Build/DotaHQ/State/DisabledExternalLayer/Dota2/Sound/Abilities/Spectre	2	41174	2	.mp3:2
Dota Mod Project/Build/DotaHQ/State/DisabledExternalLayer/Dota2/Sound/Abilities/Storm	6	79248	6	.mp3:6
Dota Mod Project/Build/DotaHQ/State/DisabledExternalLayer/Dota2/Sound/Abilities/Sven	23	239229	23	.mp3:23
Dota Mod Project/Build/DotaHQ/State/DisabledExternalLayer/Dota2/Sound/Abilities/Sylla	4	53716	4	.mp3:4
Dota Mod Project/Build/DotaHQ/State/DisabledExternalLayer/Dota2/Sound/Abilities/Tide	2	35356	2	.mp3:2
Dota Mod Project/Build/DotaHQ/State/DisabledExternalLayer/Dota2/Sound/Abilities/Tinker	31	656159	31	.mp3:31
Dota Mod Project/Build/DotaHQ/State/DisabledExternalLayer/Dota2/Sound/Abilities/Tiny	18	261074	18	.mp3:18
Dota Mod Project/Build/DotaHQ/State/DisabledExternalLayer/Dota2/Sound/Abilities/Treant	7	195306	7	.mp3:7
Dota Mod Project/Build/DotaHQ/State/DisabledExternalLayer/Dota2/Sound/Abilities/Ursa	3	33757	3	.mp3:3
Dota Mod Project/Build/DotaHQ/State/DisabledExternalLayer/Dota2/Sound/Abilities/Venge	2	38996	2	.mp3:2
Dota Mod Project/Build/DotaHQ/State/DisabledExternalLayer/Dota2/Sound/Abilities/Veno	3	49221	3	.mp3:3
Dota Mod Project/Build/DotaHQ/State/DisabledExternalLayer/Dota2/Sound/Abilities/Viper	1	20796	1	.mp3:1
Dota Mod Project/Build/DotaHQ/State/DisabledExternalLayer/Dota2/Sound/Abilities/Void	3	52565	3	.mp3:3
Dota Mod Project/Build/DotaHQ/State/DisabledExternalLayer/Dota2/Sound/Abilities/Warlock	1	33393	1	.mp3:1
Dota Mod Project/Build/DotaHQ/State/DisabledExternalLayer/Dota2/Sound/Abilities/Weaver	7	106698	7	.mp3:7
Dota Mod Project/Build/DotaHQ/State/DisabledExternalLayer/Dota2/Sound/Abilities/Wind	4	30351	4	.mp3:4
Dota Mod Project/Build/DotaHQ/State/DisabledExternalLayer/Dota2/Sound/Abilities/Yurnero	33	151193	33	.mp3:33
Dota Mod Project/Build/DotaHQ/State/DisabledExternalLayer/Dota2/Sound/Heroes	4816	96383599	0	.mp3:4805, .wav:11
Dota Mod Project/Build/DotaHQ/State/DisabledExternalLayer/Dota2/Sound/Heroes/alchemist	100	1537677	100	.mp3:100
Dota Mod Project/Build/DotaHQ/State/DisabledExternalLayer/Dota2/Sound/Heroes/ancient_apparition	64	1979587	64	.mp3:64
Dota Mod Project/Build/DotaHQ/State/DisabledExternalLayer/Dota2/Sound/Heroes/antimage	56	1040058	56	.mp3:56
Dota Mod Project/Build/DotaHQ/State/DisabledExternalLayer/Dota2/Sound/Heroes/axe	57	868109	57	.mp3:57
Dota Mod Project/Build/DotaHQ/State/DisabledExternalLayer/Dota2/Sound/Heroes/bane	74	1656602	74	.mp3:74
Dota Mod Project/Build/DotaHQ/State/DisabledExternalLayer/Dota2/Sound/Heroes/batrider	72	1310244	72	.mp3:72
Dota Mod Project/Build/DotaHQ/State/DisabledExternalLayer/Dota2/Sound/Heroes/beastmaster	75	1427177	75	.mp3:75
Dota Mod Project/Build/DotaHQ/State/DisabledExternalLayer/Dota2/Sound/Heroes/bloodseeker	58	908110	58	.mp3:58
Dota Mod Project/Build/DotaHQ/State/DisabledExternalLayer/Dota2/Sound/Heroes/brewmaster	86	1754772	86	.mp3:86
Dota Mod Project/Build/DotaHQ/State/DisabledExternalLayer/Dota2/Sound/Heroes/centaur	70	1109413	70	.mp3:70
Dota Mod Project/Build/DotaHQ/State/DisabledExternalLayer/Dota2/Sound/Heroes/chen	61	1060805	61	.mp3:61
Dota Mod Project/Build/DotaHQ/State/DisabledExternalLayer/Dota2/Sound/Heroes/clinkz	69	1555478	69	.mp3:69
Dota Mod Project/Build/DotaHQ/State/DisabledExternalLayer/Dota2/Sound/Heroes/dazzle	62	1305626	62	.mp3:62
Dota Mod Project/Build/DotaHQ/State/DisabledExternalLayer/Dota2/Sound/Heroes/death_prophet	80	1804706	80	.mp3:80
Dota Mod Project/Build/DotaHQ/State/DisabledExternalLayer/Dota2/Sound/Heroes/doom_bringer	54	1306443	54	.mp3:54
Dota Mod Project/Build/DotaHQ/State/DisabledExternalLayer/Dota2/Sound/Heroes/drowranger	62	1213605	62	.mp3:62
Dota Mod Project/Build/DotaHQ/State/DisabledExternalLayer/Dota2/Sound/Heroes/earthshaker	61	997531	61	.mp3:61
Dota Mod Project/Build/DotaHQ/State/DisabledExternalLayer/Dota2/Sound/Heroes/enchantress	65	901365	65	.mp3:65
Dota Mod Project/Build/DotaHQ/State/DisabledExternalLayer/Dota2/Sound/Heroes/enigma	59	1478972	59	.mp3:59
Dota Mod Project/Build/DotaHQ/State/DisabledExternalLayer/Dota2/Sound/Heroes/faceless_void	61	1276055	61	.mp3:61
Dota Mod Project/Build/DotaHQ/State/DisabledExternalLayer/Dota2/Sound/Heroes/furion	57	1286495	57	.mp3:57
Dota Mod Project/Build/DotaHQ/State/DisabledExternalLayer/Dota2/Sound/Heroes/huskar	63	1106161	63	.mp3:63
Dota Mod Project/Build/DotaHQ/State/DisabledExternalLayer/Dota2/Sound/Heroes/invoker	82	2014947	82	.mp3:82
Dota Mod Project/Build/DotaHQ/State/DisabledExternalLayer/Dota2/Sound/Heroes/jakiro	62	2086090	62	.mp3:62
Dota Mod Project/Build/DotaHQ/State/DisabledExternalLayer/Dota2/Sound/Heroes/juggernaut	70	969004	70	.mp3:70
Dota Mod Project/Build/DotaHQ/State/DisabledExternalLayer/Dota2/Sound/Heroes/kunkka	56	785604	56	.mp3:56
Dota Mod Project/Build/DotaHQ/State/DisabledExternalLayer/Dota2/Sound/Heroes/leshrac	53	1188891	53	.mp3:53
Dota Mod Project/Build/DotaHQ/State/DisabledExternalLayer/Dota2/Sound/Heroes/lich	61	1346705	61	.mp3:61
Dota Mod Project/Build/DotaHQ/State/DisabledExternalLayer/Dota2/Sound/Heroes/lina	63	895357	63	.mp3:63
Dota Mod Project/Build/DotaHQ/State/DisabledExternalLayer/Dota2/Sound/Heroes/lion	58	1164321	58	.mp3:58
Dota Mod Project/Build/DotaHQ/State/DisabledExternalLayer/Dota2/Sound/Heroes/luna	65	952148	65	.mp3:65
Dota Mod Project/Build/DotaHQ/State/DisabledExternalLayer/Dota2/Sound/Heroes/lycan	71	1622144	71	.mp3:71
Dota Mod Project/Build/DotaHQ/State/DisabledExternalLayer/Dota2/Sound/Heroes/magnataur	79	1400020	79	.mp3:79
Dota Mod Project/Build/DotaHQ/State/DisabledExternalLayer/Dota2/Sound/Heroes/medusa	82	1702316	82	.mp3:82
Dota Mod Project/Build/DotaHQ/State/DisabledExternalLayer/Dota2/Sound/Heroes/meepo	71	819247	71	.mp3:71
Dota Mod Project/Build/DotaHQ/State/DisabledExternalLayer/Dota2/Sound/Heroes/mirana	71	1264420	71	.mp3:71
Dota Mod Project/Build/DotaHQ/State/DisabledExternalLayer/Dota2/Sound/Heroes/morphling	58	1478444	58	.mp3:58
Dota Mod Project/Build/DotaHQ/State/DisabledExternalLayer/Dota2/Sound/Heroes/necrolyte	70	1634789	70	.mp3:70
Dota Mod Project/Build/DotaHQ/State/DisabledExternalLayer/Dota2/Sound/Heroes/nevermore	75	2025415	75	.mp3:75
Dota Mod Project/Build/DotaHQ/State/DisabledExternalLayer/Dota2/Sound/Heroes/night_stalker	61	1401443	61	.mp3:61
Dota Mod Project/Build/DotaHQ/State/DisabledExternalLayer/Dota2/Sound/Heroes/outworld_destroyer	67	1620463	67	.mp3:67
Dota Mod Project/Build/DotaHQ/State/DisabledExternalLayer/Dota2/Sound/Heroes/puck	53	992266	53	.mp3:53
Dota Mod Project/Build/DotaHQ/State/DisabledExternalLayer/Dota2/Sound/Heroes/pudge	74	1208332	74	.mp3:74
Dota Mod Project/Build/DotaHQ/State/DisabledExternalLayer/Dota2/Sound/Heroes/pugna	73	1704279	73	.mp3:73
Dota Mod Project/Build/DotaHQ/State/DisabledExternalLayer/Dota2/Sound/Heroes/razor	58	1403528	58	.mp3:58
Dota Mod Project/Build/DotaHQ/State/DisabledExternalLayer/Dota2/Sound/Heroes/riki	75	1132939	75	.mp3:75
Dota Mod Project/Build/DotaHQ/State/DisabledExternalLayer/Dota2/Sound/Heroes/rubick	73	1307216	73	.mp3:73
Dota Mod Project/Build/DotaHQ/State/DisabledExternalLayer/Dota2/Sound/Heroes/sandking	71	1369694	71	.mp3:71
Dota Mod Project/Build/DotaHQ/State/DisabledExternalLayer/Dota2/Sound/Heroes/silencer	69	1207315	69	.mp3:69
Dota Mod Project/Build/DotaHQ/State/DisabledExternalLayer/Dota2/Sound/Heroes/skeleton_king	64	1231653	64	.mp3:64
Dota Mod Project/Build/DotaHQ/State/DisabledExternalLayer/Dota2/Sound/Heroes/slardar	66	1540517	66	.mp3:66
Dota Mod Project/Build/DotaHQ/State/DisabledExternalLayer/Dota2/Sound/Heroes/slark	74	1338674	74	.mp3:74
Dota Mod Project/Build/DotaHQ/State/DisabledExternalLayer/Dota2/Sound/Heroes/sniper	76	1138264	76	.mp3:76
Dota Mod Project/Build/DotaHQ/State/DisabledExternalLayer/Dota2/Sound/Heroes/spectre	40	892845	40	.mp3:40
Dota Mod Project/Build/DotaHQ/State/DisabledExternalLayer/Dota2/Sound/Heroes/spirit_breaker	74	1511286	74	.mp3:74
Dota Mod Project/Build/DotaHQ/State/DisabledExternalLayer/Dota2/Sound/Heroes/stormspirit	57	1013043	57	.mp3:57
Dota Mod Project/Build/DotaHQ/State/DisabledExternalLayer/Dota2/Sound/Heroes/sven	90	1322826	90	.mp3:90
Dota Mod Project/Build/DotaHQ/State/DisabledExternalLayer/Dota2/Sound/Heroes/tidehunter	55	1194416	55	.mp3:55
Dota Mod Project/Build/DotaHQ/State/DisabledExternalLayer/Dota2/Sound/Heroes/tinker	86	1487072	86	.mp3:86
Dota Mod Project/Build/DotaHQ/State/DisabledExternalLayer/Dota2/Sound/Heroes/tiny	62	1192573	62	.mp3:62
Dota Mod Project/Build/DotaHQ/State/DisabledExternalLayer/Dota2/Sound/Heroes/treant	86	2113384	86	.mp3:86
Dota Mod Project/Build/DotaHQ/State/DisabledExternalLayer/Dota2/Sound/Heroes/troll_warlord	62	1302913	62	.mp3:62
Dota Mod Project/Build/DotaHQ/State/DisabledExternalLayer/Dota2/Sound/Heroes/ursa	111	1781056	111	.mp3:111
Dota Mod Project/Build/DotaHQ/State/DisabledExternalLayer/Dota2/Sound/Heroes/vengefulspirit	72	1764629	72	.mp3:72
Dota Mod Project/Build/DotaHQ/State/DisabledExternalLayer/Dota2/Sound/Heroes/venomancer	63	1393922	63	.mp3:63
Dota Mod Project/Build/DotaHQ/State/DisabledExternalLayer/Dota2/Sound/Heroes/viper	60	1226629	60	.mp3:60
Dota Mod Project/Build/DotaHQ/State/DisabledExternalLayer/Dota2/Sound/Heroes/visage	81	1483823	81	.mp3:81
Dota Mod Project/Build/DotaHQ/State/DisabledExternalLayer/Dota2/Sound/Heroes/warlock	57	1698892	57	.mp3:57
Dota Mod Project/Build/DotaHQ/State/DisabledExternalLayer/Dota2/Sound/Heroes/weaver	68	1157684	68	.mp3:68
Dota Mod Project/Build/DotaHQ/State/DisabledExternalLayer/Dota2/Sound/Heroes/windrunner	63	686684	63	.mp3:63
Dota Mod Project/Build/DotaHQ/State/DisabledExternalLayer/Dota2/Sound/Heroes/wisp	11	1272567	11	.wav:11
Dota Mod Project/Build/DotaHQ/State/DisabledExternalLayer/Dota2/Sound/Heroes/zuus	51	1055919	51	.mp3:51
Dota Mod Project/Build/DotaHQ/State/DisabledExternalLayer/Environment	1	79757	0	.blp:1
Dota Mod Project/Build/DotaHQ/State/DisabledExternalLayer/Environment/Sky	1	79757	0	.blp:1
Dota Mod Project/Build/DotaHQ/State/DisabledExternalLayer/Environment/Sky/Outland_Sky	1	79757	1	.blp:1
Dota Mod Project/Build/DotaHQ/State/DisabledExternalLayer/NewTextures	37	1398239	37	.blp:37
Dota Mod Project/Build/DotaHQ/State/DisabledExternalLayer/Objects	19	989332	0	.mdx:10, .blp:9
Dota Mod Project/Build/DotaHQ/State/DisabledExternalLayer/Objects/InventoryItems	6	491630	0	.blp:3, .mdx:3
Dota Mod Project/Build/DotaHQ/State/DisabledExternalLayer/Objects/InventoryItems/BundleofGifts	1	3558	1	.blp:1
Dota Mod Project/Build/DotaHQ/State/DisabledExternalLayer/Objects/InventoryItems/CrystalShard	3	400124	3	.mdx:2, .blp:1
Dota Mod Project/Build/DotaHQ/State/DisabledExternalLayer/Objects/InventoryItems/TreasureChest	2	87948	2	.blp:1, .mdx:1
Dota Mod Project/Build/DotaHQ/State/DisabledExternalLayer/Objects/Spawnmodels	13	497702	0	.mdx:7, .blp:6
Dota Mod Project/Build/DotaHQ/State/DisabledExternalLayer/Objects/Spawnmodels/Human	2	11442	0	.mdx:2
Dota Mod Project/Build/DotaHQ/State/DisabledExternalLayer/Objects/Spawnmodels/Human/HumanBlood	2	11442	2	.mdx:2
Dota Mod Project/Build/DotaHQ/State/DisabledExternalLayer/Objects/Spawnmodels/NightElf	2	9079	0	.mdx:2
Dota Mod Project/Build/DotaHQ/State/DisabledExternalLayer/Objects/Spawnmodels/NightElf/NightElfBlood	2	9079	2	.mdx:2
Dota Mod Project/Build/DotaHQ/State/DisabledExternalLayer/Objects/Spawnmodels/Undead	9	477181	0	.blp:6, .mdx:3
Dota Mod Project/Build/DotaHQ/State/DisabledExternalLayer/Objects/Spawnmodels/Undead/UDeathMedium	1	11144	1	.mdx:1
Dota Mod Project/Build/DotaHQ/State/DisabledExternalLayer/Objects/Spawnmodels/Undead/UDeathSmall	1	11144	1	.mdx:1
Dota Mod Project/Build/DotaHQ/State/DisabledExternalLayer/Objects/Spawnmodels/Undead/UndeadDissipate	7	454893	7	.blp:6, .mdx:1
Dota Mod Project/Build/DotaHQ/State/DisabledExternalLayer/ReplaceableTextures	1908	19408468	0	.blp:1903, .tga:5
Dota Mod Project/Build/DotaHQ/State/DisabledExternalLayer/ReplaceableTextures/AshenvaleTree	2	169710	2	.blp:2
Dota Mod Project/Build/DotaHQ/State/DisabledExternalLayer/ReplaceableTextures/AutocastButtons	2	13170	2	.blp:2
Dota Mod Project/Build/DotaHQ/State/DisabledExternalLayer/ReplaceableTextures/Cliff	4	687678	4	.tga:2, .blp:2
Dota Mod Project/Build/DotaHQ/State/DisabledExternalLayer/ReplaceableTextures/CommandButtons	823	7413297	823	.blp:823
Dota Mod Project/Build/DotaHQ/State/DisabledExternalLayer/ReplaceableTextures/CommandButtonsAuto	2	13282	2	.blp:2
Dota Mod Project/Build/DotaHQ/State/DisabledExternalLayer/ReplaceableTextures/CommandButtonsDisabled	952	6351666	952	.blp:952
Dota Mod Project/Build/DotaHQ/State/DisabledExternalLayer/ReplaceableTextures/LordaeronTree	2	694037	2	.blp:2
Dota Mod Project/Build/DotaHQ/State/DisabledExternalLayer/ReplaceableTextures/NorthrendTree	2	302674	2	.blp:2
Dota Mod Project/Build/DotaHQ/State/DisabledExternalLayer/ReplaceableTextures/PassiveButtons	85	570438	85	.blp:85
Dota Mod Project/Build/DotaHQ/State/DisabledExternalLayer/ReplaceableTextures/Selection	8	1188491	8	.blp:5, .tga:3
Dota Mod Project/Build/DotaHQ/State/DisabledExternalLayer/ReplaceableTextures/Splats	18	1885827	18	.blp:18
Dota Mod Project/Build/DotaHQ/State/DisabledExternalLayer/ReplaceableTextures/UndergroundTree	2	42898	2	.blp:2
Dota Mod Project/Build/DotaHQ/State/DisabledExternalLayer/ReplaceableTextures/Weather	6	75300	6	.blp:6
Dota Mod Project/Build/DotaHQ/State/DisabledExternalLayer/ShadowArt	3	125680	2	.blp:3
Dota Mod Project/Build/DotaHQ/State/DisabledExternalLayer/ShadowArt/UI	1	112182	1	.blp:1
Dota Mod Project/Build/DotaHQ/State/DisabledExternalLayer/SharedModels	7	142049	7	.blp:7
Dota Mod Project/Build/DotaHQ/State/DisabledExternalLayer/Sound	224	137629517	0	.wav:201, .mp3:23
Dota Mod Project/Build/DotaHQ/State/DisabledExternalLayer/Sound/Ambient	28	21748456	7	.wav:28
Dota Mod Project/Build/DotaHQ/State/DisabledExternalLayer/Sound/Ambient/DoodadEffects	21	4782704	21	.wav:21
Dota Mod Project/Build/DotaHQ/State/DisabledExternalLayer/Sound/Buildings	9	6433950	0	.wav:9
Dota Mod Project/Build/DotaHQ/State/DisabledExternalLayer/Sound/Buildings/Death	4	2622876	4	.wav:4
Dota Mod Project/Build/DotaHQ/State/DisabledExternalLayer/Sound/Buildings/Naga	2	193036	2	.wav:2
Dota Mod Project/Build/DotaHQ/State/DisabledExternalLayer/Sound/Buildings/Undead	3	3618038	3	.wav:3
Dota Mod Project/Build/DotaHQ/State/DisabledExternalLayer/Sound/Dialogue	8	653024	0	.wav:4, .mp3:4
Dota Mod Project/Build/DotaHQ/State/DisabledExternalLayer/Sound/Dialogue/HumanExpCamp	4	653024	0	.wav:4
Dota Mod Project/Build/DotaHQ/State/DisabledExternalLayer/Sound/Dialogue/HumanExpCamp/Human03x	3	121950	3	.wav:3
Dota Mod Project/Build/DotaHQ/State/DisabledExternalLayer/Sound/Dialogue/HumanExpCamp/Human06x	1	531074	1	.wav:1
Dota Mod Project/Build/DotaHQ/State/DisabledExternalLayer/Sound/Dialogue/OrcExpCamp	4	0	0	.mp3:4
Dota Mod Project/Build/DotaHQ/State/DisabledExternalLayer/Sound/Dialogue/OrcExpCamp/OrcQuest13x	2	0	2	.mp3:2
Dota Mod Project/Build/DotaHQ/State/DisabledExternalLayer/Sound/Dialogue/OrcExpCamp/OrcQuest20x	2	0	2	.mp3:2
Dota Mod Project/Build/DotaHQ/State/DisabledExternalLayer/Sound/Interface	42	9170990	23	.wav:42
Dota Mod Project/Build/DotaHQ/State/DisabledExternalLayer/Sound/Interface/Warning	19	2059592	0	.wav:19
Dota Mod Project/Build/DotaHQ/State/DisabledExternalLayer/Sound/Interface/Warning/Naga	17	1546486	17	.wav:17
Dota Mod Project/Build/DotaHQ/State/DisabledExternalLayer/Sound/Interface/Warning/NightElf	1	270192	1	.wav:1
Dota Mod Project/Build/DotaHQ/State/DisabledExternalLayer/Sound/Interface/Warning/Undead	1	242914	1	.wav:1
Dota Mod Project/Build/DotaHQ/State/DisabledExternalLayer/Sound/Music	19	85746129	0	.mp3:19
Dota Mod Project/Build/DotaHQ/State/DisabledExternalLayer/Sound/Music/mp3Music	19	85746129	19	.mp3:19
Dota Mod Project/Build/DotaHQ/State/DisabledExternalLayer/Sound/Time	2	2898236	2	.wav:2
Dota Mod Project/Build/DotaHQ/State/DisabledExternalLayer/Sound/Units	116	10978732	0	.wav:116
Dota Mod Project/Build/DotaHQ/State/DisabledExternalLayer/Sound/Units/Combat	95	8697110	95	.wav:95
Dota Mod Project/Build/DotaHQ/State/DisabledExternalLayer/Sound/Units/Footsteps	20	1643454	20	.wav:20
Dota Mod Project/Build/DotaHQ/State/DisabledExternalLayer/Sound/Units/Undead	1	638168	0	.wav:1
Dota Mod Project/Build/DotaHQ/State/DisabledExternalLayer/Sound/Units/Undead/Dissipate	1	638168	1	.wav:1
Dota Mod Project/Build/DotaHQ/State/DisabledExternalLayer/Spells	13	289733	13	.blp:13
Dota Mod Project/Build/DotaHQ/State/DisabledExternalLayer/TerrainArt	20	7012169	0	.blp:11, .tga:9
Dota Mod Project/Build/DotaHQ/State/DisabledExternalLayer/TerrainArt/Blight	2	606271	2	.blp:1, .tga:1
Dota Mod Project/Build/DotaHQ/State/DisabledExternalLayer/TerrainArt/Cityscape	1	220768	1	.blp:1
Dota Mod Project/Build/DotaHQ/State/DisabledExternalLayer/TerrainArt/Felwood	10	3944246	10	.tga:5, .blp:5
Dota Mod Project/Build/DotaHQ/State/DisabledExternalLayer/TerrainArt/Northrend	2	598756	2	.tga:1, .blp:1
Dota Mod Project/Build/DotaHQ/State/DisabledExternalLayer/TerrainArt/Ruins	5	1642128	5	.blp:3, .tga:2
Dota Mod Project/Build/DotaHQ/State/DisabledExternalLayer/Textures	84	5271678	84	.blp:84
Dota Mod Project/Build/DotaHQ/State/DisabledExternalLayer/Ton_ucki	10	282028	1	.mdx:9, .blp:1
Dota Mod Project/Build/DotaHQ/State/DisabledExternalLayer/Ton_ucki/Clock	2	31096	2	.mdx:2
Dota Mod Project/Build/DotaHQ/State/DisabledExternalLayer/Ton_ucki/Morted	2	196551	2	.mdx:1, .blp:1
Dota Mod Project/Build/DotaHQ/State/DisabledExternalLayer/Ton_ucki/Pudge	2	25223	2	.mdx:2
Dota Mod Project/Build/DotaHQ/State/DisabledExternalLayer/Ton_ucki/Sn	1	15119	1	.mdx:1
Dota Mod Project/Build/DotaHQ/State/DisabledExternalLayer/Ton_ucki/Sni	1	1180	1	.mdx:1
Dota Mod Project/Build/DotaHQ/State/DisabledExternalLayer/Ton_ucki/Zeus	1	8643	1	.mdx:1
Dota Mod Project/Build/DotaHQ/State/DisabledExternalLayer/UI	292	9816629	0	.blp:238, .fdf:43, .mdx:10, .toc:1
Dota Mod Project/Build/DotaHQ/State/DisabledExternalLayer/UI/Buttons	1	4226	0	.mdx:1
Dota Mod Project/Build/DotaHQ/State/DisabledExternalLayer/UI/Buttons/HeroLevel	1	4226	1	.mdx:1
Dota Mod Project/Build/DotaHQ/State/DisabledExternalLayer/UI/Console	28	4618067	0	.blp:25, .mdx:3
Dota Mod Project/Build/DotaHQ/State/DisabledExternalLayer/UI/Console/Human	7	1306436	7	.blp:6, .mdx:1
Dota Mod Project/Build/DotaHQ/State/DisabledExternalLayer/UI/Console/NightElf	10	1567671	10	.blp:9, .mdx:1
Dota Mod Project/Build/DotaHQ/State/DisabledExternalLayer/UI/Console/Undead	11	1743960	11	.blp:10, .mdx:1
Dota Mod Project/Build/DotaHQ/State/DisabledExternalLayer/UI/Cursor	4	1071934	4	.blp:4
Dota Mod Project/Build/DotaHQ/State/DisabledExternalLayer/UI/Feedback	13	528497	0	.blp:7, .mdx:6
Dota Mod Project/Build/DotaHQ/State/DisabledExternalLayer/UI/Feedback/Confirmation	3	453504	3	.blp:2, .mdx:1
Dota Mod Project/Build/DotaHQ/State/DisabledExternalLayer/UI/Feedback/Cooldown	1	34968	1	.mdx:1
Dota Mod Project/Build/DotaHQ/State/DisabledExternalLayer/UI/Feedback/HPBarConsole	2	10897	2	.mdx:1, .blp:1
Dota Mod Project/Build/DotaHQ/State/DisabledExternalLayer/UI/Feedback/HPBarConsoleSmall	1	3072	1	.mdx:1
Dota Mod Project/Build/DotaHQ/State/DisabledExternalLayer/UI/Feedback/ManaBarConsole	1	1332	1	.mdx:1
Dota Mod Project/Build/DotaHQ/State/DisabledExternalLayer/UI/Feedback/ManaBarConsoleSmall	1	2736	1	.mdx:1
Dota Mod Project/Build/DotaHQ/State/DisabledExternalLayer/UI/Feedback/Resources	1	7442	1	.blp:1
Dota Mod Project/Build/DotaHQ/State/DisabledExternalLayer/UI/Feedback/XpBar	3	14546	3	.blp:3
Dota Mod Project/Build/DotaHQ/State/DisabledExternalLayer/UI/FrameDef	44	515365	4	.fdf:43, .toc:1
Dota Mod Project/Build/DotaHQ/State/DisabledExternalLayer/UI/FrameDef/Glue	26	313719	26	.fdf:26
Dota Mod Project/Build/DotaHQ/State/DisabledExternalLayer/UI/FrameDef/UI	14	94864	14	.fdf:14
Dota Mod Project/Build/DotaHQ/State/DisabledExternalLayer/UI/MiniMap	1	7104	1	.blp:1
Dota Mod Project/Build/DotaHQ/State/DisabledExternalLayer/UI/Widgets	201	3071436	0	.blp:201
Dota Mod Project/Build/DotaHQ/State/DisabledExternalLayer/UI/Widgets/BattleNet	11	162998	10	.blp:11
Dota Mod Project/Build/DotaHQ/State/DisabledExternalLayer/UI/Widgets/BattleNet/chaticons	1	8090	1	.blp:1
Dota Mod Project/Build/DotaHQ/State/DisabledExternalLayer/UI/Widgets/Console	87	1049545	0	.blp:87
Dota Mod Project/Build/DotaHQ/State/DisabledExternalLayer/UI/Widgets/Console/Human	81	952663	76	.blp:81
Dota Mod Project/Build/DotaHQ/State/DisabledExternalLayer/UI/Widgets/Console/Human/CommandButton	5	45175	5	.blp:5
Dota Mod Project/Build/DotaHQ/State/DisabledExternalLayer/UI/Widgets/Console/NightElf	2	32294	2	.blp:2
Dota Mod Project/Build/DotaHQ/State/DisabledExternalLayer/UI/Widgets/Console/Orc	2	32294	2	.blp:2
Dota Mod Project/Build/DotaHQ/State/DisabledExternalLayer/UI/Widgets/Console/Undead	2	32294	2	.blp:2
Dota Mod Project/Build/DotaHQ/State/DisabledExternalLayer/UI/Widgets/EscMenu	51	1145197	0	.blp:51
Dota Mod Project/Build/DotaHQ/State/DisabledExternalLayer/UI/Widgets/EscMenu/Human	35	356113	35	.blp:35
Dota Mod Project/Build/DotaHQ/State/DisabledExternalLayer/UI/Widgets/EscMenu/NightElf	8	394542	8	.blp:8
Dota Mod Project/Build/DotaHQ/State/DisabledExternalLayer/UI/Widgets/EscMenu/Undead	8	394542	8	.blp:8
Dota Mod Project/Build/DotaHQ/State/DisabledExternalLayer/UI/Widgets/Glues	50	612026	50	.blp:50
Dota Mod Project/Build/DotaHQ/State/DisabledExternalLayer/UI/Widgets/ToolTips	2	101670	0	.blp:2
Dota Mod Project/Build/DotaHQ/State/DisabledExternalLayer/UI/Widgets/ToolTips/Human	2	101670	2	.blp:2
Dota Mod Project/Build/DotaHQ/State/DisabledExternalLayer/Units	1774	487469141	0	.blp:1049, .mdx:569, .wav:156
Dota Mod Project/Build/DotaHQ/State/DisabledExternalLayer/Units/Creeps	585	152054728	0	.blp:328, .mdx:202, .wav:55
Dota Mod Project/Build/DotaHQ/State/DisabledExternalLayer/Units/Creeps/Archnathid	1	78155	1	.blp:1
Dota Mod Project/Build/DotaHQ/State/DisabledExternalLayer/Units/Creeps/ArchnathidGreen	12	2464908	12	.blp:10, .mdx:2
Dota Mod Project/Build/DotaHQ/State/DisabledExternalLayer/Units/Creeps/Archnathidpurple	1	93255	1	.blp:1
Dota Mod Project/Build/DotaHQ/State/DisabledExternalLayer/Units/Creeps/Assassin	11	1521484	8	.blp:8, .mdx:3
Dota Mod Project/Build/DotaHQ/State/DisabledExternalLayer/Units/Creeps/Assassin/Missile	3	98013	3	.blp:2, .mdx:1
Dota Mod Project/Build/DotaHQ/State/DisabledExternalLayer/Units/Creeps/AzureDragon	3	1173296	3	.mdx:2, .blp:1
Dota Mod Project/Build/DotaHQ/State/DisabledExternalLayer/Units/Creeps/Bandit	1	590464	1	.wav:1
Dota Mod Project/Build/DotaHQ/State/DisabledExternalLayer/Units/Creeps/BansheeGhost	3	1217318	3	.mdx:2, .blp:1
Dota Mod Project/Build/DotaHQ/State/DisabledExternalLayer/Units/Creeps/BansheeRanger	21	5462494	21	.blp:19, .mdx:2
Dota Mod Project/Build/DotaHQ/State/DisabledExternalLayer/Units/Creeps/Beastmaster	3	1529819	3	.mdx:2, .blp:1
Dota Mod Project/Build/DotaHQ/State/DisabledExternalLayer/Units/Creeps/BlackDragon	3	553215	3	.mdx:2, .blp:1
Dota Mod Project/Build/DotaHQ/State/DisabledExternalLayer/Units/Creeps/BlackDrake	3	728899	3	.mdx:2, .blp:1
Dota Mod Project/Build/DotaHQ/State/DisabledExternalLayer/Units/Creeps/BristleBack	1	196804	1	.mdx:1
Dota Mod Project/Build/DotaHQ/State/DisabledExternalLayer/Units/Creeps/BurningArcher	14	3902588	14	.blp:12, .mdx:2
Dota Mod Project/Build/DotaHQ/State/DisabledExternalLayer/Units/Creeps/Centaur	3	777358	3	.mdx:2, .blp:1
Dota Mod Project/Build/DotaHQ/State/DisabledExternalLayer/Units/Creeps/CentaurKhan	12	2270082	12	.blp:10, .mdx:2
Dota Mod Project/Build/DotaHQ/State/DisabledExternalLayer/Units/Creeps/DarkTroll	3	1006197	3	.mdx:2, .blp:1
Dota Mod Project/Build/DotaHQ/State/DisabledExternalLayer/Units/Creeps/DarkTrollShadowPriest	8	1523718	8	.blp:6, .mdx:2
Dota Mod Project/Build/DotaHQ/State/DisabledExternalLayer/Units/Creeps/DarkTrollTrapper	3	1183031	3	.mdx:2, .blp:1
Dota Mod Project/Build/DotaHQ/State/DisabledExternalLayer/Units/Creeps/DireWolf	7	2992987	7	.blp:5, .mdx:2
Dota Mod Project/Build/DotaHQ/State/DisabledExternalLayer/Units/Creeps/DragonSpawnBlue	4	1421443	4	.blp:2, .mdx:2
Dota Mod Project/Build/DotaHQ/State/DisabledExternalLayer/Units/Creeps/DragonSpawnGreen	3	1158709	3	.mdx:2, .blp:1
Dota Mod Project/Build/DotaHQ/State/DisabledExternalLayer/Units/Creeps/EarthPandarenBrewmaster	5	1238539	5	.blp:3, .mdx:2
Dota Mod Project/Build/DotaHQ/State/DisabledExternalLayer/Units/Creeps/ElderJungleBeast	4	1230304	4	.mdx:2, .blp:2
Dota Mod Project/Build/DotaHQ/State/DisabledExternalLayer/Units/Creeps/FacelessOne	14	1674177	14	.blp:12, .mdx:2
Dota Mod Project/Build/DotaHQ/State/DisabledExternalLayer/Units/Creeps/FirePandarenBrewMaster	5	1452495	5	.blp:3, .mdx:2
Dota Mod Project/Build/DotaHQ/State/DisabledExternalLayer/Units/Creeps/ForestTroll	5	3077001	5	.mdx:4, .blp:1
Dota Mod Project/Build/DotaHQ/State/DisabledExternalLayer/Units/Creeps/ForestTrollShadowPriest	4	1238663	4	.blp:2, .mdx:2
Dota Mod Project/Build/DotaHQ/State/DisabledExternalLayer/Units/Creeps/ForestTrollTrapper	4	2860818	4	.mdx:4
Dota Mod Project/Build/DotaHQ/State/DisabledExternalLayer/Units/Creeps/Furbolg	1	190456	1	.wav:1
Dota Mod Project/Build/DotaHQ/State/DisabledExternalLayer/Units/Creeps/FurbolgChampion	3	1585970	3	.mdx:2, .blp:1
Dota Mod Project/Build/DotaHQ/State/DisabledExternalLayer/Units/Creeps/FurbolgTracker	8	1650645	8	.blp:6, .mdx:2
Dota Mod Project/Build/DotaHQ/State/DisabledExternalLayer/Units/Creeps/GnollArcher	3	735656	3	.mdx:2, .blp:1
Dota Mod Project/Build/DotaHQ/State/DisabledExternalLayer/Units/Creeps/GnollWarden	10	1536881	10	.blp:6, .mdx:4
Dota Mod Project/Build/DotaHQ/State/DisabledExternalLayer/Units/Creeps/GoblinLandMine	1	13518	1	.mdx:1
Dota Mod Project/Build/DotaHQ/State/DisabledExternalLayer/Units/Creeps/GoblinZeppelin	3	533427	3	.mdx:2, .blp:1
Dota Mod Project/Build/DotaHQ/State/DisabledExternalLayer/Units/Creeps/GolemStatue	1	75044	1	.blp:1
Dota Mod Project/Build/DotaHQ/State/DisabledExternalLayer/Units/Creeps/GreenDragon	3	1167981	3	.mdx:2, .blp:1
Dota Mod Project/Build/DotaHQ/State/DisabledExternalLayer/Units/Creeps/GrizzlyBear	4	2905801	4	.mdx:2, .blp:2
Dota Mod Project/Build/DotaHQ/State/DisabledExternalLayer/Units/Creeps/HEROGoblinALCHEMIST	35	7403310	35	.wav:18, .blp:15, .mdx:2
Dota Mod Project/Build/DotaHQ/State/DisabledExternalLayer/Units/Creeps/Harpy	3	1094041	3	.mdx:2, .blp:1
Dota Mod Project/Build/DotaHQ/State/DisabledExternalLayer/Units/Creeps/HarpyQueen	2	615482	2	.mdx:2
Dota Mod Project/Build/DotaHQ/State/DisabledExternalLayer/Units/Creeps/HarpyWitch	3	1108365	3	.mdx:2, .blp:1
Dota Mod Project/Build/DotaHQ/State/DisabledExternalLayer/Units/Creeps/HeroFlameLord	5	1084353	5	.blp:3, .mdx:2
Dota Mod Project/Build/DotaHQ/State/DisabledExternalLayer/Units/Creeps/HeroTinker	27	5051747	27	.wav:16, .blp:7, .mdx:4
Dota Mod Project/Build/DotaHQ/State/DisabledExternalLayer/Units/Creeps/HeroTinkerFactory	1	67177	1	.blp:1
Dota Mod Project/Build/DotaHQ/State/DisabledExternalLayer/Units/Creeps/HeroTinkerRobot	5	858718	5	.blp:3, .mdx:2
Dota Mod Project/Build/DotaHQ/State/DisabledExternalLayer/Units/Creeps/HumanMage	2	100765	2	.mdx:2
Dota Mod Project/Build/DotaHQ/State/DisabledExternalLayer/Units/Creeps/IronGolem	10	3226756	10	.blp:8, .mdx:2
Dota Mod Project/Build/DotaHQ/State/DisabledExternalLayer/Units/Creeps/JungleBeast	4	1277970	4	.mdx:2, .blp:2
Dota Mod Project/Build/DotaHQ/State/DisabledExternalLayer/Units/Creeps/Kobold	3	1423896	3	.mdx:2, .blp:1
Dota Mod Project/Build/DotaHQ/State/DisabledExternalLayer/Units/Creeps/KoboldGeomancer	3	2051473	3	.mdx:2, .blp:1
Dota Mod Project/Build/DotaHQ/State/DisabledExternalLayer/Units/Creeps/KoboldTaskMaster	2	1003092	2	.mdx:2
Dota Mod Project/Build/DotaHQ/State/DisabledExternalLayer/Units/Creeps/KoboldTunneler	2	669622	2	.mdx:2
Dota Mod Project/Build/DotaHQ/State/DisabledExternalLayer/Units/Creeps/Koboldb	2	369344	2	.blp:2
Dota Mod Project/Build/DotaHQ/State/DisabledExternalLayer/Units/Creeps/Koboldc	2	334485	2	.blp:2
Dota Mod Project/Build/DotaHQ/State/DisabledExternalLayer/Units/Creeps/LavaSpawn	4	318397	4	.blp:2, .mdx:2
Dota Mod Project/Build/DotaHQ/State/DisabledExternalLayer/Units/Creeps/LordGarithos	2	632373	2	.mdx:2
Dota Mod Project/Build/DotaHQ/State/DisabledExternalLayer/Units/Creeps/MagnataurBlue	10	2242721	10	.blp:8, .mdx:2
Dota Mod Project/Build/DotaHQ/State/DisabledExternalLayer/Units/Creeps/Medivh	20	3358308	20	.blp:18, .mdx:2
Dota Mod Project/Build/DotaHQ/State/DisabledExternalLayer/Units/Creeps/MudGolem	3	862084	3	.mdx:2, .blp:1
Dota Mod Project/Build/DotaHQ/State/DisabledExternalLayer/Units/Creeps/MurlocNightCrawler	14	3428100	14	.blp:9, .mdx:5
Dota Mod Project/Build/DotaHQ/State/DisabledExternalLayer/Units/Creeps/NerubianQueen	8	1481947	8	.blp:6, .mdx:2
Dota Mod Project/Build/DotaHQ/State/DisabledExternalLayer/Units/Creeps/NetherDragon	5	833689	5	.blp:3, .mdx:2
Dota Mod Project/Build/DotaHQ/State/DisabledExternalLayer/Units/Creeps/Ogre	21	2606071	21	.wav:18, .mdx:2, .blp:1
Dota Mod Project/Build/DotaHQ/State/DisabledExternalLayer/Units/Creeps/OgreMagi	3	1430591	3	.mdx:2, .blp:1
Dota Mod Project/Build/DotaHQ/State/DisabledExternalLayer/Units/Creeps/OwlBear	3	1587412	3	.mdx:2, .blp:1
Dota Mod Project/Build/DotaHQ/State/DisabledExternalLayer/Units/Creeps/PandarenBrewmaster	11	2393239	11	.blp:8, .mdx:2, .wav:1
Dota Mod Project/Build/DotaHQ/State/DisabledExternalLayer/Units/Creeps/PolarFurbolg	3	1068763	3	.mdx:2, .blp:1
Dota Mod Project/Build/DotaHQ/State/DisabledExternalLayer/Units/Creeps/QuillBeast	3	718016	3	.mdx:2, .blp:1
Dota Mod Project/Build/DotaHQ/State/DisabledExternalLayer/Units/Creeps/RazorMane	2	391328	2	.mdx:2
Dota Mod Project/Build/DotaHQ/State/DisabledExternalLayer/Units/Creeps/RazorManeChief	2	391328	2	.mdx:2
Dota Mod Project/Build/DotaHQ/State/DisabledExternalLayer/Units/Creeps/RedDragon	3	1076456	3	.mdx:2, .blp:1
Dota Mod Project/Build/DotaHQ/State/DisabledExternalLayer/Units/Creeps/Revenant	12	2268190	12	.blp:9, .mdx:3
Dota Mod Project/Build/DotaHQ/State/DisabledExternalLayer/Units/Creeps/RockGolem	3	1192379	3	.mdx:2, .blp:1
Dota Mod Project/Build/DotaHQ/State/DisabledExternalLayer/Units/Creeps/Satyr	3	1252684	3	.mdx:2, .blp:1
Dota Mod Project/Build/DotaHQ/State/DisabledExternalLayer/Units/Creeps/SatyrHellcaller	3	1026073	3	.mdx:2, .blp:1
Dota Mod Project/Build/DotaHQ/State/DisabledExternalLayer/Units/Creeps/SatyrTrickster	4	1149344	4	.blp:2, .mdx:2
Dota Mod Project/Build/DotaHQ/State/DisabledExternalLayer/Units/Creeps/SeaElemental	17	5842419	17	.blp:15, .mdx:2
Dota Mod Project/Build/DotaHQ/State/DisabledExternalLayer/Units/Creeps/SeaGiantGreen	14	3099904	14	.blp:12, .mdx:2
Dota Mod Project/Build/DotaHQ/State/DisabledExternalLayer/Units/Creeps/Spider	2	1450440	2	.mdx:2
Dota Mod Project/Build/DotaHQ/State/DisabledExternalLayer/Units/Creeps/SpiderBlack	12	2836844	12	.blp:10, .mdx:2
Dota Mod Project/Build/DotaHQ/State/DisabledExternalLayer/Units/Creeps/SpiderBlue	2	387774	2	.mdx:2
Dota Mod Project/Build/DotaHQ/State/DisabledExternalLayer/Units/Creeps/SpiderGreen	4	1314755	4	.blp:2, .mdx:2
Dota Mod Project/Build/DotaHQ/State/DisabledExternalLayer/Units/Creeps/StormPandarenBrewmaster	7	2142365	7	.blp:4, .mdx:3
Dota Mod Project/Build/DotaHQ/State/DisabledExternalLayer/Units/Creeps/SylvanusWindrunner	10	1524331	10	.blp:8, .mdx:2
Dota Mod Project/Build/DotaHQ/State/DisabledExternalLayer/Units/Creeps/ThunderLizard	5	1023630	5	.blp:3, .mdx:2
Dota Mod Project/Build/DotaHQ/State/DisabledExternalLayer/Units/Creeps/ThunderLizardSalamander	2	678812	2	.mdx:2
Dota Mod Project/Build/DotaHQ/State/DisabledExternalLayer/Units/Creeps/ThunderLizardVizier	2	546344	2	.mdx:2
Dota Mod Project/Build/DotaHQ/State/DisabledExternalLayer/Units/Creeps/TimberWolf	3	1069242	3	.mdx:2, .blp:1
Dota Mod Project/Build/DotaHQ/State/DisabledExternalLayer/Units/Creeps/TimberWolfBIG	2	395940	2	.mdx:2
Dota Mod Project/Build/DotaHQ/State/DisabledExternalLayer/Units/Creeps/TimberWolfSmall	3	1109076	3	.mdx:2, .blp:1
Dota Mod Project/Build/DotaHQ/State/DisabledExternalLayer/Units/Creeps/UndeadDestroyerShip	2	802823	2	.blp:1, .mdx:1
Dota Mod Project/Build/DotaHQ/State/DisabledExternalLayer/Units/Creeps/UndeadShipBattleShip	1	192083	1	.mdx:1
Dota Mod Project/Build/DotaHQ/State/DisabledExternalLayer/Units/Creeps/VoidWalker	7	1756334	7	.blp:5, .mdx:2
Dota Mod Project/Build/DotaHQ/State/DisabledExternalLayer/Units/Creeps/WarEagle	3	805140	3	.mdx:2, .blp:1
Dota Mod Project/Build/DotaHQ/State/DisabledExternalLayer/Units/Creeps/Watcher	1	43694	1	.blp:1
Dota Mod Project/Build/DotaHQ/State/DisabledExternalLayer/Units/Creeps/Wendigo	2	862790	2	.mdx:2
Dota Mod Project/Build/DotaHQ/State/DisabledExternalLayer/Units/Creeps/WendigoShaman	2	909926	2	.mdx:2
Dota Mod Project/Build/DotaHQ/State/DisabledExternalLayer/Units/Creeps/WildkinSmall	3	1451379	3	.mdx:2, .blp:1
Dota Mod Project/Build/DotaHQ/State/DisabledExternalLayer/Units/Creeps/WindSerpent	2	264817	2	.mdx:2
Dota Mod Project/Build/DotaHQ/State/DisabledExternalLayer/Units/Creeps/Zombie	6	3133280	6	.blp:4, .mdx:2
Dota Mod Project/Build/DotaHQ/State/DisabledExternalLayer/Units/Creeps/felstalkerPurple	3	976815	3	.mdx:2, .blp:1
Dota Mod Project/Build/DotaHQ/State/DisabledExternalLayer/Units/Creeps/goblinsapper	12	1386026	12	.blp:10, .mdx:2
Dota Mod Project/Build/DotaHQ/State/DisabledExternalLayer/Units/Creeps/miniboom	2	662234	2	.mdx:2
Dota Mod Project/Build/DotaHQ/State/DisabledExternalLayer/Units/Creeps/tuskarLord	3	921822	3	.mdx:2, .blp:1
Dota Mod Project/Build/DotaHQ/State/DisabledExternalLayer/Units/Critters	47	13835515	0	.mdx:36, .blp:11
Dota Mod Project/Build/DotaHQ/State/DisabledExternalLayer/Units/Critters/BrownWolf	2	626676	2	.mdx:2
Dota Mod Project/Build/DotaHQ/State/DisabledExternalLayer/Units/Critters/DuneWorm	2	308448	2	.mdx:2
Dota Mod Project/Build/DotaHQ/State/DisabledExternalLayer/Units/Critters/EasterChicken	3	725875	3	.mdx:2, .blp:1
Dota Mod Project/Build/DotaHQ/State/DisabledExternalLayer/Units/Critters/EasterRabbit	3	1094747	3	.mdx:2, .blp:1
Dota Mod Project/Build/DotaHQ/State/DisabledExternalLayer/Units/Critters/Felboar	2	608160	2	.mdx:2
Dota Mod Project/Build/DotaHQ/State/DisabledExternalLayer/Units/Critters/HighElfPeasant	2	907283	2	.mdx:2
Dota Mod Project/Build/DotaHQ/State/DisabledExternalLayer/Units/Critters/Hydralisk	9	1992203	9	.blp:7, .mdx:2
Dota Mod Project/Build/DotaHQ/State/DisabledExternalLayer/Units/Critters/MiniPudge	2	516290	2	.mdx:2
Dota Mod Project/Build/DotaHQ/State/DisabledExternalLayer/Units/Critters/PackHorse	2	620240	2	.mdx:2
Dota Mod Project/Build/DotaHQ/State/DisabledExternalLayer/Units/Critters/Penguin	2	420470	2	.mdx:2
Dota Mod Project/Build/DotaHQ/State/DisabledExternalLayer/Units/Critters/Raccoon	3	493983	3	.mdx:2, .blp:1
Dota Mod Project/Build/DotaHQ/State/DisabledExternalLayer/Units/Critters/Seal	2	808422	2	.mdx:2
Dota Mod Project/Build/DotaHQ/State/DisabledExternalLayer/Units/Critters/Skink	2	592974	2	.mdx:2
Dota Mod Project/Build/DotaHQ/State/DisabledExternalLayer/Units/Critters/SnowOwl	3	847586	3	.mdx:2, .blp:1
Dota Mod Project/Build/DotaHQ/State/DisabledExternalLayer/Units/Critters/SpiderCrab	2	350090	2	.mdx:2
Dota Mod Project/Build/DotaHQ/State/DisabledExternalLayer/Units/Critters/VillagerMan	2	1220680	2	.mdx:2
Dota Mod Project/Build/DotaHQ/State/DisabledExternalLayer/Units/Critters/VillagerMan1	2	1220680	2	.mdx:2
Dota Mod Project/Build/DotaHQ/State/DisabledExternalLayer/Units/Critters/Vulture	2	480708	2	.mdx:2
Dota Mod Project/Build/DotaHQ/State/DisabledExternalLayer/Units/Custom	198	70172166	0	.blp:113, .mdx:85
Dota Mod Project/Build/DotaHQ/State/DisabledExternalLayer/Units/Custom/CentaurKhan	2	597206	2	.mdx:2
Dota Mod Project/Build/DotaHQ/State/DisabledExternalLayer/Units/Custom/Clockwerk	6	2166473	6	.blp:4, .mdx:2
Dota Mod Project/Build/DotaHQ/State/DisabledExternalLayer/Units/Custom/DeathWard	8	1435861	8	.blp:6, .mdx:2
Dota Mod Project/Build/DotaHQ/State/DisabledExternalLayer/Units/Custom/DireMelee	2	499290	2	.mdx:2
Dota Mod Project/Build/DotaHQ/State/DisabledExternalLayer/Units/Custom/DireRange	2	754514	2	.mdx:2
Dota Mod Project/Build/DotaHQ/State/DisabledExternalLayer/Units/Custom/Doom	1	67491	1	.blp:1
Dota Mod Project/Build/DotaHQ/State/DisabledExternalLayer/Units/Custom/EarthPandarenBrewmaster	2	528538	2	.mdx:2
Dota Mod Project/Build/DotaHQ/State/DisabledExternalLayer/Units/Custom/Eidelon	7	1766630	7	.blp:5, .mdx:2
Dota Mod Project/Build/DotaHQ/State/DisabledExternalLayer/Units/Custom/EmberSpirit	5	6130750	5	.mdx:5
Dota Mod Project/Build/DotaHQ/State/DisabledExternalLayer/Units/Custom/Enigma	11	3374808	11	.blp:9, .mdx:2
Dota Mod Project/Build/DotaHQ/State/DisabledExternalLayer/Units/Custom/FrostWyrm	2	6377852	2	.mdx:2
Dota Mod Project/Build/DotaHQ/State/DisabledExternalLayer/Units/Custom/IcyGhost	8	1334293	8	.blp:6, .mdx:2
Dota Mod Project/Build/DotaHQ/State/DisabledExternalLayer/Units/Custom/Naix	8	1750117	8	.blp:6, .mdx:2
Dota Mod Project/Build/DotaHQ/State/DisabledExternalLayer/Units/Custom/NecroSummons	16	4605306	16	.mdx:12, .blp:4
Dota Mod Project/Build/DotaHQ/State/DisabledExternalLayer/Units/Custom/OgreMagi	12	2223675	12	.blp:10, .mdx:2
Dota Mod Project/Build/DotaHQ/State/DisabledExternalLayer/Units/Custom/OgreMagiCreep	2	700652	2	.mdx:2
Dota Mod Project/Build/DotaHQ/State/DisabledExternalLayer/Units/Custom/PL	2	1748451	2	.mdx:2
Dota Mod Project/Build/DotaHQ/State/DisabledExternalLayer/Units/Custom/Phoenix	2	136902	2	.mdx:2
Dota Mod Project/Build/DotaHQ/State/DisabledExternalLayer/Units/Custom/Puck	4	1800763	4	.mdx:2, .blp:2
Dota Mod Project/Build/DotaHQ/State/DisabledExternalLayer/Units/Custom/Riki	11	2362992	11	.blp:9, .mdx:2
Dota Mod Project/Build/DotaHQ/State/DisabledExternalLayer/Units/Custom/Rooftrellen	8	3011050	8	.blp:6, .mdx:2
Dota Mod Project/Build/DotaHQ/State/DisabledExternalLayer/Units/Custom/Roshan	5	1611719	5	.blp:3, .mdx:2
Dota Mod Project/Build/DotaHQ/State/DisabledExternalLayer/Units/Custom/SentCreep	2	563334	2	.mdx:2
Dota Mod Project/Build/DotaHQ/State/DisabledExternalLayer/Units/Custom/SentCreepRange	2	730196	2	.mdx:2
Dota Mod Project/Build/DotaHQ/State/DisabledExternalLayer/Units/Custom/Shop	18	9522124	18	.mdx:10, .blp:8
Dota Mod Project/Build/DotaHQ/State/DisabledExternalLayer/Units/Custom/ShopKeeper	3	459053	3	.mdx:2, .blp:1
Dota Mod Project/Build/DotaHQ/State/DisabledExternalLayer/Units/Custom/SkeletonKing	2	839093	2	.mdx:2
Dota Mod Project/Build/DotaHQ/State/DisabledExternalLayer/Units/Custom/SkeletonSmall	4	885145	4	.blp:2, .mdx:2
Dota Mod Project/Build/DotaHQ/State/DisabledExternalLayer/Units/Custom/StormPandarenBrewmaster	5	2116480	5	.blp:3, .mdx:2
Dota Mod Project/Build/DotaHQ/State/DisabledExternalLayer/Units/Custom/StormSpirit	11	1650553	11	.blp:8, .mdx:3
Dota Mod Project/Build/DotaHQ/State/DisabledExternalLayer/Units/Custom/ThunderLizardSmall	4	2858153	4	.blp:2, .mdx:2
Dota Mod Project/Build/DotaHQ/State/DisabledExternalLayer/Units/Custom/Troll	8	1960085	8	.blp:8
Dota Mod Project/Build/DotaHQ/State/DisabledExternalLayer/Units/Custom/Undying	8	2859299	0	.blp:6, .mdx:2
Dota Mod Project/Build/DotaHQ/State/DisabledExternalLayer/Units/Custom/Undying/TombStone	8	2859299	8	.blp:6, .mdx:2
Dota Mod Project/Build/DotaHQ/State/DisabledExternalLayer/Units/Custom/VenWard	2	342924	2	.mdx:1, .blp:1
Dota Mod Project/Build/DotaHQ/State/DisabledExternalLayer/Units/Custom/Wisp	3	400394	3	.blp:3
Dota Mod Project/Build/DotaHQ/State/DisabledExternalLayer/Units/Demon	157	34606315	0	.blp:120, .mdx:37
Dota Mod Project/Build/DotaHQ/State/DisabledExternalLayer/Units/Demon/ChaosHellscream	9	2147776	9	.blp:7, .mdx:2
Dota Mod Project/Build/DotaHQ/State/DisabledExternalLayer/Units/Demon/ChaosPeon	2	817816	2	.mdx:2
Dota Mod Project/Build/DotaHQ/State/DisabledExternalLayer/Units/Demon/ChaosWarlock	6	1683489	6	.blp:4, .mdx:2
Dota Mod Project/Build/DotaHQ/State/DisabledExternalLayer/Units/Demon/ChaosWarlord	16	3881362	16	.blp:14, .mdx:2
Dota Mod Project/Build/DotaHQ/State/DisabledExternalLayer/Units/Demon/DemonessBlue	11	2487600	11	.blp:9, .mdx:2
Dota Mod Project/Build/DotaHQ/State/DisabledExternalLayer/Units/Demon/DoomGuard	14	2817904	14	.blp:12, .mdx:2
Dota Mod Project/Build/DotaHQ/State/DisabledExternalLayer/Units/Demon/Felgaurd	12	2650642	12	.blp:10, .mdx:2
Dota Mod Project/Build/DotaHQ/State/DisabledExternalLayer/Units/Demon/FelgaurdBlue	9	2151824	9	.blp:7, .mdx:2
Dota Mod Project/Build/DotaHQ/State/DisabledExternalLayer/Units/Demon/HeroPitlord	11	2833352	11	.blp:9, .mdx:2
Dota Mod Project/Build/DotaHQ/State/DisabledExternalLayer/Units/Demon/Infernal	20	3410222	20	.blp:13, .mdx:7
Dota Mod Project/Build/DotaHQ/State/DisabledExternalLayer/Units/Demon/Kiljaeden	16	2451707	16	.blp:14, .mdx:2
Dota Mod Project/Build/DotaHQ/State/DisabledExternalLayer/Units/Demon/Warlock	10	3005668	10	.blp:8, .mdx:2
Dota Mod Project/Build/DotaHQ/State/DisabledExternalLayer/Units/Demon/felhound	4	1776852	4	.mdx:4
Dota Mod Project/Build/DotaHQ/State/DisabledExternalLayer/Units/Demon/herochaosblademaster	17	2490101	17	.blp:13, .mdx:4
Dota Mod Project/Build/DotaHQ/State/DisabledExternalLayer/Units/Human	168	47898139	0	.blp:89, .mdx:43, .wav:36
Dota Mod Project/Build/DotaHQ/State/DisabledExternalLayer/Units/Human/Arthas	13	3546475	13	.blp:11, .mdx:2
Dota Mod Project/Build/DotaHQ/State/DisabledExternalLayer/Units/Human/ArthaswithSword	2	489903	2	.mdx:2
Dota Mod Project/Build/DotaHQ/State/DisabledExternalLayer/Units/Human/BloodElfDragonHawk	2	341019	2	.blp:2
Dota Mod Project/Build/DotaHQ/State/DisabledExternalLayer/Units/Human/BloodElfSpellThief	16	2134240	16	.blp:14, .mdx:2
Dota Mod Project/Build/DotaHQ/State/DisabledExternalLayer/Units/Human/GryphonRider	20	4610584	20	.wav:20
Dota Mod Project/Build/DotaHQ/State/DisabledExternalLayer/Units/Human/Gyrocopter	8	2354459	8	.mdx:4, .blp:3, .wav:1
Dota Mod Project/Build/DotaHQ/State/DisabledExternalLayer/Units/Human/HeroArchMage	6	5418563	6	.blp:4, .mdx:2
Dota Mod Project/Build/DotaHQ/State/DisabledExternalLayer/Units/Human/HeroBloodElf	14	2541307	14	.blp:12, .mdx:2
Dota Mod Project/Build/DotaHQ/State/DisabledExternalLayer/Units/Human/HeroMountainKing	7	2144615	7	.blp:5, .mdx:2
Dota Mod Project/Build/DotaHQ/State/DisabledExternalLayer/Units/Human/HeroPaladin	2	2262080	2	.mdx:2
Dota Mod Project/Build/DotaHQ/State/DisabledExternalLayer/Units/Human/Jaina	10	3364101	10	.blp:8, .mdx:2
Dota Mod Project/Build/DotaHQ/State/DisabledExternalLayer/Units/Human/Kael	8	2409437	8	.blp:6, .mdx:2
Dota Mod Project/Build/DotaHQ/State/DisabledExternalLayer/Units/Human/Knight	2	587224	2	.mdx:2
Dota Mod Project/Build/DotaHQ/State/DisabledExternalLayer/Units/Human/Muradin	15	2282359	15	.wav:13, .mdx:2
Dota Mod Project/Build/DotaHQ/State/DisabledExternalLayer/Units/Human/Phoenix	2	2050196	2	.mdx:2
Dota Mod Project/Build/DotaHQ/State/DisabledExternalLayer/Units/Human/Priest	4	2550452	4	.mdx:4
Dota Mod Project/Build/DotaHQ/State/DisabledExternalLayer/Units/Human/Rifleman	6	2318130	6	.blp:4, .mdx:2
Dota Mod Project/Build/DotaHQ/State/DisabledExternalLayer/Units/Human/Sorceress	7	3081736	7	.mdx:4, .blp:2, .wav:1
Dota Mod Project/Build/DotaHQ/State/DisabledExternalLayer/Units/Human/SteamTank	1	83924	1	.wav:1
Dota Mod Project/Build/DotaHQ/State/DisabledExternalLayer/Units/Human/TheCaptain	14	1731091	14	.blp:11, .mdx:3
Dota Mod Project/Build/DotaHQ/State/DisabledExternalLayer/Units/Human/Uther	9	1596244	9	.blp:7, .mdx:2
Dota Mod Project/Build/DotaHQ/State/DisabledExternalLayer/Units/Naga	40	9101876	0	.blp:31, .mdx:9
Dota Mod Project/Build/DotaHQ/State/DisabledExternalLayer/Units/Naga/HeroNagaSeawitch	2	2125456	2	.mdx:2
Dota Mod Project/Build/DotaHQ/State/DisabledExternalLayer/Units/Naga/LadyVashj	13	2443456	13	.blp:10, .mdx:3
Dota Mod Project/Build/DotaHQ/State/DisabledExternalLayer/Units/Naga/NagaRoyalGuard	10	1572636	10	.blp:8, .mdx:2
Dota Mod Project/Build/DotaHQ/State/DisabledExternalLayer/Units/Naga/NagaSiren	15	2960328	15	.blp:13, .mdx:2
Dota Mod Project/Build/DotaHQ/State/DisabledExternalLayer/Units/NightElf	174	46042366	0	.blp:108, .mdx:49, .wav:17
Dota Mod Project/Build/DotaHQ/State/DisabledExternalLayer/Units/NightElf/Ballista	3	1294589	3	.mdx:2, .blp:1
Dota Mod Project/Build/DotaHQ/State/DisabledExternalLayer/Units/NightElf/Chimaera	18	3940284	18	.wav:13, .blp:3, .mdx:2
Dota Mod Project/Build/DotaHQ/State/DisabledExternalLayer/Units/NightElf/DruidOfTheTalon	3	813888	3	.mdx:3
Dota Mod Project/Build/DotaHQ/State/DisabledExternalLayer/Units/NightElf/DruidoftheClaw	17	6583152	17	.blp:13, .mdx:4
Dota Mod Project/Build/DotaHQ/State/DisabledExternalLayer/Units/NightElf/Dryad	10	1969948	10	.blp:8, .mdx:2
Dota Mod Project/Build/DotaHQ/State/DisabledExternalLayer/Units/NightElf/Ent	5	665906	5	.blp:3, .mdx:2
Dota Mod Project/Build/DotaHQ/State/DisabledExternalLayer/Units/NightElf/EvilIllidan	10	1179697	10	.blp:6, .mdx:4
Dota Mod Project/Build/DotaHQ/State/DisabledExternalLayer/Units/NightElf/FaerieDragon	2	245126	2	.mdx:2
Dota Mod Project/Build/DotaHQ/State/DisabledExternalLayer/Units/NightElf/Furion	2	1709018	2	.mdx:2
Dota Mod Project/Build/DotaHQ/State/DisabledExternalLayer/Units/NightElf/HeroDemonHunter	10	2084025	10	.blp:8, .mdx:2
Dota Mod Project/Build/DotaHQ/State/DisabledExternalLayer/Units/NightElf/HeroKeeperoftheGroveGhost	8	3097793	8	.blp:6, .mdx:2
Dota Mod Project/Build/DotaHQ/State/DisabledExternalLayer/Units/NightElf/HeroMoonPriestess	8	1979273	8	.blp:5, .mdx:2, .wav:1
Dota Mod Project/Build/DotaHQ/State/DisabledExternalLayer/Units/NightElf/HeroWarden	16	2514783	16	.blp:13, .mdx:2, .wav:1
Dota Mod Project/Build/DotaHQ/State/DisabledExternalLayer/Units/NightElf/Huntress	16	3335263	16	.blp:13, .mdx:2, .wav:1
Dota Mod Project/Build/DotaHQ/State/DisabledExternalLayer/Units/NightElf/MalFurion	12	2106684	12	.blp:10, .mdx:2
Dota Mod Project/Build/DotaHQ/State/DisabledExternalLayer/Units/NightElf/MountainGiant	8	8154424	8	.mdx:4, .blp:3, .wav:1
Dota Mod Project/Build/DotaHQ/State/DisabledExternalLayer/Units/NightElf/Owl	1	13269	1	.mdx:1
Dota Mod Project/Build/DotaHQ/State/DisabledExternalLayer/Units/NightElf/OwlSCOUT	2	127724	2	.mdx:2
Dota Mod Project/Build/DotaHQ/State/DisabledExternalLayer/Units/NightElf/SpiritOfVengeance	14	2203263	14	.blp:12, .mdx:2
Dota Mod Project/Build/DotaHQ/State/DisabledExternalLayer/Units/NightElf/Vengeance	7	1995303	7	.blp:4, .mdx:3
Dota Mod Project/Build/DotaHQ/State/DisabledExternalLayer/Units/NightElf/Wisp	2	28954	2	.mdx:2
Dota Mod Project/Build/DotaHQ/State/DisabledExternalLayer/Units/Orc	196	40773540	0	.blp:129, .mdx:43, .wav:24
Dota Mod Project/Build/DotaHQ/State/DisabledExternalLayer/Units/Orc/BatTroll	5	1949363	5	.blp:3, .mdx:2
Dota Mod Project/Build/DotaHQ/State/DisabledExternalLayer/Units/Orc/Grunt	3	484713	3	.mdx:3
Dota Mod Project/Build/DotaHQ/State/DisabledExternalLayer/Units/Orc/HeadHunter	13	3298240	13	.blp:9, .mdx:4
Dota Mod Project/Build/DotaHQ/State/DisabledExternalLayer/Units/Orc/HealingWard	6	495920	6	.blp:5, .mdx:1
Dota Mod Project/Build/DotaHQ/State/DisabledExternalLayer/Units/Orc/Hellscream	11	2398254	11	.blp:9, .mdx:2
Dota Mod Project/Build/DotaHQ/State/DisabledExternalLayer/Units/Orc/HeroBladeMaster	3	500462	3	.mdx:2, .wav:1
Dota Mod Project/Build/DotaHQ/State/DisabledExternalLayer/Units/Orc/HeroFarSeer	11	2202770	11	.blp:9, .mdx:2
Dota Mod Project/Build/DotaHQ/State/DisabledExternalLayer/Units/Orc/HeroShadowHunter	16	2030549	16	.blp:14, .mdx:2
Dota Mod Project/Build/DotaHQ/State/DisabledExternalLayer/Units/Orc/HeroTaurenChieftain	6	1230821	6	.blp:4, .mdx:2
Dota Mod Project/Build/DotaHQ/State/DisabledExternalLayer/Units/Orc/OrcWarlockGuldan	8	1961261	8	.blp:6, .mdx:2
Dota Mod Project/Build/DotaHQ/State/DisabledExternalLayer/Units/Orc/Peon	18	2682222	18	.wav:18
Dota Mod Project/Build/DotaHQ/State/DisabledExternalLayer/Units/Orc/SentryWard	5	986629	5	.blp:3, .mdx:2
Dota Mod Project/Build/DotaHQ/State/DisabledExternalLayer/Units/Orc/SerpentWard	3	228949	3	.mdx:2, .blp:1
Dota Mod Project/Build/DotaHQ/State/DisabledExternalLayer/Units/Orc/Shaman	11	2622559	11	.blp:9, .mdx:2
Dota Mod Project/Build/DotaHQ/State/DisabledExternalLayer/Units/Orc/SpiritWyvern	7	2407503	7	.blp:5, .mdx:2
Dota Mod Project/Build/DotaHQ/State/DisabledExternalLayer/Units/Orc/Spiritwalker	18	5122917	18	.blp:11, .wav:5, .mdx:2
Dota Mod Project/Build/DotaHQ/State/DisabledExternalLayer/Units/Orc/Spiritwolf	4	1912537	4	.blp:2, .mdx:2
Dota Mod Project/Build/DotaHQ/State/DisabledExternalLayer/Units/Orc/StasisTotem	1	82541	1	.mdx:1
Dota Mod Project/Build/DotaHQ/State/DisabledExternalLayer/Units/Orc/Tauren	8	2749723	8	.blp:6, .mdx:2
Dota Mod Project/Build/DotaHQ/State/DisabledExternalLayer/Units/Orc/Thrall	27	2856104	27	.blp:25, .mdx:2
Dota Mod Project/Build/DotaHQ/State/DisabledExternalLayer/Units/Orc/WatcherWard	4	173614	4	.blp:2, .mdx:2
Dota Mod Project/Build/DotaHQ/State/DisabledExternalLayer/Units/Orc/WitchDoctor	8	2395889	8	.blp:6, .mdx:2
Dota Mod Project/Build/DotaHQ/State/DisabledExternalLayer/Units/Other	52	18324796	0	.blp:33, .mdx:19
Dota Mod Project/Build/DotaHQ/State/DisabledExternalLayer/Units/Other/BloodElfLieutenant	2	134165	2	.mdx:2
Dota Mod Project/Build/DotaHQ/State/DisabledExternalLayer/Units/Other/DalaranMutant	5	1834950	5	.mdx:4, .blp:1
Dota Mod Project/Build/DotaHQ/State/DisabledExternalLayer/Units/Other/DiabloCar	1	50808	1	.blp:1
Dota Mod Project/Build/DotaHQ/State/DisabledExternalLayer/Units/Other/Dranai	2	3160162	2	.mdx:2
Dota Mod Project/Build/DotaHQ/State/DisabledExternalLayer/Units/Other/DranaiAkama	18	3221082	18	.blp:16, .mdx:2
Dota Mod Project/Build/DotaHQ/State/DisabledExternalLayer/Units/Other/DranaiMage	9	1751018	9	.blp:7, .mdx:2
Dota Mod Project/Build/DotaHQ/State/DisabledExternalLayer/Units/Other/FleshGolem	5	2281151	5	.blp:3, .mdx:2
Dota Mod Project/Build/DotaHQ/State/DisabledExternalLayer/Units/Other/HeroArchMageGhost	2	4360851	2	.mdx:2
Dota Mod Project/Build/DotaHQ/State/DisabledExternalLayer/Units/Other/Orccar	2	165242	2	.blp:2
Dota Mod Project/Build/DotaHQ/State/DisabledExternalLayer/Units/Other/Proudmoore	4	1324939	4	.blp:2, .mdx:2
Dota Mod Project/Build/DotaHQ/State/DisabledExternalLayer/Units/Other/TNTBarrel	1	12791	1	.mdx:1
Dota Mod Project/Build/DotaHQ/State/DisabledExternalLayer/Units/Other/UndeadCar	1	27637	1	.blp:1
Dota Mod Project/Build/DotaHQ/State/DisabledExternalLayer/Units/Undead	157	54659700	0	.blp:87, .mdx:46, .wav:24
Dota Mod Project/Build/DotaHQ/State/DisabledExternalLayer/Units/Undead/Abomination	11	1923431	11	.blp:8, .mdx:3
Dota Mod Project/Build/DotaHQ/State/DisabledExternalLayer/Units/Undead/Acolyte	1	684615	1	.mdx:1
Dota Mod Project/Build/DotaHQ/State/DisabledExternalLayer/Units/Undead/Banshee	14	2510623	14	.blp:11, .mdx:2, .wav:1
Dota Mod Project/Build/DotaHQ/State/DisabledExternalLayer/Units/Undead/FrostWyrm	3	2331325	3	.mdx:3
Dota Mod Project/Build/DotaHQ/State/DisabledExternalLayer/Units/Undead/Gargoyle	8	2068196	8	.blp:6, .mdx:2
Dota Mod Project/Build/DotaHQ/State/DisabledExternalLayer/Units/Undead/Ghoul	2	1356904	2	.mdx:2
Dota Mod Project/Build/DotaHQ/State/DisabledExternalLayer/Units/Undead/HeroCryptLord	7	2318825	7	.blp:5, .mdx:2
Dota Mod Project/Build/DotaHQ/State/DisabledExternalLayer/Units/Undead/HeroDeathKnight	10	2457022	10	.blp:7, .mdx:3
Dota Mod Project/Build/DotaHQ/State/DisabledExternalLayer/Units/Undead/HeroDreadLord	2	1089373	2	.mdx:2
Dota Mod Project/Build/DotaHQ/State/DisabledExternalLayer/Units/Undead/HeroLich	30	13851735	30	.wav:22, .blp:4, .mdx:4
Dota Mod Project/Build/DotaHQ/State/DisabledExternalLayer/Units/Undead/HeroLichCIN	3	2740026	3	.mdx:3
Dota Mod Project/Build/DotaHQ/State/DisabledExternalLayer/Units/Undead/KelthuzadGhost	8	1709171	8	.blp:6, .mdx:2
Dota Mod Project/Build/DotaHQ/State/DisabledExternalLayer/Units/Undead/Meatwagon	3	2006778	3	.mdx:2, .blp:1
Dota Mod Project/Build/DotaHQ/State/DisabledExternalLayer/Units/Undead/Necromancer	8	1708937	8	.blp:6, .mdx:2
Dota Mod Project/Build/DotaHQ/State/DisabledExternalLayer/Units/Undead/ObsidianStatue	10	2845311	10	.blp:8, .mdx:2
Dota Mod Project/Build/DotaHQ/State/DisabledExternalLayer/Units/Undead/Shade	2	679304	2	.mdx:2
Dota Mod Project/Build/DotaHQ/State/DisabledExternalLayer/Units/Undead/Skeleton	14	4493627	14	.blp:10, .mdx:3, .wav:1
Dota Mod Project/Build/DotaHQ/State/DisabledExternalLayer/Units/Undead/SkeletonMage	8	3599114	8	.blp:6, .mdx:2
Dota Mod Project/Build/DotaHQ/State/DisabledExternalLayer/Units/Undead/Tichondrius	11	3658707	11	.blp:9, .mdx:2
Dota Mod Project/Build/DotaHQ/State/DisabledExternalLayer/Units/Undead/scarab	2	626676	2	.mdx:2
Dota Mod Project/Build/DotaHQ/State/DisabledExternalLayer/War3MapImported	64	4419710	40	.mdx:36, .blp:28
Dota Mod Project/Build/DotaHQ/State/DisabledExternalLayer/War3MapImported/AuraTexture	6	551857	6	.blp:6
Dota Mod Project/Build/DotaHQ/State/DisabledExternalLayer/War3MapImported/DeathPulseTextures	4	524129	4	.blp:4
Dota Mod Project/Build/DotaHQ/State/DisabledExternalLayer/War3MapImported/DemonicPurgeTextures	3	36531	3	.blp:3
Dota Mod Project/Build/DotaHQ/State/DisabledExternalLayer/War3MapImported/OrchidTexture	1	91388	1	.blp:1
Dota Mod Project/Build/DotaHQ/State/DisabledExternalLayer/War3MapImported/PipeTextures	3	24426	3	.blp:3
Dota Mod Project/Build/DotaHQ/State/DisabledExternalLayer/War3MapImported/ShivaTextures	4	844371	4	.blp:4
Dota Mod Project/Build/DotaHQ/State/DisabledExternalLayer/War3MapImported/bmagha_Textures	3	276438	3	.blp:3
Dota Mod Project/Build/DotaHQ/State/DisabledExternalLayer/effects	10	1976731	4	.blp:6, .mdx:4
Dota Mod Project/Build/DotaHQ/State/DisabledExternalLayer/effects/HealingSalveTexture	2	776306	2	.blp:2
Dota Mod Project/Build/DotaHQ/State/DisabledExternalLayer/effects/ManaAuraTexture	4	1105464	4	.blp:4
Dota Mod Project/Build/DotaHQ/State/DisabledExternalLayer/fonts	10	41400	10	.tga:10
Dota Mod Project/Build/DotaHQ/State/DisabledExternalSoundLinks	2	235	2	.slk:2
Dota Mod Project/Build/DotaHQ/State/ExternalBackup	5422	108452270	0	.mp3:5385, .wav:37
Dota Mod Project/Build/DotaHQ/State/ExternalBackup/Dota2	5422	108452270	0	.mp3:5385, .wav:37
Dota Mod Project/Build/DotaHQ/State/ExternalBackup/Dota2/Sound	5422	108452270	0	.mp3:5385, .wav:37
Dota Mod Project/Build/DotaHQ/State/ExternalBackup/Dota2/Sound/Abilities	606	12068671	0	.mp3:580, .wav:26
Dota Mod Project/Build/DotaHQ/State/ExternalBackup/Dota2/Sound/Abilities/Akasha	4	117454	4	.mp3:4
Dota Mod Project/Build/DotaHQ/State/ExternalBackup/Dota2/Sound/Abilities/Alchemist	10	145470	10	.mp3:10
Dota Mod Project/Build/DotaHQ/State/ExternalBackup/Dota2/Sound/Abilities/Ancient	4	93004	4	.mp3:4
Dota Mod Project/Build/DotaHQ/State/ExternalBackup/Dota2/Sound/Abilities/Axe	3	30538	3	.mp3:3
Dota Mod Project/Build/DotaHQ/State/ExternalBackup/Dota2/Sound/Abilities/Balanar	3	57789	3	.mp3:3
Dota Mod Project/Build/DotaHQ/State/ExternalBackup/Dota2/Sound/Abilities/Bane	4	85291	4	.mp3:4
Dota Mod Project/Build/DotaHQ/State/ExternalBackup/Dota2/Sound/Abilities/Bara	1	10974	1	.mp3:1
Dota Mod Project/Build/DotaHQ/State/ExternalBackup/Dota2/Sound/Abilities/Batrider	4	61030	4	.mp3:4
Dota Mod Project/Build/DotaHQ/State/ExternalBackup/Dota2/Sound/Abilities/Beastmaster	16	244697	16	.mp3:16
Dota Mod Project/Build/DotaHQ/State/ExternalBackup/Dota2/Sound/Abilities/Bloodseeker	3	52100	3	.mp3:3
Dota Mod Project/Build/DotaHQ/State/ExternalBackup/Dota2/Sound/Abilities/Brewmaster	28	537137	28	.mp3:28
Dota Mod Project/Build/DotaHQ/State/ExternalBackup/Dota2/Sound/Abilities/Broodmother	3	71791	3	.mp3:3
Dota Mod Project/Build/DotaHQ/State/ExternalBackup/Dota2/Sound/Abilities/Chen	4	85481	4	.mp3:4
Dota Mod Project/Build/DotaHQ/State/ExternalBackup/Dota2/Sound/Abilities/Clinkz	3	52147	3	.mp3:3
Dota Mod Project/Build/DotaHQ/State/ExternalBackup/Dota2/Sound/Abilities/Clock	4	50282	4	.mp3:4
Dota Mod Project/Build/DotaHQ/State/ExternalBackup/Dota2/Sound/Abilities/Crixalis	4	59306	4	.mp3:4
Dota Mod Project/Build/DotaHQ/State/ExternalBackup/Dota2/Sound/Abilities/DarkSeer	4	73359	4	.mp3:4
Dota Mod Project/Build/DotaHQ/State/ExternalBackup/Dota2/Sound/Abilities/Davion	3	62596	3	.mp3:3
Dota Mod Project/Build/DotaHQ/State/ExternalBackup/Dota2/Sound/Abilities/Dazzle	4	62702	4	.mp3:4
Dota Mod Project/Build/DotaHQ/State/ExternalBackup/Dota2/Sound/Abilities/Doctor	4	60025	4	.mp3:4
Dota Mod Project/Build/DotaHQ/State/ExternalBackup/Dota2/Sound/Abilities/Doom	4	83182	4	.mp3:4
Dota Mod Project/Build/DotaHQ/State/ExternalBackup/Dota2/Sound/Abilities/Drow	1	19381	1	.mp3:1
Dota Mod Project/Build/DotaHQ/State/ExternalBackup/Dota2/Sound/Abilities/Earthshaker	20	226696	20	.mp3:20
Dota Mod Project/Build/DotaHQ/State/ExternalBackup/Dota2/Sound/Abilities/Enchantress	3	33130	3	.mp3:3
Dota Mod Project/Build/DotaHQ/State/ExternalBackup/Dota2/Sound/Abilities/Enigma	1	42947	1	.mp3:1
Dota Mod Project/Build/DotaHQ/State/ExternalBackup/Dota2/Sound/Abilities/Eredar	5	135952	5	.mp3:5
Dota Mod Project/Build/DotaHQ/State/ExternalBackup/Dota2/Sound/Abilities/Furion	4	53716	4	.mp3:4
Dota Mod Project/Build/DotaHQ/State/ExternalBackup/Dota2/Sound/Abilities/Gondar	18	328761	18	.mp3:18
Dota Mod Project/Build/DotaHQ/State/ExternalBackup/Dota2/Sound/Abilities/Gyro	6	123728	6	.mp3:6
Dota Mod Project/Build/DotaHQ/State/ExternalBackup/Dota2/Sound/Abilities/Harbinger	2	37412	2	.mp3:2
Dota Mod Project/Build/DotaHQ/State/ExternalBackup/Dota2/Sound/Abilities/Huskar	2	30724	2	.mp3:2
Dota Mod Project/Build/DotaHQ/State/ExternalBackup/Dota2/Sound/Abilities/Invoker	76	1722158	76	.mp3:76
Dota Mod Project/Build/DotaHQ/State/ExternalBackup/Dota2/Sound/Abilities/Krobelus	3	69074	3	.mp3:3
Dota Mod Project/Build/DotaHQ/State/ExternalBackup/Dota2/Sound/Abilities/Kunkka	13	164282	13	.mp3:13
Dota Mod Project/Build/DotaHQ/State/ExternalBackup/Dota2/Sound/Abilities/Leoric	23	439219	23	.mp3:23
Dota Mod Project/Build/DotaHQ/State/ExternalBackup/Dota2/Sound/Abilities/Leshrac	4	91750	4	.mp3:4
Dota Mod Project/Build/DotaHQ/State/ExternalBackup/Dota2/Sound/Abilities/Lich	7	136952	7	.mp3:7
Dota Mod Project/Build/DotaHQ/State/ExternalBackup/Dota2/Sound/Abilities/Lina	2	30336	2	.mp3:2
Dota Mod Project/Build/DotaHQ/State/ExternalBackup/Dota2/Sound/Abilities/Lion	2	18143	2	.mp3:2
Dota Mod Project/Build/DotaHQ/State/ExternalBackup/Dota2/Sound/Abilities/Luna	2	16723	2	.mp3:2
Dota Mod Project/Build/DotaHQ/State/ExternalBackup/Dota2/Sound/Abilities/Lycan	3	64894	3	.mp3:3
Dota Mod Project/Build/DotaHQ/State/ExternalBackup/Dota2/Sound/Abilities/Magina	2	35462	2	.mp3:2
Dota Mod Project/Build/DotaHQ/State/ExternalBackup/Dota2/Sound/Abilities/Mirana	11	167097	11	.mp3:11
Dota Mod Project/Build/DotaHQ/State/ExternalBackup/Dota2/Sound/Abilities/Morphling	1	30618	1	.mp3:1
Dota Mod Project/Build/DotaHQ/State/ExternalBackup/Dota2/Sound/Abilities/Mortred	4	65419	4	.mp3:4
Dota Mod Project/Build/DotaHQ/State/ExternalBackup/Dota2/Sound/Abilities/Naix	3	66358	3	.mp3:3
Dota Mod Project/Build/DotaHQ/State/ExternalBackup/Dota2/Sound/Abilities/Necrolyte	2	37103	2	.mp3:2
Dota Mod Project/Build/DotaHQ/State/ExternalBackup/Dota2/Sound/Abilities/Nessaj	2	31978	2	.mp3:2
Dota Mod Project/Build/DotaHQ/State/ExternalBackup/Dota2/Sound/Abilities/Nevermore	18	360346	18	.mp3:18
Dota Mod Project/Build/DotaHQ/State/ExternalBackup/Dota2/Sound/Abilities/OgreMagi	26	2054640	26	.wav:26
Dota Mod Project/Build/DotaHQ/State/ExternalBackup/Dota2/Sound/Abilities/Omni	25	457195	25	.mp3:25
Dota Mod Project/Build/DotaHQ/State/ExternalBackup/Dota2/Sound/Abilities/PL	12	165746	12	.mp3:12
Dota Mod Project/Build/DotaHQ/State/ExternalBackup/Dota2/Sound/Abilities/Puck	4	24206	4	.mp3:4
Dota Mod Project/Build/DotaHQ/State/ExternalBackup/Dota2/Sound/Abilities/Pudge	5	223413	5	.mp3:5
Dota Mod Project/Build/DotaHQ/State/ExternalBackup/Dota2/Sound/Abilities/Pugna	4	62911	4	.mp3:4
Dota Mod Project/Build/DotaHQ/State/ExternalBackup/Dota2/Sound/Abilities/Razor	3	55951	3	.mp3:3
Dota Mod Project/Build/DotaHQ/State/ExternalBackup/Dota2/Sound/Abilities/Rhasta	5	55450	5	.mp3:5
Dota Mod Project/Build/DotaHQ/State/ExternalBackup/Dota2/Sound/Abilities/Riki	2	15482	2	.mp3:2
Dota Mod Project/Build/DotaHQ/State/ExternalBackup/Dota2/Sound/Abilities/Rubick	3	50684	3	.mp3:3
Dota Mod Project/Build/DotaHQ/State/ExternalBackup/Dota2/Sound/Abilities/Silencer	2	40128	2	.mp3:2
Dota Mod Project/Build/DotaHQ/State/ExternalBackup/Dota2/Sound/Abilities/Slardar	1	29012	1	.mp3:1
Dota Mod Project/Build/DotaHQ/State/ExternalBackup/Dota2/Sound/Abilities/Sniper	7	78907	7	.mp3:7
Dota Mod Project/Build/DotaHQ/State/ExternalBackup/Dota2/Sound/Abilities/Spectre	2	41174	2	.mp3:2
Dota Mod Project/Build/DotaHQ/State/ExternalBackup/Dota2/Sound/Abilities/Storm	6	79248	6	.mp3:6
Dota Mod Project/Build/DotaHQ/State/ExternalBackup/Dota2/Sound/Abilities/Sven	23	239229	23	.mp3:23
Dota Mod Project/Build/DotaHQ/State/ExternalBackup/Dota2/Sound/Abilities/Sylla	4	53716	4	.mp3:4
Dota Mod Project/Build/DotaHQ/State/ExternalBackup/Dota2/Sound/Abilities/Tide	2	35356	2	.mp3:2
Dota Mod Project/Build/DotaHQ/State/ExternalBackup/Dota2/Sound/Abilities/Tinker	31	656159	31	.mp3:31
Dota Mod Project/Build/DotaHQ/State/ExternalBackup/Dota2/Sound/Abilities/Tiny	18	261074	18	.mp3:18
Dota Mod Project/Build/DotaHQ/State/ExternalBackup/Dota2/Sound/Abilities/Treant	7	195306	7	.mp3:7
Dota Mod Project/Build/DotaHQ/State/ExternalBackup/Dota2/Sound/Abilities/Ursa	3	33757	3	.mp3:3
Dota Mod Project/Build/DotaHQ/State/ExternalBackup/Dota2/Sound/Abilities/Venge	2	38996	2	.mp3:2
Dota Mod Project/Build/DotaHQ/State/ExternalBackup/Dota2/Sound/Abilities/Veno	3	49221	3	.mp3:3
Dota Mod Project/Build/DotaHQ/State/ExternalBackup/Dota2/Sound/Abilities/Viper	1	20796	1	.mp3:1
Dota Mod Project/Build/DotaHQ/State/ExternalBackup/Dota2/Sound/Abilities/Void	3	52565	3	.mp3:3
Dota Mod Project/Build/DotaHQ/State/ExternalBackup/Dota2/Sound/Abilities/Warlock	1	33393	1	.mp3:1
Dota Mod Project/Build/DotaHQ/State/ExternalBackup/Dota2/Sound/Abilities/Weaver	7	106698	7	.mp3:7
Dota Mod Project/Build/DotaHQ/State/ExternalBackup/Dota2/Sound/Abilities/Wind	4	30351	4	.mp3:4
Dota Mod Project/Build/DotaHQ/State/ExternalBackup/Dota2/Sound/Abilities/Yurnero	33	151193	33	.mp3:33
Dota Mod Project/Build/DotaHQ/State/ExternalBackup/Dota2/Sound/Heroes	4816	96383599	0	.mp3:4805, .wav:11
Dota Mod Project/Build/DotaHQ/State/ExternalBackup/Dota2/Sound/Heroes/alchemist	100	1537677	100	.mp3:100
Dota Mod Project/Build/DotaHQ/State/ExternalBackup/Dota2/Sound/Heroes/ancient_apparition	64	1979587	64	.mp3:64
Dota Mod Project/Build/DotaHQ/State/ExternalBackup/Dota2/Sound/Heroes/antimage	56	1040058	56	.mp3:56
Dota Mod Project/Build/DotaHQ/State/ExternalBackup/Dota2/Sound/Heroes/axe	57	868109	57	.mp3:57
Dota Mod Project/Build/DotaHQ/State/ExternalBackup/Dota2/Sound/Heroes/bane	74	1656602	74	.mp3:74
Dota Mod Project/Build/DotaHQ/State/ExternalBackup/Dota2/Sound/Heroes/batrider	72	1310244	72	.mp3:72
Dota Mod Project/Build/DotaHQ/State/ExternalBackup/Dota2/Sound/Heroes/beastmaster	75	1427177	75	.mp3:75
Dota Mod Project/Build/DotaHQ/State/ExternalBackup/Dota2/Sound/Heroes/bloodseeker	58	908110	58	.mp3:58
Dota Mod Project/Build/DotaHQ/State/ExternalBackup/Dota2/Sound/Heroes/brewmaster	86	1754772	86	.mp3:86
Dota Mod Project/Build/DotaHQ/State/ExternalBackup/Dota2/Sound/Heroes/centaur	70	1109413	70	.mp3:70
Dota Mod Project/Build/DotaHQ/State/ExternalBackup/Dota2/Sound/Heroes/chen	61	1060805	61	.mp3:61
Dota Mod Project/Build/DotaHQ/State/ExternalBackup/Dota2/Sound/Heroes/clinkz	69	1555478	69	.mp3:69
Dota Mod Project/Build/DotaHQ/State/ExternalBackup/Dota2/Sound/Heroes/dazzle	62	1305626	62	.mp3:62
Dota Mod Project/Build/DotaHQ/State/ExternalBackup/Dota2/Sound/Heroes/death_prophet	80	1804706	80	.mp3:80
Dota Mod Project/Build/DotaHQ/State/ExternalBackup/Dota2/Sound/Heroes/doom_bringer	54	1306443	54	.mp3:54
Dota Mod Project/Build/DotaHQ/State/ExternalBackup/Dota2/Sound/Heroes/drowranger	62	1213605	62	.mp3:62
Dota Mod Project/Build/DotaHQ/State/ExternalBackup/Dota2/Sound/Heroes/earthshaker	61	997531	61	.mp3:61
Dota Mod Project/Build/DotaHQ/State/ExternalBackup/Dota2/Sound/Heroes/enchantress	65	901365	65	.mp3:65
Dota Mod Project/Build/DotaHQ/State/ExternalBackup/Dota2/Sound/Heroes/enigma	59	1478972	59	.mp3:59
Dota Mod Project/Build/DotaHQ/State/ExternalBackup/Dota2/Sound/Heroes/faceless_void	61	1276055	61	.mp3:61
Dota Mod Project/Build/DotaHQ/State/ExternalBackup/Dota2/Sound/Heroes/furion	57	1286495	57	.mp3:57
Dota Mod Project/Build/DotaHQ/State/ExternalBackup/Dota2/Sound/Heroes/huskar	63	1106161	63	.mp3:63
Dota Mod Project/Build/DotaHQ/State/ExternalBackup/Dota2/Sound/Heroes/invoker	82	2014947	82	.mp3:82
Dota Mod Project/Build/DotaHQ/State/ExternalBackup/Dota2/Sound/Heroes/jakiro	62	2086090	62	.mp3:62
Dota Mod Project/Build/DotaHQ/State/ExternalBackup/Dota2/Sound/Heroes/juggernaut	70	969004	70	.mp3:70
Dota Mod Project/Build/DotaHQ/State/ExternalBackup/Dota2/Sound/Heroes/kunkka	56	785604	56	.mp3:56
Dota Mod Project/Build/DotaHQ/State/ExternalBackup/Dota2/Sound/Heroes/leshrac	53	1188891	53	.mp3:53
Dota Mod Project/Build/DotaHQ/State/ExternalBackup/Dota2/Sound/Heroes/lich	61	1346705	61	.mp3:61
Dota Mod Project/Build/DotaHQ/State/ExternalBackup/Dota2/Sound/Heroes/lina	63	895357	63	.mp3:63
Dota Mod Project/Build/DotaHQ/State/ExternalBackup/Dota2/Sound/Heroes/lion	58	1164321	58	.mp3:58
Dota Mod Project/Build/DotaHQ/State/ExternalBackup/Dota2/Sound/Heroes/luna	65	952148	65	.mp3:65
Dota Mod Project/Build/DotaHQ/State/ExternalBackup/Dota2/Sound/Heroes/lycan	71	1622144	71	.mp3:71
Dota Mod Project/Build/DotaHQ/State/ExternalBackup/Dota2/Sound/Heroes/magnataur	79	1400020	79	.mp3:79
Dota Mod Project/Build/DotaHQ/State/ExternalBackup/Dota2/Sound/Heroes/medusa	82	1702316	82	.mp3:82
Dota Mod Project/Build/DotaHQ/State/ExternalBackup/Dota2/Sound/Heroes/meepo	71	819247	71	.mp3:71
Dota Mod Project/Build/DotaHQ/State/ExternalBackup/Dota2/Sound/Heroes/mirana	71	1264420	71	.mp3:71
Dota Mod Project/Build/DotaHQ/State/ExternalBackup/Dota2/Sound/Heroes/morphling	58	1478444	58	.mp3:58
Dota Mod Project/Build/DotaHQ/State/ExternalBackup/Dota2/Sound/Heroes/necrolyte	70	1634789	70	.mp3:70
Dota Mod Project/Build/DotaHQ/State/ExternalBackup/Dota2/Sound/Heroes/nevermore	75	2025415	75	.mp3:75
Dota Mod Project/Build/DotaHQ/State/ExternalBackup/Dota2/Sound/Heroes/night_stalker	61	1401443	61	.mp3:61
Dota Mod Project/Build/DotaHQ/State/ExternalBackup/Dota2/Sound/Heroes/outworld_destroyer	67	1620463	67	.mp3:67
Dota Mod Project/Build/DotaHQ/State/ExternalBackup/Dota2/Sound/Heroes/puck	53	992266	53	.mp3:53
Dota Mod Project/Build/DotaHQ/State/ExternalBackup/Dota2/Sound/Heroes/pudge	74	1208332	74	.mp3:74
Dota Mod Project/Build/DotaHQ/State/ExternalBackup/Dota2/Sound/Heroes/pugna	73	1704279	73	.mp3:73
Dota Mod Project/Build/DotaHQ/State/ExternalBackup/Dota2/Sound/Heroes/razor	58	1403528	58	.mp3:58
Dota Mod Project/Build/DotaHQ/State/ExternalBackup/Dota2/Sound/Heroes/riki	75	1132939	75	.mp3:75
Dota Mod Project/Build/DotaHQ/State/ExternalBackup/Dota2/Sound/Heroes/rubick	73	1307216	73	.mp3:73
Dota Mod Project/Build/DotaHQ/State/ExternalBackup/Dota2/Sound/Heroes/sandking	71	1369694	71	.mp3:71
Dota Mod Project/Build/DotaHQ/State/ExternalBackup/Dota2/Sound/Heroes/silencer	69	1207315	69	.mp3:69
Dota Mod Project/Build/DotaHQ/State/ExternalBackup/Dota2/Sound/Heroes/skeleton_king	64	1231653	64	.mp3:64
Dota Mod Project/Build/DotaHQ/State/ExternalBackup/Dota2/Sound/Heroes/slardar	66	1540517	66	.mp3:66
Dota Mod Project/Build/DotaHQ/State/ExternalBackup/Dota2/Sound/Heroes/slark	74	1338674	74	.mp3:74
Dota Mod Project/Build/DotaHQ/State/ExternalBackup/Dota2/Sound/Heroes/sniper	76	1138264	76	.mp3:76
Dota Mod Project/Build/DotaHQ/State/ExternalBackup/Dota2/Sound/Heroes/spectre	40	892845	40	.mp3:40
Dota Mod Project/Build/DotaHQ/State/ExternalBackup/Dota2/Sound/Heroes/spirit_breaker	74	1511286	74	.mp3:74
Dota Mod Project/Build/DotaHQ/State/ExternalBackup/Dota2/Sound/Heroes/stormspirit	57	1013043	57	.mp3:57
Dota Mod Project/Build/DotaHQ/State/ExternalBackup/Dota2/Sound/Heroes/sven	90	1322826	90	.mp3:90
Dota Mod Project/Build/DotaHQ/State/ExternalBackup/Dota2/Sound/Heroes/tidehunter	55	1194416	55	.mp3:55
Dota Mod Project/Build/DotaHQ/State/ExternalBackup/Dota2/Sound/Heroes/tinker	86	1487072	86	.mp3:86
Dota Mod Project/Build/DotaHQ/State/ExternalBackup/Dota2/Sound/Heroes/tiny	62	1192573	62	.mp3:62
Dota Mod Project/Build/DotaHQ/State/ExternalBackup/Dota2/Sound/Heroes/treant	86	2113384	86	.mp3:86
Dota Mod Project/Build/DotaHQ/State/ExternalBackup/Dota2/Sound/Heroes/troll_warlord	62	1302913	62	.mp3:62
Dota Mod Project/Build/DotaHQ/State/ExternalBackup/Dota2/Sound/Heroes/ursa	111	1781056	111	.mp3:111
Dota Mod Project/Build/DotaHQ/State/ExternalBackup/Dota2/Sound/Heroes/vengefulspirit	72	1764629	72	.mp3:72
Dota Mod Project/Build/DotaHQ/State/ExternalBackup/Dota2/Sound/Heroes/venomancer	63	1393922	63	.mp3:63
Dota Mod Project/Build/DotaHQ/State/ExternalBackup/Dota2/Sound/Heroes/viper	60	1226629	60	.mp3:60
Dota Mod Project/Build/DotaHQ/State/ExternalBackup/Dota2/Sound/Heroes/visage	81	1483823	81	.mp3:81
Dota Mod Project/Build/DotaHQ/State/ExternalBackup/Dota2/Sound/Heroes/warlock	57	1698892	57	.mp3:57
Dota Mod Project/Build/DotaHQ/State/ExternalBackup/Dota2/Sound/Heroes/weaver	68	1157684	68	.mp3:68
Dota Mod Project/Build/DotaHQ/State/ExternalBackup/Dota2/Sound/Heroes/windrunner	63	686684	63	.mp3:63
Dota Mod Project/Build/DotaHQ/State/ExternalBackup/Dota2/Sound/Heroes/wisp	11	1272567	11	.wav:11
Dota Mod Project/Build/DotaHQ/State/ExternalBackup/Dota2/Sound/Heroes/zuus	51	1055919	51	.mp3:51
Dota Mod Project/Build/DotaHQ/State/RuntimeOverrideBackup	2474	95010465	3	.blp:2286, .mdx:171, .tga:15, .wav:1, .slk:1
Dota Mod Project/Build/DotaHQ/State/RuntimeOverrideBackup/Doodads	271	55090233	4	.mdx:157, .blp:113, .wav:1
Dota Mod Project/Build/DotaHQ/State/RuntimeOverrideBackup/Doodads/Ashenvale	54	18282792	0	.mdx:33, .blp:21
Dota Mod Project/Build/DotaHQ/State/RuntimeOverrideBackup/Doodads/Ashenvale/Plants	8	703440	0	.mdx:7, .blp:1
Dota Mod Project/Build/DotaHQ/State/RuntimeOverrideBackup/Doodads/Ashenvale/Plants/AshenCanopyTree	3	508254	3	.mdx:3
Dota Mod Project/Build/DotaHQ/State/RuntimeOverrideBackup/Doodads/Ashenvale/Plants/AshenShrooms	5	195186	5	.mdx:4, .blp:1
Dota Mod Project/Build/DotaHQ/State/RuntimeOverrideBackup/Doodads/Ashenvale/Props	25	5553554	0	.blp:13, .mdx:12
Dota Mod Project/Build/DotaHQ/State/RuntimeOverrideBackup/Doodads/Ashenvale/Props/AshenHollowStump	1	51409	1	.mdx:1
Dota Mod Project/Build/DotaHQ/State/RuntimeOverrideBackup/Doodads/Ashenvale/Props/AshenObilisk	2	662504	2	.mdx:1, .blp:1
Dota Mod Project/Build/DotaHQ/State/RuntimeOverrideBackup/Doodads/Ashenvale/Props/Brazier	7	1278807	7	.blp:6, .mdx:1
Dota Mod Project/Build/DotaHQ/State/RuntimeOverrideBackup/Doodads/Ashenvale/Props/KeeperStatue	1	742537	1	.mdx:1
Dota Mod Project/Build/DotaHQ/State/RuntimeOverrideBackup/Doodads/Ashenvale/Props/Obelisk	2	882789	2	.blp:1, .mdx:1
Dota Mod Project/Build/DotaHQ/State/RuntimeOverrideBackup/Doodads/Ashenvale/Props/ScorchedRemains	3	391317	3	.mdx:3
Dota Mod Project/Build/DotaHQ/State/RuntimeOverrideBackup/Doodads/Ashenvale/Props/SentinelStatue	1	351335	1	.mdx:1
Dota Mod Project/Build/DotaHQ/State/RuntimeOverrideBackup/Doodads/Ashenvale/Props/Totem	8	1192856	8	.blp:5, .mdx:3
Dota Mod Project/Build/DotaHQ/State/RuntimeOverrideBackup/Doodads/Ashenvale/Rocks	16	10591651	0	.mdx:11, .blp:5
Dota Mod Project/Build/DotaHQ/State/RuntimeOverrideBackup/Doodads/Ashenvale/Rocks/AshenRock	16	10591651	16	.mdx:11, .blp:5
Dota Mod Project/Build/DotaHQ/State/RuntimeOverrideBackup/Doodads/Ashenvale/Structures	5	1434147	0	.mdx:3, .blp:2
Dota Mod Project/Build/DotaHQ/State/RuntimeOverrideBackup/Doodads/Ashenvale/Structures/AshenBrokenColumn	4	1386230	4	.mdx:2, .blp:2
Dota Mod Project/Build/DotaHQ/State/RuntimeOverrideBackup/Doodads/Ashenvale/Structures/AshenRuinsBlocks	1	47917	1	.mdx:1
Dota Mod Project/Build/DotaHQ/State/RuntimeOverrideBackup/Doodads/Barrens	3	189184	0	.mdx:2, .blp:1
Dota Mod Project/Build/DotaHQ/State/RuntimeOverrideBackup/Doodads/Barrens/Rocks	3	189184	0	.mdx:2, .blp:1
Dota Mod Project/Build/DotaHQ/State/RuntimeOverrideBackup/Doodads/Barrens/Rocks/BarrensFissure	3	189184	3	.mdx:2, .blp:1
Dota Mod Project/Build/DotaHQ/State/RuntimeOverrideBackup/Doodads/BlackCitadel	9	784409	0	.blp:8, .mdx:1
Dota Mod Project/Build/DotaHQ/State/RuntimeOverrideBackup/Doodads/BlackCitadel/Props	9	784409	0	.blp:8, .mdx:1
Dota Mod Project/Build/DotaHQ/State/RuntimeOverrideBackup/Doodads/BlackCitadel/Props/RuneArt	9	784409	9	.blp:8, .mdx:1
Dota Mod Project/Build/DotaHQ/State/RuntimeOverrideBackup/Doodads/Cinematic	6	4268608	0	.blp:5, .mdx:1
Dota Mod Project/Build/DotaHQ/State/RuntimeOverrideBackup/Doodads/Cinematic/EyeOfSargeras	1	16781	1	.blp:1
Dota Mod Project/Build/DotaHQ/State/RuntimeOverrideBackup/Doodads/Cinematic/LichKing	5	4251827	5	.blp:4, .mdx:1
Dota Mod Project/Build/DotaHQ/State/RuntimeOverrideBackup/Doodads/Felwood	26	1707289	0	.mdx:21, .blp:5
Dota Mod Project/Build/DotaHQ/State/RuntimeOverrideBackup/Doodads/Felwood/Plants	8	235033	0	.mdx:6, .blp:2
Dota Mod Project/Build/DotaHQ/State/RuntimeOverrideBackup/Doodads/Felwood/Plants/FelwoodCatTail	3	28493	3	.blp:2, .mdx:1
Dota Mod Project/Build/DotaHQ/State/RuntimeOverrideBackup/Doodads/Felwood/Plants/FelwoodLillyPad	1	38284	1	.mdx:1
Dota Mod Project/Build/DotaHQ/State/RuntimeOverrideBackup/Doodads/Felwood/Plants/FelwoodShrooms	4	168256	4	.mdx:4
Dota Mod Project/Build/DotaHQ/State/RuntimeOverrideBackup/Doodads/Felwood/Props	2	462863	0	.mdx:2
Dota Mod Project/Build/DotaHQ/State/RuntimeOverrideBackup/Doodads/Felwood/Props/FelwoodHollowStump	1	51409	1	.mdx:1
Dota Mod Project/Build/DotaHQ/State/RuntimeOverrideBackup/Doodads/Felwood/Props/FelwoodObilisk	1	411454	1	.mdx:1
Dota Mod Project/Build/DotaHQ/State/RuntimeOverrideBackup/Doodads/Felwood/Rocks	13	706618	0	.mdx:10, .blp:3
Dota Mod Project/Build/DotaHQ/State/RuntimeOverrideBackup/Doodads/Felwood/Rocks/FelwoodRock	13	706618	13	.mdx:10, .blp:3
Dota Mod Project/Build/DotaHQ/State/RuntimeOverrideBackup/Doodads/Felwood/Structures	3	302775	0	.mdx:3
Dota Mod Project/Build/DotaHQ/State/RuntimeOverrideBackup/Doodads/Felwood/Structures/FelwoodBrokenColumn	2	254858	2	.mdx:2
Dota Mod Project/Build/DotaHQ/State/RuntimeOverrideBackup/Doodads/Felwood/Structures/FelwoodRuinsBlocks	1	47917	1	.mdx:1
Dota Mod Project/Build/DotaHQ/State/RuntimeOverrideBackup/Doodads/Icecrown	3	262178	0	.blp:2, .mdx:1
Dota Mod Project/Build/DotaHQ/State/RuntimeOverrideBackup/Doodads/Icecrown/Props	2	219410	0	.mdx:1, .blp:1
Dota Mod Project/Build/DotaHQ/State/RuntimeOverrideBackup/Doodads/Icecrown/Props/IceTorch	2	219410	2	.mdx:1, .blp:1
Dota Mod Project/Build/DotaHQ/State/RuntimeOverrideBackup/Doodads/Icecrown/Rocks	1	42768	0	.blp:1
Dota Mod Project/Build/DotaHQ/State/RuntimeOverrideBackup/Doodads/Icecrown/Rocks/Icecrown_Crystal	1	42768	1	.blp:1
Dota Mod Project/Build/DotaHQ/State/RuntimeOverrideBackup/Doodads/LordaeronSummer	33	7024787	0	.mdx:22, .blp:11
Dota Mod Project/Build/DotaHQ/State/RuntimeOverrideBackup/Doodads/LordaeronSummer/Props	33	7024787	0	.mdx:22, .blp:11
Dota Mod Project/Build/DotaHQ/State/RuntimeOverrideBackup/Doodads/LordaeronSummer/Props/Brazier	1	55904	1	.mdx:1
Dota Mod Project/Build/DotaHQ/State/RuntimeOverrideBackup/Doodads/LordaeronSummer/Props/CauldronWithHeads	6	1777564	6	.blp:5, .mdx:1
Dota Mod Project/Build/DotaHQ/State/RuntimeOverrideBackup/Doodads/LordaeronSummer/Props/HeadOnSpear	4	385268	4	.mdx:3, .blp:1
Dota Mod Project/Build/DotaHQ/State/RuntimeOverrideBackup/Doodads/LordaeronSummer/Props/ImpaledBody	2	111862	2	.mdx:2
Dota Mod Project/Build/DotaHQ/State/RuntimeOverrideBackup/Doodads/LordaeronSummer/Props/LanternPost	4	498519	4	.blp:3, .mdx:1
Dota Mod Project/Build/DotaHQ/State/RuntimeOverrideBackup/Doodads/LordaeronSummer/Props/PeasantGrave	4	273252	4	.mdx:3, .blp:1
Dota Mod Project/Build/DotaHQ/State/RuntimeOverrideBackup/Doodads/LordaeronSummer/Props/SittingCorpse	1	271553	1	.mdx:1
Dota Mod Project/Build/DotaHQ/State/RuntimeOverrideBackup/Doodads/LordaeronSummer/Props/SkullPile	4	1093744	4	.mdx:3, .blp:1
Dota Mod Project/Build/DotaHQ/State/RuntimeOverrideBackup/Doodads/LordaeronSummer/Props/SkullonStick	4	2314011	4	.mdx:4
Dota Mod Project/Build/DotaHQ/State/RuntimeOverrideBackup/Doodads/LordaeronSummer/Props/TorchHuman	1	93617	1	.mdx:1
Dota Mod Project/Build/DotaHQ/State/RuntimeOverrideBackup/Doodads/LordaeronSummer/Props/TorchHumanOmni	1	93617	1	.mdx:1
Dota Mod Project/Build/DotaHQ/State/RuntimeOverrideBackup/Doodads/LordaeronSummer/Props/brazierOmni	1	55876	1	.mdx:1
Dota Mod Project/Build/DotaHQ/State/RuntimeOverrideBackup/Doodads/Northrend	52	13451589	0	.blp:39, .mdx:12, .wav:1
Dota Mod Project/Build/DotaHQ/State/RuntimeOverrideBackup/Doodads/Northrend/Props	15	2789763	0	.mdx:8, .blp:7
Dota Mod Project/Build/DotaHQ/State/RuntimeOverrideBackup/Doodads/Northrend/Props/FirePit	1	1628	1	.mdx:1
Dota Mod Project/Build/DotaHQ/State/RuntimeOverrideBackup/Doodads/Northrend/Props/FirePitPig	7	2108290	7	.blp:6, .mdx:1
Dota Mod Project/Build/DotaHQ/State/RuntimeOverrideBackup/Doodads/Northrend/Props/NorthrendBrokenColumn	2	254858	2	.mdx:2
Dota Mod Project/Build/DotaHQ/State/RuntimeOverrideBackup/Doodads/Northrend/Props/NorthrendFenceAngled	1	18964	1	.mdx:1
Dota Mod Project/Build/DotaHQ/State/RuntimeOverrideBackup/Doodads/Northrend/Props/NorthrendFenceStraight	2	99367	2	.mdx:1, .blp:1
Dota Mod Project/Build/DotaHQ/State/RuntimeOverrideBackup/Doodads/Northrend/Props/NorthrendObilisk	1	241072	1	.mdx:1
Dota Mod Project/Build/DotaHQ/State/RuntimeOverrideBackup/Doodads/Northrend/Props/NorthrendTombStone	1	65584	1	.mdx:1
Dota Mod Project/Build/DotaHQ/State/RuntimeOverrideBackup/Doodads/Northrend/Rocks	5	561132	0	.blp:4, .mdx:1
Dota Mod Project/Build/DotaHQ/State/RuntimeOverrideBackup/Doodads/Northrend/Rocks/NorthrendFissure	5	561132	5	.blp:4, .mdx:1
Dota Mod Project/Build/DotaHQ/State/RuntimeOverrideBackup/Doodads/Northrend/Structures	12	2377546	0	.blp:11, .mdx:1
Dota Mod Project/Build/DotaHQ/State/RuntimeOverrideBackup/Doodads/Northrend/Structures/NorthrendCrypt	12	2377546	12	.blp:11, .mdx:1
Dota Mod Project/Build/DotaHQ/State/RuntimeOverrideBackup/Doodads/Northrend/Water	20	7723148	0	.blp:17, .mdx:2, .wav:1
Dota Mod Project/Build/DotaHQ/State/RuntimeOverrideBackup/Doodads/Northrend/Water/Battleship	1	383328	1	.wav:1
Dota Mod Project/Build/DotaHQ/State/RuntimeOverrideBackup/Doodads/Northrend/Water/BattleshipDestroyed	6	1859096	6	.blp:5, .mdx:1
Dota Mod Project/Build/DotaHQ/State/RuntimeOverrideBackup/Doodads/Northrend/Water/RowboatDestroyed	13	5480724	13	.blp:12, .mdx:1
Dota Mod Project/Build/DotaHQ/State/RuntimeOverrideBackup/Doodads/Outland	9	2864624	0	.blp:7, .mdx:2
Dota Mod Project/Build/DotaHQ/State/RuntimeOverrideBackup/Doodads/Outland/Props	9	2864624	0	.blp:7, .mdx:2
Dota Mod Project/Build/DotaHQ/State/RuntimeOverrideBackup/Doodads/Outland/Props/Altar	2	347908	2	.mdx:1, .blp:1
Dota Mod Project/Build/DotaHQ/State/RuntimeOverrideBackup/Doodads/Outland/Props/Obstacle	7	2516716	7	.blp:6, .mdx:1
Dota Mod Project/Build/DotaHQ/State/RuntimeOverrideBackup/Doodads/Ruins	15	348805	0	.mdx:10, .blp:5
Dota Mod Project/Build/DotaHQ/State/RuntimeOverrideBackup/Doodads/Ruins/Plants	15	348805	0	.mdx:10, .blp:5
Dota Mod Project/Build/DotaHQ/State/RuntimeOverrideBackup/Doodads/Ruins/Plants/Ruins_Flower	10	293663	10	.mdx:5, .blp:5
Dota Mod Project/Build/DotaHQ/State/RuntimeOverrideBackup/Doodads/Ruins/Plants/Ruins_Rush	2	41708	2	.mdx:2
Dota Mod Project/Build/DotaHQ/State/RuntimeOverrideBackup/Doodads/Ruins/Plants/Ruins_Shrub	3	13434	3	.mdx:3
Dota Mod Project/Build/DotaHQ/State/RuntimeOverrideBackup/Doodads/Terrain	52	5125988	0	.mdx:49, .blp:3
Dota Mod Project/Build/DotaHQ/State/RuntimeOverrideBackup/Doodads/Terrain/AshenTree	16	1594992	16	.mdx:15, .blp:1
Dota Mod Project/Build/DotaHQ/State/RuntimeOverrideBackup/Doodads/Terrain/LOSBlocker	1	3047	1	.mdx:1
Dota Mod Project/Build/DotaHQ/State/RuntimeOverrideBackup/Doodads/Terrain/LordaeronTree	3	245248	3	.mdx:3
Dota Mod Project/Build/DotaHQ/State/RuntimeOverrideBackup/Doodads/Terrain/NorthrendTree	32	3282701	32	.mdx:30, .blp:2
Dota Mod Project/Build/DotaHQ/State/RuntimeOverrideBackup/Doodads/Underground	2	68994	0	.mdx:1, .blp:1
Dota Mod Project/Build/DotaHQ/State/RuntimeOverrideBackup/Doodads/Underground/Plants	2	68994	0	.mdx:1, .blp:1
Dota Mod Project/Build/DotaHQ/State/RuntimeOverrideBackup/Doodads/Underground/Plants/ShroomsBlue	2	68994	2	.mdx:1, .blp:1
Dota Mod Project/Build/DotaHQ/State/RuntimeOverrideBackup/Doodads/Village	3	228100	0	.mdx:2, .blp:1
Dota Mod Project/Build/DotaHQ/State/RuntimeOverrideBackup/Doodads/Village/Props	3	228100	0	.mdx:2, .blp:1
Dota Mod Project/Build/DotaHQ/State/RuntimeOverrideBackup/Doodads/Village/Props/Village_Fencelong	2	213949	2	.mdx:1, .blp:1
Dota Mod Project/Build/DotaHQ/State/RuntimeOverrideBackup/Doodads/Village/Props/Village_Fenceshort	1	14151	1	.mdx:1
Dota Mod Project/Build/DotaHQ/State/RuntimeOverrideBackup/Environment	1	79757	0	.blp:1
Dota Mod Project/Build/DotaHQ/State/RuntimeOverrideBackup/Environment/Sky	1	79757	0	.blp:1
Dota Mod Project/Build/DotaHQ/State/RuntimeOverrideBackup/Environment/Sky/Outland_Sky	1	79757	1	.blp:1
Dota Mod Project/Build/DotaHQ/State/RuntimeOverrideBackup/ReplaceableTextures	1909	19724124	0	.blp:1904, .tga:5
Dota Mod Project/Build/DotaHQ/State/RuntimeOverrideBackup/ReplaceableTextures/AshenvaleTree	2	169710	2	.blp:2
Dota Mod Project/Build/DotaHQ/State/RuntimeOverrideBackup/ReplaceableTextures/AutocastButtons	2	13170	2	.blp:2
Dota Mod Project/Build/DotaHQ/State/RuntimeOverrideBackup/ReplaceableTextures/Cliff	4	687678	4	.tga:2, .blp:2
Dota Mod Project/Build/DotaHQ/State/RuntimeOverrideBackup/ReplaceableTextures/CommandButtons	823	7413297	823	.blp:823
Dota Mod Project/Build/DotaHQ/State/RuntimeOverrideBackup/ReplaceableTextures/CommandButtonsAuto	2	13282	2	.blp:2
Dota Mod Project/Build/DotaHQ/State/RuntimeOverrideBackup/ReplaceableTextures/CommandButtonsDisabled	952	6351666	952	.blp:952
Dota Mod Project/Build/DotaHQ/State/RuntimeOverrideBackup/ReplaceableTextures/LordaeronTree	2	694037	2	.blp:2
Dota Mod Project/Build/DotaHQ/State/RuntimeOverrideBackup/ReplaceableTextures/NorthrendTree	2	302674	2	.blp:2
Dota Mod Project/Build/DotaHQ/State/RuntimeOverrideBackup/ReplaceableTextures/PassiveButtons	85	570438	85	.blp:85
Dota Mod Project/Build/DotaHQ/State/RuntimeOverrideBackup/ReplaceableTextures/Selection	8	1188491	8	.blp:5, .tga:3
Dota Mod Project/Build/DotaHQ/State/RuntimeOverrideBackup/ReplaceableTextures/Splats	18	1885827	18	.blp:18
Dota Mod Project/Build/DotaHQ/State/RuntimeOverrideBackup/ReplaceableTextures/UndergroundTree	2	42898	2	.blp:2
Dota Mod Project/Build/DotaHQ/State/RuntimeOverrideBackup/ReplaceableTextures/Weather	7	390956	7	.blp:7
Dota Mod Project/Build/DotaHQ/State/RuntimeOverrideBackup/Spells	2	67339	2	.blp:2
Dota Mod Project/Build/DotaHQ/State/RuntimeOverrideBackup/TerrainArt	22	9159527	1	.blp:11, .tga:10, .slk:1
Dota Mod Project/Build/DotaHQ/State/RuntimeOverrideBackup/TerrainArt/Blight	2	606271	2	.blp:1, .tga:1
Dota Mod Project/Build/DotaHQ/State/RuntimeOverrideBackup/TerrainArt/Cityscape	1	220768	1	.blp:1
Dota Mod Project/Build/DotaHQ/State/RuntimeOverrideBackup/TerrainArt/Felwood	11	6041442	11	.tga:6, .blp:5
Dota Mod Project/Build/DotaHQ/State/RuntimeOverrideBackup/TerrainArt/Northrend	2	598756	2	.tga:1, .blp:1
Dota Mod Project/Build/DotaHQ/State/RuntimeOverrideBackup/TerrainArt/Ruins	5	1642128	5	.blp:3, .tga:2
Dota Mod Project/Build/DotaHQ/State/RuntimeOverrideBackup/Textures	4	42169	4	.blp:4
Dota Mod Project/Build/DotaHQ/State/RuntimeOverrideBackup/UI	257	9418500	0	.blp:247, .mdx:10
Dota Mod Project/Build/DotaHQ/State/RuntimeOverrideBackup/UI/Buttons	1	4226	0	.mdx:1
Dota Mod Project/Build/DotaHQ/State/RuntimeOverrideBackup/UI/Buttons/HeroLevel	1	4226	1	.mdx:1
Dota Mod Project/Build/DotaHQ/State/RuntimeOverrideBackup/UI/Console	28	4618067	0	.blp:25, .mdx:3
Dota Mod Project/Build/DotaHQ/State/RuntimeOverrideBackup/UI/Console/Human	7	1306436	7	.blp:6, .mdx:1
Dota Mod Project/Build/DotaHQ/State/RuntimeOverrideBackup/UI/Console/NightElf	10	1567671	10	.blp:9, .mdx:1
Dota Mod Project/Build/DotaHQ/State/RuntimeOverrideBackup/UI/Console/Undead	11	1743960	11	.blp:10, .mdx:1
Dota Mod Project/Build/DotaHQ/State/RuntimeOverrideBackup/UI/Cursor	4	1071934	4	.blp:4
Dota Mod Project/Build/DotaHQ/State/RuntimeOverrideBackup/UI/Feedback	21	636277	0	.blp:15, .mdx:6
Dota Mod Project/Build/DotaHQ/State/RuntimeOverrideBackup/UI/Feedback/Confirmation	3	453504	3	.blp:2, .mdx:1
Dota Mod Project/Build/DotaHQ/State/RuntimeOverrideBackup/UI/Feedback/Cooldown	1	34968	1	.mdx:1
Dota Mod Project/Build/DotaHQ/State/RuntimeOverrideBackup/UI/Feedback/HPBarConsole	3	23003	3	.blp:2, .mdx:1
Dota Mod Project/Build/DotaHQ/State/RuntimeOverrideBackup/UI/Feedback/HPBarConsoleSmall	4	44856	4	.blp:3, .mdx:1
Dota Mod Project/Build/DotaHQ/State/RuntimeOverrideBackup/UI/Feedback/ManaBarConsole	2	13438	2	.mdx:1, .blp:1
Dota Mod Project/Build/DotaHQ/State/RuntimeOverrideBackup/UI/Feedback/ManaBarConsoleSmall	4	44520	4	.blp:3, .mdx:1
Dota Mod Project/Build/DotaHQ/State/RuntimeOverrideBackup/UI/Feedback/Resources	1	7442	1	.blp:1
Dota Mod Project/Build/DotaHQ/State/RuntimeOverrideBackup/UI/Feedback/XpBar	3	14546	3	.blp:3
Dota Mod Project/Build/DotaHQ/State/RuntimeOverrideBackup/UI/MiniMap	1	7104	1	.blp:1
Dota Mod Project/Build/DotaHQ/State/RuntimeOverrideBackup/UI/Widgets	202	3080892	0	.blp:202
Dota Mod Project/Build/DotaHQ/State/RuntimeOverrideBackup/UI/Widgets/BattleNet	11	162620	10	.blp:11
Dota Mod Project/Build/DotaHQ/State/RuntimeOverrideBackup/UI/Widgets/BattleNet/chaticons	1	8090	1	.blp:1
Dota Mod Project/Build/DotaHQ/State/RuntimeOverrideBackup/UI/Widgets/Console	87	1049545	0	.blp:87
Dota Mod Project/Build/DotaHQ/State/RuntimeOverrideBackup/UI/Widgets/Console/Human	81	952663	76	.blp:81
Dota Mod Project/Build/DotaHQ/State/RuntimeOverrideBackup/UI/Widgets/Console/Human/CommandButton	5	45175	5	.blp:5
Dota Mod Project/Build/DotaHQ/State/RuntimeOverrideBackup/UI/Widgets/Console/NightElf	2	32294	2	.blp:2
Dota Mod Project/Build/DotaHQ/State/RuntimeOverrideBackup/UI/Widgets/Console/Orc	2	32294	2	.blp:2
Dota Mod Project/Build/DotaHQ/State/RuntimeOverrideBackup/UI/Widgets/Console/Undead	2	32294	2	.blp:2
Dota Mod Project/Build/DotaHQ/State/RuntimeOverrideBackup/UI/Widgets/EscMenu	51	1145197	0	.blp:51
Dota Mod Project/Build/DotaHQ/State/RuntimeOverrideBackup/UI/Widgets/EscMenu/Human	35	356113	35	.blp:35
Dota Mod Project/Build/DotaHQ/State/RuntimeOverrideBackup/UI/Widgets/EscMenu/NightElf	8	394542	8	.blp:8
Dota Mod Project/Build/DotaHQ/State/RuntimeOverrideBackup/UI/Widgets/EscMenu/Undead	8	394542	8	.blp:8
Dota Mod Project/Build/DotaHQ/State/RuntimeOverrideBackup/UI/Widgets/Glues	51	621860	51	.blp:51
Dota Mod Project/Build/DotaHQ/State/RuntimeOverrideBackup/UI/Widgets/ToolTips	2	101670	0	.blp:2
Dota Mod Project/Build/DotaHQ/State/RuntimeOverrideBackup/UI/Widgets/ToolTips/Human	2	101670	2	.blp:2
Dota Mod Project/Build/DotaHQ/State/RuntimeOverrideBackup/Units	3	459053	0	.mdx:2, .blp:1
Dota Mod Project/Build/DotaHQ/State/RuntimeOverrideBackup/Units/Custom	3	459053	0	.mdx:2, .blp:1
Dota Mod Project/Build/DotaHQ/State/RuntimeOverrideBackup/Units/Custom/ShopKeeper	3	459053	3	.mdx:2, .blp:1
Dota Mod Project/Build/DotaHQ/State/RuntimeOverrideBackup/WC3Dota2Test	2	723661	0	.mdx:2
Dota Mod Project/Build/DotaHQ/State/RuntimeOverrideBackup/WC3Dota2Test/UpdateSkins	2	723661	0	.mdx:2
Dota Mod Project/Build/DotaHQ/State/RuntimeOverrideBackup/WC3Dota2Test/UpdateSkins/GameRoot	2	723661	0	.mdx:2
Dota Mod Project/Build/DotaHQ/State/RuntimeOverrideBackup/WC3Dota2Test/UpdateSkins/GameRoot/HEROESD2	2	723661	0	.mdx:2
Dota Mod Project/Build/DotaHQ/State/RuntimeOverrideBackup/WC3Dota2Test/UpdateSkins/GameRoot/HEROESD2/AGILIDAD	2	723661	0	.mdx:2
Dota Mod Project/Build/DotaHQ/State/RuntimeOverrideBackup/WC3Dota2Test/UpdateSkins/GameRoot/HEROESD2/AGILIDAD/MERCU	1	372757	1	.mdx:1
Dota Mod Project/Build/DotaHQ/State/RuntimeOverrideBackup/WC3Dota2Test/UpdateSkins/GameRoot/HEROESD2/AGILIDAD/Mortred	1	350904	1	.mdx:1
Dota Mod Project/Build/DotaHQ/State/SelectedMixTreeBackup	21	3311053	0	.mdx:20, .blp:1
Dota Mod Project/Build/DotaHQ/State/SelectedMixTreeBackup/Doodads	21	3311053	0	.mdx:20, .blp:1
Dota Mod Project/Build/DotaHQ/State/SelectedMixTreeBackup/Doodads/Terrain	21	3311053	0	.mdx:20, .blp:1
Dota Mod Project/Build/DotaHQ/State/SelectedMixTreeBackup/Doodads/Terrain/AshenTree	21	3311053	21	.mdx:20, .blp:1
Dota Mod Project/Documentation	2	12138	2	.md:2
Dota Mod Project/Sources	18737	5244690881	0	.mp3:11056, .blp:6047, .mdx:1170, .wav:182, .rar:161, .tga:27, .w3x:24, .txt:13
Dota Mod Project/Sources/Maps	10	382504253	10	.w3x:10
Dota Mod Project/Sources/Packs	18727	4862186628	0	.mp3:11056, .blp:6047, .mdx:1170, .wav:182, .rar:161, .tga:27, .w3x:14, .txt:13
Dota Mod Project/Sources/Packs/DOTA 2 mod	18727	4862186628	6	.mp3:11056, .blp:6047, .mdx:1170, .wav:182, .rar:161, .tga:27, .w3x:14, .txt:13
Dota Mod Project/Sources/Packs/DOTA 2 mod/114 HEROES ICONOS	1162	9382935	1	.blp:1151, .exe:2, (none):2, .txt:2, .reg:1, .ocx:1, .dll:1, .ini:1
Dota Mod Project/Sources/Packs/DOTA 2 mod/114 HEROES ICONOS/PARCHE ICONO	8	3623682	8	.exe:2, (none):2, .txt:2, .ocx:1, .dll:1
Dota Mod Project/Sources/Packs/DOTA 2 mod/114 HEROES ICONOS/ReplaceableTextures	1153	5758967	1	.blp:1151, .ini:1, .png:1
Dota Mod Project/Sources/Packs/DOTA 2 mod/114 HEROES ICONOS/ReplaceableTextures/AutoCastButtons	12	56704	12	.blp:12
Dota Mod Project/Sources/Packs/DOTA 2 mod/114 HEROES ICONOS/ReplaceableTextures/CommandButtons	533	3441986	533	.blp:532, .png:1
Dota Mod Project/Sources/Packs/DOTA 2 mod/114 HEROES ICONOS/ReplaceableTextures/CommandButtonsDisabled	525	1884666	525	.blp:525
Dota Mod Project/Sources/Packs/DOTA 2 mod/114 HEROES ICONOS/ReplaceableTextures/CommandButtonsPassive	1	4674	1	.blp:1
Dota Mod Project/Sources/Packs/DOTA 2 mod/114 HEROES ICONOS/ReplaceableTextures/PassiveButtons	81	370824	81	.blp:81
Dota Mod Project/Sources/Packs/DOTA 2 mod/AnimeDecor	115	12336858	0	.mdx:69, .blp:46
Dota Mod Project/Sources/Packs/DOTA 2 mod/AnimeDecor/ĨŠŪā Š2	13	2105117	0	.mdx:9, .blp:4
Dota Mod Project/Sources/Packs/DOTA 2 mod/AnimeDecor/ĨŠŪā Š2/ Ž­Ļ	13	2105117	0	.mdx:9, .blp:4
Dota Mod Project/Sources/Packs/DOTA 2 mod/AnimeDecor/ĨŠŪā Š2/ Ž­Ļ/ Ž­Ļ	6	412234	6	.mdx:5, .blp:1
Dota Mod Project/Sources/Packs/DOTA 2 mod/AnimeDecor/ĨŠŪā Š2/ Ž­Ļ/ Ž­Ļ 2	2	123214	2	.mdx:1, .blp:1
Dota Mod Project/Sources/Packs/DOTA 2 mod/AnimeDecor/ĨŠŪā Š2/ Ž­Ļ/ Ž­Ļ 3	5	1569669	5	.mdx:3, .blp:2
Dota Mod Project/Sources/Packs/DOTA 2 mod/AnimeDecor/„ĄŞ®ŕŹ Ş2	9	895315	0	.blp:7, .mdx:2
Dota Mod Project/Sources/Packs/DOTA 2 mod/AnimeDecor/„ĄŞ®ŕŹ Ş2/”®­â ­	9	895315	0	.blp:7, .mdx:2
Dota Mod Project/Sources/Packs/DOTA 2 mod/AnimeDecor/„ĄŞ®ŕŹ Ş2/”®­â ­/”®­â ­	3	168454	3	.blp:2, .mdx:1
Dota Mod Project/Sources/Packs/DOTA 2 mod/AnimeDecor/„ĄŞ®ŕŹ Ş2/”®­â ­/”®­â ­ á ¤ĄŕĄ˘®¬	6	726861	6	.blp:5, .mdx:1
Dota Mod Project/Sources/Packs/DOTA 2 mod/AnimeDecor/„ҐЄ®аЏ Є2	93	9336426	0	.mdx:58, .blp:35
Dota Mod Project/Sources/Packs/DOTA 2 mod/AnimeDecor/„ҐЄ®аЏ Є2/Љ ¬Ґ­­лҐ бвгЇҐ­мЄЁ	8	1190050	8	.mdx:6, .blp:2
Dota Mod Project/Sources/Packs/DOTA 2 mod/AnimeDecor/„ҐЄ®аЏ Є2/Љ ¬Ґ­­лҐ бвгЇҐ­мЄЁ 2	8	1070775	8	.mdx:6, .blp:2
Dota Mod Project/Sources/Packs/DOTA 2 mod/AnimeDecor/„ҐЄ®аЏ Є2/Љ ¬Ґ­­лҐ бвҐ­л	4	491554	4	.mdx:3, .blp:1
Dota Mod Project/Sources/Packs/DOTA 2 mod/AnimeDecor/„ҐЄ®аЏ Є2/Љ Євгбл	3	122477	3	.mdx:2, .blp:1
Dota Mod Project/Sources/Packs/DOTA 2 mod/AnimeDecor/„ҐЄ®аЏ Є2/Љ®бвЁ	7	464077	7	.mdx:6, .blp:1
Dota Mod Project/Sources/Packs/DOTA 2 mod/AnimeDecor/„ҐЄ®аЏ Є2/Њге®¬®а	2	81677	2	.blp:1, .mdx:1
Dota Mod Project/Sources/Packs/DOTA 2 mod/AnimeDecor/„ҐЄ®аЏ Є2/Џ ¤ ойЁҐ «Ёбвмп	2	31843	2	.blp:1, .mdx:1
Dota Mod Project/Sources/Packs/DOTA 2 mod/AnimeDecor/„ҐЄ®аЏ Є2/ЏҐбз ­­ п бв вгп	2	525777	2	.blp:1, .mdx:1
Dota Mod Project/Sources/Packs/DOTA 2 mod/AnimeDecor/„ҐЄ®аЏ Є2/ђ бвЁвҐ«м­®бвм	16	680551	0	.blp:9, .mdx:7
Dota Mod Project/Sources/Packs/DOTA 2 mod/AnimeDecor/„ҐЄ®аЏ Є2/ђ бвЁвҐ«м­®бвм/Љгбв	4	160939	4	.mdx:2, .blp:2
Dota Mod Project/Sources/Packs/DOTA 2 mod/AnimeDecor/„ҐЄ®аЏ Є2/ђ бвЁвҐ«м­®бвм/Љгбв ‘ Єгал	2	126283	2	.mdx:1, .blp:1
Dota Mod Project/Sources/Packs/DOTA 2 mod/AnimeDecor/„ҐЄ®аЏ Є2/ђ бвЁвҐ«м­®бвм/’а ў 	8	345300	8	.blp:5, .mdx:3
Dota Mod Project/Sources/Packs/DOTA 2 mod/AnimeDecor/„ҐЄ®аЏ Є2/ђ бвЁвҐ«м­®бвм/’а ў  2	2	48029	2	.blp:1, .mdx:1
Dota Mod Project/Sources/Packs/DOTA 2 mod/AnimeDecor/„ҐЄ®аЏ Є2/’ ©«л Їа®Ґ§¦Ґ© ¤®а®ЈЁ	6	1045082	6	.mdx:4, .blp:2
Dota Mod Project/Sources/Packs/DOTA 2 mod/AnimeDecor/„ҐЄ®аЏ Є2/’ ©«л ЇҐбз ­­®© ¤®а®ЈЁ	6	329276	6	.mdx:4, .blp:2
Dota Mod Project/Sources/Packs/DOTA 2 mod/AnimeDecor/„ҐЄ®аЏ Є2/„ҐаҐўмп	27	2720543	0	.mdx:16, .blp:11
Dota Mod Project/Sources/Packs/DOTA 2 mod/AnimeDecor/„ҐЄ®аЏ Є2/„ҐаҐўмп/Џ Є ¤ҐаҐўмҐў 1	6	220031	6	.mdx:4, .blp:2
Dota Mod Project/Sources/Packs/DOTA 2 mod/AnimeDecor/„ҐЄ®аЏ Є2/„ҐаҐўмп/„ҐаҐў® 1	2	179821	2	.mdx:1, .blp:1
Dota Mod Project/Sources/Packs/DOTA 2 mod/AnimeDecor/„ҐЄ®аЏ Є2/„ҐаҐўмп/„ҐаҐў® 2	2	161421	2	.blp:1, .mdx:1
Dota Mod Project/Sources/Packs/DOTA 2 mod/AnimeDecor/„ҐЄ®аЏ Є2/„ҐаҐўмп/„ҐаҐў® 3	2	250958	2	.mdx:1, .blp:1
Dota Mod Project/Sources/Packs/DOTA 2 mod/AnimeDecor/„ҐЄ®аЏ Є2/„ҐаҐўмп/„ҐаҐў® 4	2	209480	2	.mdx:1, .blp:1
Dota Mod Project/Sources/Packs/DOTA 2 mod/AnimeDecor/„ҐЄ®аЏ Є2/„ҐаҐўмп/„ҐаҐў® 5	5	273686	5	.mdx:4, .blp:1
Dota Mod Project/Sources/Packs/DOTA 2 mod/AnimeDecor/„ҐЄ®аЏ Є2/„ҐаҐўмп/„ҐаҐў® 6	2	211811	2	.mdx:1, .blp:1
Dota Mod Project/Sources/Packs/DOTA 2 mod/AnimeDecor/„ҐЄ®аЏ Є2/„ҐаҐўмп/„ҐаҐў® 7	2	411254	2	.mdx:1, .blp:1
Dota Mod Project/Sources/Packs/DOTA 2 mod/AnimeDecor/„ҐЄ®аЏ Є2/„ҐаҐўмп/„ҐаҐў® 8	2	385242	2	.mdx:1, .blp:1
Dota Mod Project/Sources/Packs/DOTA 2 mod/AnimeDecor/„ҐЄ®аЏ Є2/„ҐаҐўмп/„ҐаҐў® 9	2	416839	2	.mdx:1, .blp:1
Dota Mod Project/Sources/Packs/DOTA 2 mod/AnimeDecor/„ҐЄ®аЏ Є2/† Ўмп бв вгп	2	582744	2	.mdx:1, .blp:1
Dota Mod Project/Sources/Packs/DOTA 2 mod/DOTA-HQv5_RePack.part01	10	1910453768	7	.txt:2, .reg:2, .mpq:2, .w3x:2, .exe:1, .zip:1
Dota Mod Project/Sources/Packs/DOTA 2 mod/DOTA-HQv5_RePack.part01/Maps	3	13003024	0	.w3x:2, .zip:1
Dota Mod Project/Sources/Packs/DOTA 2 mod/DOTA-HQv5_RePack.part01/Maps/Download	3	13003024	3	.w3x:2, .zip:1
Dota Mod Project/Sources/Packs/DOTA 2 mod/DotA_Heroes_v2.0	1643	538454324	30	.blp:1330, .mdx:287, .ico:4, .w3x:4, .reg:3, .txt:3, .exe:2, .zip:2
Dota Mod Project/Sources/Packs/DOTA 2 mod/DotA_Heroes_v2.0/Maps	4	32912237	0	.w3x:4
Dota Mod Project/Sources/Packs/DOTA 2 mod/DotA_Heroes_v2.0/Maps/Download	4	32912237	4	.w3x:4
Dota Mod Project/Sources/Packs/DOTA 2 mod/DotA_Heroes_v2.0/UI	3	77145	0	.blp:2, .mdx:1
Dota Mod Project/Sources/Packs/DOTA 2 mod/DotA_Heroes_v2.0/UI/Feedback	3	77145	0	.blp:2, .mdx:1
Dota Mod Project/Sources/Packs/DOTA 2 mod/DotA_Heroes_v2.0/UI/Feedback/Confirmation	3	77145	3	.blp:2, .mdx:1
Dota Mod Project/Sources/Packs/DOTA 2 mod/DotA_Heroes_v2.0/Units	1606	483655945	0	.blp:1328, .mdx:276, .db:2
Dota Mod Project/Sources/Packs/DOTA 2 mod/DotA_Heroes_v2.0/Units/Creeps	472	121669837	0	.blp:395, .mdx:77
Dota Mod Project/Sources/Packs/DOTA 2 mod/DotA_Heroes_v2.0/Units/Creeps/ArchnathidGreen	22	4555725	22	.blp:20, .mdx:2
Dota Mod Project/Sources/Packs/DOTA 2 mod/DotA_Heroes_v2.0/Units/Creeps/Assassin	18	2968211	18	.blp:16, .mdx:2
Dota Mod Project/Sources/Packs/DOTA 2 mod/DotA_Heroes_v2.0/Units/Creeps/AzureDragon	3	914622	3	.mdx:2, .blp:1
Dota Mod Project/Sources/Packs/DOTA 2 mod/DotA_Heroes_v2.0/Units/Creeps/BansheeRanger	30	7851672	30	.blp:27, .mdx:3
Dota Mod Project/Sources/Packs/DOTA 2 mod/DotA_Heroes_v2.0/Units/Creeps/Beastmaster	9	1503578	9	.blp:7, .mdx:2
Dota Mod Project/Sources/Packs/DOTA 2 mod/DotA_Heroes_v2.0/Units/Creeps/BurningArcher	10	2598575	10	.blp:8, .mdx:2
Dota Mod Project/Sources/Packs/DOTA 2 mod/DotA_Heroes_v2.0/Units/Creeps/DarkTrollShadowPriest	9	3440942	9	.blp:7, .mdx:2
Dota Mod Project/Sources/Packs/DOTA 2 mod/DotA_Heroes_v2.0/Units/Creeps/DireWolf	8	2078425	8	.blp:6, .mdx:2
Dota Mod Project/Sources/Packs/DOTA 2 mod/DotA_Heroes_v2.0/Units/Creeps/EarthPandarenBrewmaster	5	1525881	5	.blp:3, .mdx:2
Dota Mod Project/Sources/Packs/DOTA 2 mod/DotA_Heroes_v2.0/Units/Creeps/FacelessOne	14	4194195	14	.blp:12, .mdx:2
Dota Mod Project/Sources/Packs/DOTA 2 mod/DotA_Heroes_v2.0/Units/Creeps/FirePandarenBrewMaster	5	1452495	5	.blp:3, .mdx:2
Dota Mod Project/Sources/Packs/DOTA 2 mod/DotA_Heroes_v2.0/Units/Creeps/FurbolgTracker	15	4621802	15	.blp:13, .mdx:2
Dota Mod Project/Sources/Packs/DOTA 2 mod/DotA_Heroes_v2.0/Units/Creeps/GnollWarden	17	3650731	17	.blp:15, .mdx:2
Dota Mod Project/Sources/Packs/DOTA 2 mod/DotA_Heroes_v2.0/Units/Creeps/GreenDragon	3	907460	3	.mdx:2, .blp:1
Dota Mod Project/Sources/Packs/DOTA 2 mod/DotA_Heroes_v2.0/Units/Creeps/GrizzlyBear	6	2057768	6	.blp:4, .mdx:2
Dota Mod Project/Sources/Packs/DOTA 2 mod/DotA_Heroes_v2.0/Units/Creeps/HeroTinker	32	6918382	32	.blp:30, .mdx:2
Dota Mod Project/Sources/Packs/DOTA 2 mod/DotA_Heroes_v2.0/Units/Creeps/IronGolem	15	3288877	15	.blp:13, .mdx:2
Dota Mod Project/Sources/Packs/DOTA 2 mod/DotA_Heroes_v2.0/Units/Creeps/KoboldGeomancer	26	4327568	26	.blp:24, .mdx:2
Dota Mod Project/Sources/Packs/DOTA 2 mod/DotA_Heroes_v2.0/Units/Creeps/LordGarithos	10	3282097	10	.blp:8, .mdx:2
Dota Mod Project/Sources/Packs/DOTA 2 mod/DotA_Heroes_v2.0/Units/Creeps/Medivh	25	6172498	25	.blp:23, .mdx:2
Dota Mod Project/Sources/Packs/DOTA 2 mod/DotA_Heroes_v2.0/Units/Creeps/MurlocNightCrawler	13	3530297	13	.blp:11, .mdx:2
Dota Mod Project/Sources/Packs/DOTA 2 mod/DotA_Heroes_v2.0/Units/Creeps/NerubianQueen	8	2483233	8	.blp:6, .mdx:2
Dota Mod Project/Sources/Packs/DOTA 2 mod/DotA_Heroes_v2.0/Units/Creeps/NetherDragon	4	1433491	4	.blp:2, .mdx:2
Dota Mod Project/Sources/Packs/DOTA 2 mod/DotA_Heroes_v2.0/Units/Creeps/PandarenBrewmaster	9	2715003	9	.blp:7, .mdx:2
Dota Mod Project/Sources/Packs/DOTA 2 mod/DotA_Heroes_v2.0/Units/Creeps/RazorMane	9	2253558	9	.blp:7, .mdx:2
Dota Mod Project/Sources/Packs/DOTA 2 mod/DotA_Heroes_v2.0/Units/Creeps/RedDragon	3	888548	3	.mdx:2, .blp:1
Dota Mod Project/Sources/Packs/DOTA 2 mod/DotA_Heroes_v2.0/Units/Creeps/Revenant	9	1795618	9	.blp:7, .mdx:2
Dota Mod Project/Sources/Packs/DOTA 2 mod/DotA_Heroes_v2.0/Units/Creeps/SeaElemental	24	6122635	24	.blp:22, .mdx:2
Dota Mod Project/Sources/Packs/DOTA 2 mod/DotA_Heroes_v2.0/Units/Creeps/SeaGiantGreen	24	3925669	24	.blp:22, .mdx:2
Dota Mod Project/Sources/Packs/DOTA 2 mod/DotA_Heroes_v2.0/Units/Creeps/SpiderBlack	8	1611888	8	.blp:6, .mdx:2
Dota Mod Project/Sources/Packs/DOTA 2 mod/DotA_Heroes_v2.0/Units/Creeps/SpiderGreen	4	452909	4	.mdx:2, .blp:2
Dota Mod Project/Sources/Packs/DOTA 2 mod/DotA_Heroes_v2.0/Units/Creeps/StormPandarenBrewmaster	5	1529422	5	.blp:3, .mdx:2
Dota Mod Project/Sources/Packs/DOTA 2 mod/DotA_Heroes_v2.0/Units/Creeps/SylvanusWindrunner	9	2769002	9	.blp:7, .mdx:2
Dota Mod Project/Sources/Packs/DOTA 2 mod/DotA_Heroes_v2.0/Units/Creeps/TuskarLord	5	2884318	5	.blp:3, .mdx:2
Dota Mod Project/Sources/Packs/DOTA 2 mod/DotA_Heroes_v2.0/Units/Creeps/VoidWalker	17	4535518	17	.blp:15, .mdx:2
Dota Mod Project/Sources/Packs/DOTA 2 mod/DotA_Heroes_v2.0/Units/Creeps/WindSerpent	7	2950524	7	.blp:5, .mdx:2
Dota Mod Project/Sources/Packs/DOTA 2 mod/DotA_Heroes_v2.0/Units/Creeps/Zombie	6	4007510	6	.blp:4, .mdx:2
Dota Mod Project/Sources/Packs/DOTA 2 mod/DotA_Heroes_v2.0/Units/Creeps/goblinsapper	26	7469190	26	.blp:24, .mdx:2
Dota Mod Project/Sources/Packs/DOTA 2 mod/DotA_Heroes_v2.0/Units/Critters	8	4609303	0	.blp:6, .mdx:2
Dota Mod Project/Sources/Packs/DOTA 2 mod/DotA_Heroes_v2.0/Units/Critters/Hydralisk	8	4609303	8	.blp:6, .mdx:2
Dota Mod Project/Sources/Packs/DOTA 2 mod/DotA_Heroes_v2.0/Units/Custom	282	93254867	0	.blp:219, .mdx:63
Dota Mod Project/Sources/Packs/DOTA 2 mod/DotA_Heroes_v2.0/Units/Custom/Banshee	9	3077624	9	.blp:7, .mdx:2
Dota Mod Project/Sources/Packs/DOTA 2 mod/DotA_Heroes_v2.0/Units/Custom/CentaurKhan	24	5241148	24	.blp:22, .mdx:2
Dota Mod Project/Sources/Packs/DOTA 2 mod/DotA_Heroes_v2.0/Units/Custom/Clockwerk	5	2153335	5	.mdx:3, .blp:2
Dota Mod Project/Sources/Packs/DOTA 2 mod/DotA_Heroes_v2.0/Units/Custom/DragonSlave	10	282689	10	.blp:6, .mdx:4
Dota Mod Project/Sources/Packs/DOTA 2 mod/DotA_Heroes_v2.0/Units/Custom/EarthPandarenBrewmaster	13	5586460	13	.blp:11, .mdx:2
Dota Mod Project/Sources/Packs/DOTA 2 mod/DotA_Heroes_v2.0/Units/Custom/Eidelon	4	480651	4	.mdx:2, .blp:2
Dota Mod Project/Sources/Packs/DOTA 2 mod/DotA_Heroes_v2.0/Units/Custom/Enigma	19	2519495	19	.blp:17, .mdx:2
Dota Mod Project/Sources/Packs/DOTA 2 mod/DotA_Heroes_v2.0/Units/Custom/HeroFlameLord	26	5769390	26	.blp:24, .mdx:2
Dota Mod Project/Sources/Packs/DOTA 2 mod/DotA_Heroes_v2.0/Units/Custom/HeroGoblinAlchemist	9	4071809	9	.blp:7, .mdx:2
Dota Mod Project/Sources/Packs/DOTA 2 mod/DotA_Heroes_v2.0/Units/Custom/IcyGhost	18	5134309	18	.blp:14, .mdx:4
Dota Mod Project/Sources/Packs/DOTA 2 mod/DotA_Heroes_v2.0/Units/Custom/Lich	10	2644030	10	.blp:8, .mdx:2
Dota Mod Project/Sources/Packs/DOTA 2 mod/DotA_Heroes_v2.0/Units/Custom/MagnataurBlue	9	2764067	9	.blp:7, .mdx:2
Dota Mod Project/Sources/Packs/DOTA 2 mod/DotA_Heroes_v2.0/Units/Custom/Naix	10	5830525	10	.blp:8, .mdx:2
Dota Mod Project/Sources/Packs/DOTA 2 mod/DotA_Heroes_v2.0/Units/Custom/OgreMagi	9	3850792	9	.blp:7, .mdx:2
Dota Mod Project/Sources/Packs/DOTA 2 mod/DotA_Heroes_v2.0/Units/Custom/PL	12	4690690	12	.blp:10, .mdx:2
Dota Mod Project/Sources/Packs/DOTA 2 mod/DotA_Heroes_v2.0/Units/Custom/Priest	7	7391209	7	.blp:5, .mdx:2
Dota Mod Project/Sources/Packs/DOTA 2 mod/DotA_Heroes_v2.0/Units/Custom/Puck	6	2342324	6	.blp:4, .mdx:2
Dota Mod Project/Sources/Packs/DOTA 2 mod/DotA_Heroes_v2.0/Units/Custom/Riki	13	6760508	13	.blp:11, .mdx:2
Dota Mod Project/Sources/Packs/DOTA 2 mod/DotA_Heroes_v2.0/Units/Custom/Rooftrellen	8	2995960	8	.blp:6, .mdx:2
Dota Mod Project/Sources/Packs/DOTA 2 mod/DotA_Heroes_v2.0/Units/Custom/Roshan	4	2160672	4	.blp:2, .mdx:2
Dota Mod Project/Sources/Packs/DOTA 2 mod/DotA_Heroes_v2.0/Units/Custom/Spectre	10	3648130	10	.blp:8, .mdx:2
Dota Mod Project/Sources/Packs/DOTA 2 mod/DotA_Heroes_v2.0/Units/Custom/StormPandarenBrewmaster	15	3735660	15	.blp:11, .mdx:4
Dota Mod Project/Sources/Packs/DOTA 2 mod/DotA_Heroes_v2.0/Units/Custom/Tiny	9	2261815	9	.blp:7, .mdx:2
Dota Mod Project/Sources/Packs/DOTA 2 mod/DotA_Heroes_v2.0/Units/Custom/Troll	7	4916431	7	.mdx:4, .blp:3
Dota Mod Project/Sources/Packs/DOTA 2 mod/DotA_Heroes_v2.0/Units/Custom/Wisp	6	429744	6	.blp:3, .mdx:3
Dota Mod Project/Sources/Packs/DOTA 2 mod/DotA_Heroes_v2.0/Units/Custom/Xin	10	2515400	10	.blp:7, .mdx:3
Dota Mod Project/Sources/Packs/DOTA 2 mod/DotA_Heroes_v2.0/Units/Demon	155	43510768	0	.blp:133, .mdx:22
Dota Mod Project/Sources/Packs/DOTA 2 mod/DotA_Heroes_v2.0/Units/Demon/ChaosHellscream	15	5827122	15	.blp:13, .mdx:2
Dota Mod Project/Sources/Packs/DOTA 2 mod/DotA_Heroes_v2.0/Units/Demon/ChaosWarlock	23	5405340	23	.blp:21, .mdx:2
Dota Mod Project/Sources/Packs/DOTA 2 mod/DotA_Heroes_v2.0/Units/Demon/ChaosWarlord	10	2992535	10	.blp:8, .mdx:2
Dota Mod Project/Sources/Packs/DOTA 2 mod/DotA_Heroes_v2.0/Units/Demon/DemonessBlue	9	2897444	9	.blp:7, .mdx:2
Dota Mod Project/Sources/Packs/DOTA 2 mod/DotA_Heroes_v2.0/Units/Demon/DoomGuard	29	6992250	29	.blp:27, .mdx:2
Dota Mod Project/Sources/Packs/DOTA 2 mod/DotA_Heroes_v2.0/Units/Demon/Felgaurd	9	2713799	9	.blp:7, .mdx:2
Dota Mod Project/Sources/Packs/DOTA 2 mod/DotA_Heroes_v2.0/Units/Demon/FelgaurdBlue	10	3277678	10	.blp:8, .mdx:2
Dota Mod Project/Sources/Packs/DOTA 2 mod/DotA_Heroes_v2.0/Units/Demon/HeroChaosBladeMaster	18	4091287	18	.blp:16, .mdx:2
Dota Mod Project/Sources/Packs/DOTA 2 mod/DotA_Heroes_v2.0/Units/Demon/HeroPitlord	11	4472512	11	.blp:9, .mdx:2
Dota Mod Project/Sources/Packs/DOTA 2 mod/DotA_Heroes_v2.0/Units/Demon/Kiljaeden	12	2736814	12	.blp:10, .mdx:2
Dota Mod Project/Sources/Packs/DOTA 2 mod/DotA_Heroes_v2.0/Units/Demon/Warlock	9	2103987	9	.blp:7, .mdx:2
Dota Mod Project/Sources/Packs/DOTA 2 mod/DotA_Heroes_v2.0/Units/Human	186	56689800	0	.blp:161, .mdx:25
Dota Mod Project/Sources/Packs/DOTA 2 mod/DotA_Heroes_v2.0/Units/Human/Arthas	17	4317062	17	.blp:15, .mdx:2
Dota Mod Project/Sources/Packs/DOTA 2 mod/DotA_Heroes_v2.0/Units/Human/BloodElfSpellThief	15	3604325	15	.blp:13, .mdx:2
Dota Mod Project/Sources/Packs/DOTA 2 mod/DotA_Heroes_v2.0/Units/Human/Gyrocopter	18	6630939	18	.blp:16, .mdx:2
Dota Mod Project/Sources/Packs/DOTA 2 mod/DotA_Heroes_v2.0/Units/Human/HeroArchMage	5	7203433	5	.blp:3, .mdx:2
Dota Mod Project/Sources/Packs/DOTA 2 mod/DotA_Heroes_v2.0/Units/Human/HeroBloodElf	19	4230259	19	.blp:17, .mdx:2
Dota Mod Project/Sources/Packs/DOTA 2 mod/DotA_Heroes_v2.0/Units/Human/HeroMountainKing	23	7328822	23	.blp:21, .mdx:2
Dota Mod Project/Sources/Packs/DOTA 2 mod/DotA_Heroes_v2.0/Units/Human/Jaina	35	9868796	35	.blp:32, .mdx:3
Dota Mod Project/Sources/Packs/DOTA 2 mod/DotA_Heroes_v2.0/Units/Human/Phoenix	34	6960205	34	.blp:30, .mdx:4
Dota Mod Project/Sources/Packs/DOTA 2 mod/DotA_Heroes_v2.0/Units/Human/Rifleman	6	2845633	6	.blp:4, .mdx:2
Dota Mod Project/Sources/Packs/DOTA 2 mod/DotA_Heroes_v2.0/Units/Human/Sorceress	9	1784985	9	.blp:7, .mdx:2
Dota Mod Project/Sources/Packs/DOTA 2 mod/DotA_Heroes_v2.0/Units/Human/TheCaptain	5	1915341	5	.blp:3, .mdx:2
Dota Mod Project/Sources/Packs/DOTA 2 mod/DotA_Heroes_v2.0/Units/Naga	32	9663397	0	.blp:26, .mdx:6
Dota Mod Project/Sources/Packs/DOTA 2 mod/DotA_Heroes_v2.0/Units/Naga/LadyVashj	10	4244702	10	.blp:8, .mdx:2
Dota Mod Project/Sources/Packs/DOTA 2 mod/DotA_Heroes_v2.0/Units/Naga/NagaRoyalGuard	8	2343352	8	.blp:6, .mdx:2
Dota Mod Project/Sources/Packs/DOTA 2 mod/DotA_Heroes_v2.0/Units/Naga/NagaSiren	14	3075343	14	.blp:12, .mdx:2
Dota Mod Project/Sources/Packs/DOTA 2 mod/DotA_Heroes_v2.0/Units/NightElf	174	52987644	0	.blp:149, .mdx:25
Dota Mod Project/Sources/Packs/DOTA 2 mod/DotA_Heroes_v2.0/Units/NightElf/Chimaera	4	2678237	4	.blp:2, .mdx:2
Dota Mod Project/Sources/Packs/DOTA 2 mod/DotA_Heroes_v2.0/Units/NightElf/DruidoftheClaw	20	8519172	20	.blp:16, .mdx:4
Dota Mod Project/Sources/Packs/DOTA 2 mod/DotA_Heroes_v2.0/Units/NightElf/Dryad	12	3530108	12	.blp:10, .mdx:2
Dota Mod Project/Sources/Packs/DOTA 2 mod/DotA_Heroes_v2.0/Units/NightElf/EvilIllidan	30	6897567	30	.blp:28, .mdx:2
Dota Mod Project/Sources/Packs/DOTA 2 mod/DotA_Heroes_v2.0/Units/NightElf/HeroDemonHunter	24	4602631	24	.blp:22, .mdx:2
Dota Mod Project/Sources/Packs/DOTA 2 mod/DotA_Heroes_v2.0/Units/NightElf/HeroKeeperoftheGroveGhost	14	5486047	14	.blp:12, .mdx:2
Dota Mod Project/Sources/Packs/DOTA 2 mod/DotA_Heroes_v2.0/Units/NightElf/HeroMoonPriestess	14	4371572	14	.blp:12, .mdx:2
Dota Mod Project/Sources/Packs/DOTA 2 mod/DotA_Heroes_v2.0/Units/NightElf/HeroWarden	18	6229343	18	.blp:16, .mdx:2
Dota Mod Project/Sources/Packs/DOTA 2 mod/DotA_Heroes_v2.0/Units/NightElf/Huntress	19	5233012	19	.blp:17, .mdx:2
Dota Mod Project/Sources/Packs/DOTA 2 mod/DotA_Heroes_v2.0/Units/NightElf/Malfurion	10	3647568	10	.blp:8, .mdx:2
Dota Mod Project/Sources/Packs/DOTA 2 mod/DotA_Heroes_v2.0/Units/NightElf/Vengeance	8	1791991	8	.blp:6, .mdx:2
Dota Mod Project/Sources/Packs/DOTA 2 mod/DotA_Heroes_v2.0/Units/NightElf/Wisp	1	396	1	.mdx:1
Dota Mod Project/Sources/Packs/DOTA 2 mod/DotA_Heroes_v2.0/Units/Orc	138	43320618	0	.blp:110, .mdx:28
Dota Mod Project/Sources/Packs/DOTA 2 mod/DotA_Heroes_v2.0/Units/Orc/BatTroll	13	3254489	13	.blp:11, .mdx:2
Dota Mod Project/Sources/Packs/DOTA 2 mod/DotA_Heroes_v2.0/Units/Orc/HeadHunter	9	2594684	9	.blp:7, .mdx:2
Dota Mod Project/Sources/Packs/DOTA 2 mod/DotA_Heroes_v2.0/Units/Orc/Hellscream	12	4690690	12	.blp:10, .mdx:2
Dota Mod Project/Sources/Packs/DOTA 2 mod/DotA_Heroes_v2.0/Units/Orc/HeroFarSeer	12	1875831	12	.blp:10, .mdx:2
Dota Mod Project/Sources/Packs/DOTA 2 mod/DotA_Heroes_v2.0/Units/Orc/HeroShadowHunter	10	2677765	10	.blp:8, .mdx:2
Dota Mod Project/Sources/Packs/DOTA 2 mod/DotA_Heroes_v2.0/Units/Orc/HeroTaurenChieftain	14	5810464	14	.blp:12, .mdx:2
Dota Mod Project/Sources/Packs/DOTA 2 mod/DotA_Heroes_v2.0/Units/Orc/OrcWarlockGuldan	10	1840163	10	.blp:8, .mdx:2
Dota Mod Project/Sources/Packs/DOTA 2 mod/DotA_Heroes_v2.0/Units/Orc/Shaman	11	3901521	11	.blp:9, .mdx:2
Dota Mod Project/Sources/Packs/DOTA 2 mod/DotA_Heroes_v2.0/Units/Orc/SpiritWolf	4	1382693	4	.blp:2, .mdx:2
Dota Mod Project/Sources/Packs/DOTA 2 mod/DotA_Heroes_v2.0/Units/Orc/SpiritWyvern	7	1901160	7	.blp:5, .mdx:2
Dota Mod Project/Sources/Packs/DOTA 2 mod/DotA_Heroes_v2.0/Units/Orc/Spiritwalker	8	2877952	8	.blp:6, .mdx:2
Dota Mod Project/Sources/Packs/DOTA 2 mod/DotA_Heroes_v2.0/Units/Orc/Tauren	8	2348707	8	.blp:6, .mdx:2
Dota Mod Project/Sources/Packs/DOTA 2 mod/DotA_Heroes_v2.0/Units/Orc/Thrall	12	4830985	12	.blp:10, .mdx:2
Dota Mod Project/Sources/Packs/DOTA 2 mod/DotA_Heroes_v2.0/Units/Orc/WitchDoctor	8	3333514	8	.blp:6, .mdx:2
Dota Mod Project/Sources/Packs/DOTA 2 mod/DotA_Heroes_v2.0/Units/Other	36	14918690	0	.blp:28, .mdx:8
Dota Mod Project/Sources/Packs/DOTA 2 mod/DotA_Heroes_v2.0/Units/Other/DranaiAkama	10	4687323	10	.blp:8, .mdx:2
Dota Mod Project/Sources/Packs/DOTA 2 mod/DotA_Heroes_v2.0/Units/Other/DranaiMage	10	4387171	10	.blp:8, .mdx:2
Dota Mod Project/Sources/Packs/DOTA 2 mod/DotA_Heroes_v2.0/Units/Other/FleshGolem	5	3739150	5	.blp:3, .mdx:2
Dota Mod Project/Sources/Packs/DOTA 2 mod/DotA_Heroes_v2.0/Units/Other/Proudmoore	11	2105046	11	.blp:9, .mdx:2
Dota Mod Project/Sources/Packs/DOTA 2 mod/DotA_Heroes_v2.0/Units/Undead	123	43031021	0	.blp:101, .mdx:20, .db:2
Dota Mod Project/Sources/Packs/DOTA 2 mod/DotA_Heroes_v2.0/Units/Undead/Abomination	15	3896951	15	.blp:13, .mdx:2
Dota Mod Project/Sources/Packs/DOTA 2 mod/DotA_Heroes_v2.0/Units/Undead/FrostWyrm	15	5219252	15	.blp:13, .mdx:2
Dota Mod Project/Sources/Packs/DOTA 2 mod/DotA_Heroes_v2.0/Units/Undead/Gargoyle	8	1535338	8	.blp:6, .mdx:2
Dota Mod Project/Sources/Packs/DOTA 2 mod/DotA_Heroes_v2.0/Units/Undead/HeroCryptLord	7	2278937	7	.blp:5, .mdx:2
Dota Mod Project/Sources/Packs/DOTA 2 mod/DotA_Heroes_v2.0/Units/Undead/HeroDeathKnight	14	6376073	14	.blp:12, .mdx:2
Dota Mod Project/Sources/Packs/DOTA 2 mod/DotA_Heroes_v2.0/Units/Undead/KelthuzadGhost	12	4423119	12	.blp:9, .mdx:2, .db:1
Dota Mod Project/Sources/Packs/DOTA 2 mod/DotA_Heroes_v2.0/Units/Undead/ObsidianStatue	19	6696233	19	.blp:16, .mdx:2, .db:1
Dota Mod Project/Sources/Packs/DOTA 2 mod/DotA_Heroes_v2.0/Units/Undead/Skeleton	15	5820270	15	.blp:13, .mdx:2
Dota Mod Project/Sources/Packs/DOTA 2 mod/DotA_Heroes_v2.0/Units/Undead/SkeletonMage	8	3716350	8	.blp:6, .mdx:2
Dota Mod Project/Sources/Packs/DOTA 2 mod/DotA_Heroes_v2.0/Units/Undead/Tichondrius	10	3068498	10	.blp:8, .mdx:2
Dota Mod Project/Sources/Packs/DOTA 2 mod/Dota 1.5 - PrO_SoZaIa & ShadowProgr - 2012	1658	59902315	2	.blp:1560, .wav:48, .mdx:26, .tga:11, .mp3:8, .reg:2, .w3x:2, .fdf:1
Dota Mod Project/Sources/Packs/DOTA 2 mod/Dota 1.5 - PrO_SoZaIa & ShadowProgr - 2012/Abilities	2	14770	0	.mdx:1, .blp:1
Dota Mod Project/Sources/Packs/DOTA 2 mod/Dota 1.5 - PrO_SoZaIa & ShadowProgr - 2012/Abilities/Spells	2	14770	0	.mdx:1, .blp:1
Dota Mod Project/Sources/Packs/DOTA 2 mod/Dota 1.5 - PrO_SoZaIa & ShadowProgr - 2012/Abilities/Spells/Human	2	14770	0	.mdx:1, .blp:1
Dota Mod Project/Sources/Packs/DOTA 2 mod/Dota 1.5 - PrO_SoZaIa & ShadowProgr - 2012/Abilities/Spells/Human/Thunderclap	2	14770	2	.mdx:1, .blp:1
Dota Mod Project/Sources/Packs/DOTA 2 mod/Dota 1.5 - PrO_SoZaIa & ShadowProgr - 2012/Load	10	4733233	10	.tga:8, .blp:2
Dota Mod Project/Sources/Packs/DOTA 2 mod/Dota 1.5 - PrO_SoZaIa & ShadowProgr - 2012/Maps	2	15347706	0	.w3x:2
Dota Mod Project/Sources/Packs/DOTA 2 mod/Dota 1.5 - PrO_SoZaIa & ShadowProgr - 2012/Maps/Dota 1.5	2	15347706	2	.w3x:2
Dota Mod Project/Sources/Packs/DOTA 2 mod/Dota 1.5 - PrO_SoZaIa & ShadowProgr - 2012/ReplaceableTextures	1484	8738930	0	.blp:1481, .tga:3
Dota Mod Project/Sources/Packs/DOTA 2 mod/Dota 1.5 - PrO_SoZaIa & ShadowProgr - 2012/ReplaceableTextures/CommandButtons	683	4748545	683	.blp:683
Dota Mod Project/Sources/Packs/DOTA 2 mod/Dota 1.5 - PrO_SoZaIa & ShadowProgr - 2012/ReplaceableTextures/CommandButtonsDisabled	798	3793645	798	.blp:798
Dota Mod Project/Sources/Packs/DOTA 2 mod/Dota 1.5 - PrO_SoZaIa & ShadowProgr - 2012/ReplaceableTextures/Selection	3	196740	3	.tga:3
Dota Mod Project/Sources/Packs/DOTA 2 mod/Dota 1.5 - PrO_SoZaIa & ShadowProgr - 2012/Sound	12	10472615	0	.mp3:8, .wav:4
Dota Mod Project/Sources/Packs/DOTA 2 mod/Dota 1.5 - PrO_SoZaIa & ShadowProgr - 2012/Sound/Ambient	1	100786	0	.wav:1
Dota Mod Project/Sources/Packs/DOTA 2 mod/Dota 1.5 - PrO_SoZaIa & ShadowProgr - 2012/Sound/Ambient/DoodadEffects	1	100786	1	.wav:1
Dota Mod Project/Sources/Packs/DOTA 2 mod/Dota 1.5 - PrO_SoZaIa & ShadowProgr - 2012/Sound/Interface	3	365860	1	.wav:3
Dota Mod Project/Sources/Packs/DOTA 2 mod/Dota 1.5 - PrO_SoZaIa & ShadowProgr - 2012/Sound/Interface/Warning	2	47024	0	.wav:2
Dota Mod Project/Sources/Packs/DOTA 2 mod/Dota 1.5 - PrO_SoZaIa & ShadowProgr - 2012/Sound/Interface/Warning/NightElf	1	23303	1	.wav:1
Dota Mod Project/Sources/Packs/DOTA 2 mod/Dota 1.5 - PrO_SoZaIa & ShadowProgr - 2012/Sound/Interface/Warning/Undead	1	23721	1	.wav:1
Dota Mod Project/Sources/Packs/DOTA 2 mod/Dota 1.5 - PrO_SoZaIa & ShadowProgr - 2012/Sound/Music	8	10005969	0	.mp3:8
Dota Mod Project/Sources/Packs/DOTA 2 mod/Dota 1.5 - PrO_SoZaIa & ShadowProgr - 2012/Sound/Music/mp3Music	8	10005969	8	.mp3:8
Dota Mod Project/Sources/Packs/DOTA 2 mod/Dota 1.5 - PrO_SoZaIa & ShadowProgr - 2012/Textures	3	30770	3	.blp:3
Dota Mod Project/Sources/Packs/DOTA 2 mod/Dota 1.5 - PrO_SoZaIa & ShadowProgr - 2012/UI	72	8970490	0	.blp:63, .mdx:8, .fdf:1
Dota Mod Project/Sources/Packs/DOTA 2 mod/Dota 1.5 - PrO_SoZaIa & ShadowProgr - 2012/UI/Buttons	1	4226	0	.mdx:1
Dota Mod Project/Sources/Packs/DOTA 2 mod/Dota 1.5 - PrO_SoZaIa & ShadowProgr - 2012/UI/Buttons/HeroLevel	1	4226	1	.mdx:1
Dota Mod Project/Sources/Packs/DOTA 2 mod/Dota 1.5 - PrO_SoZaIa & ShadowProgr - 2012/UI/Console	18	6007750	0	.blp:16, .mdx:2
Dota Mod Project/Sources/Packs/DOTA 2 mod/Dota 1.5 - PrO_SoZaIa & ShadowProgr - 2012/UI/Console/NightElf	9	3003875	9	.blp:8, .mdx:1
Dota Mod Project/Sources/Packs/DOTA 2 mod/Dota 1.5 - PrO_SoZaIa & ShadowProgr - 2012/UI/Console/Undead	9	3003875	9	.blp:8, .mdx:1
Dota Mod Project/Sources/Packs/DOTA 2 mod/Dota 1.5 - PrO_SoZaIa & ShadowProgr - 2012/UI/Cursor	3	265686	3	.blp:3
Dota Mod Project/Sources/Packs/DOTA 2 mod/Dota 1.5 - PrO_SoZaIa & ShadowProgr - 2012/UI/Feedback	1	3910	0	.blp:1
Dota Mod Project/Sources/Packs/DOTA 2 mod/Dota 1.5 - PrO_SoZaIa & ShadowProgr - 2012/UI/Feedback/Resources	1	3910	1	.blp:1
Dota Mod Project/Sources/Packs/DOTA 2 mod/Dota 1.5 - PrO_SoZaIa & ShadowProgr - 2012/UI/FrameDef	1	20075	0	.fdf:1
Dota Mod Project/Sources/Packs/DOTA 2 mod/Dota 1.5 - PrO_SoZaIa & ShadowProgr - 2012/UI/FrameDef/Glue	1	20075	1	.fdf:1
Dota Mod Project/Sources/Packs/DOTA 2 mod/Dota 1.5 - PrO_SoZaIa & ShadowProgr - 2012/UI/Glues	9	1051319	0	.mdx:5, .blp:4
Dota Mod Project/Sources/Packs/DOTA 2 mod/Dota 1.5 - PrO_SoZaIa & ShadowProgr - 2012/UI/Glues/Loading	1	4404	0	.mdx:1
Dota Mod Project/Sources/Packs/DOTA 2 mod/Dota 1.5 - PrO_SoZaIa & ShadowProgr - 2012/UI/Glues/Loading/LoadBar	1	4404	1	.mdx:1
Dota Mod Project/Sources/Packs/DOTA 2 mod/Dota 1.5 - PrO_SoZaIa & ShadowProgr - 2012/UI/Glues/MainMenu	2	8612	0	.mdx:2
Dota Mod Project/Sources/Packs/DOTA 2 mod/Dota 1.5 - PrO_SoZaIa & ShadowProgr - 2012/UI/Glues/MainMenu/MainMenu3d_exp	1	6792	1	.mdx:1
Dota Mod Project/Sources/Packs/DOTA 2 mod/Dota 1.5 - PrO_SoZaIa & ShadowProgr - 2012/UI/Glues/MainMenu/WarCraftIIILogo_exp	1	1820	1	.mdx:1
Dota Mod Project/Sources/Packs/DOTA 2 mod/Dota 1.5 - PrO_SoZaIa & ShadowProgr - 2012/UI/Glues/SpriteLayers	6	1038303	3	.blp:4, .mdx:2
Dota Mod Project/Sources/Packs/DOTA 2 mod/Dota 1.5 - PrO_SoZaIa & ShadowProgr - 2012/UI/Glues/SpriteLayers/Expansion	3	195881	3	.blp:3
Dota Mod Project/Sources/Packs/DOTA 2 mod/Dota 1.5 - PrO_SoZaIa & ShadowProgr - 2012/UI/MiniMap	1	3910	1	.blp:1
Dota Mod Project/Sources/Packs/DOTA 2 mod/Dota 1.5 - PrO_SoZaIa & ShadowProgr - 2012/UI/Widgets	38	1613614	0	.blp:38
Dota Mod Project/Sources/Packs/DOTA 2 mod/Dota 1.5 - PrO_SoZaIa & ShadowProgr - 2012/UI/Widgets/BattleNet	1	5500	1	.blp:1
Dota Mod Project/Sources/Packs/DOTA 2 mod/Dota 1.5 - PrO_SoZaIa & ShadowProgr - 2012/UI/Widgets/Console	7	412394	0	.blp:7
Dota Mod Project/Sources/Packs/DOTA 2 mod/Dota 1.5 - PrO_SoZaIa & ShadowProgr - 2012/UI/Widgets/Console/Human	3	36306	3	.blp:3
Dota Mod Project/Sources/Packs/DOTA 2 mod/Dota 1.5 - PrO_SoZaIa & ShadowProgr - 2012/UI/Widgets/Console/NightElf	2	188044	2	.blp:2
Dota Mod Project/Sources/Packs/DOTA 2 mod/Dota 1.5 - PrO_SoZaIa & ShadowProgr - 2012/UI/Widgets/Console/Undead	2	188044	2	.blp:2
Dota Mod Project/Sources/Packs/DOTA 2 mod/Dota 1.5 - PrO_SoZaIa & ShadowProgr - 2012/UI/Widgets/EscMenu	16	1100262	0	.blp:16
Dota Mod Project/Sources/Packs/DOTA 2 mod/Dota 1.5 - PrO_SoZaIa & ShadowProgr - 2012/UI/Widgets/EscMenu/NightElf	8	550131	8	.blp:8
Dota Mod Project/Sources/Packs/DOTA 2 mod/Dota 1.5 - PrO_SoZaIa & ShadowProgr - 2012/UI/Widgets/EscMenu/Undead	8	550131	8	.blp:8
Dota Mod Project/Sources/Packs/DOTA 2 mod/Dota 1.5 - PrO_SoZaIa & ShadowProgr - 2012/UI/Widgets/Glues	14	95458	14	.blp:14
Dota Mod Project/Sources/Packs/DOTA 2 mod/Dota 1.5 - PrO_SoZaIa & ShadowProgr - 2012/Units	71	11592817	0	.wav:44, .mdx:17, .blp:10
Dota Mod Project/Sources/Packs/DOTA 2 mod/Dota 1.5 - PrO_SoZaIa & ShadowProgr - 2012/Units/Human	3	1694063	0	.mdx:2, .blp:1
Dota Mod Project/Sources/Packs/DOTA 2 mod/Dota 1.5 - PrO_SoZaIa & ShadowProgr - 2012/Units/Human/BloodElfSpellThief	3	1694063	3	.mdx:2, .blp:1
Dota Mod Project/Sources/Packs/DOTA 2 mod/Dota 1.5 - PrO_SoZaIa & ShadowProgr - 2012/Units/NightElf	20	1448524	0	.wav:16, .blp:2, .mdx:2
Dota Mod Project/Sources/Packs/DOTA 2 mod/Dota 1.5 - PrO_SoZaIa & ShadowProgr - 2012/Units/NightElf/Archer	16	161049	16	.wav:16
Dota Mod Project/Sources/Packs/DOTA 2 mod/Dota 1.5 - PrO_SoZaIa & ShadowProgr - 2012/Units/NightElf/HeroDemonHunter	4	1287475	4	.blp:2, .mdx:2
Dota Mod Project/Sources/Packs/DOTA 2 mod/Dota 1.5 - PrO_SoZaIa & ShadowProgr - 2012/Units/Orc	4	3155830	0	.mdx:3, .blp:1
Dota Mod Project/Sources/Packs/DOTA 2 mod/Dota 1.5 - PrO_SoZaIa & ShadowProgr - 2012/Units/Orc/Shaman	4	3155830	4	.mdx:3, .blp:1
Dota Mod Project/Sources/Packs/DOTA 2 mod/Dota 1.5 - PrO_SoZaIa & ShadowProgr - 2012/Units/Undead	31	1581825	0	.wav:28, .mdx:2, .blp:1
Dota Mod Project/Sources/Packs/DOTA 2 mod/Dota 1.5 - PrO_SoZaIa & ShadowProgr - 2012/Units/Undead/Abomination	15	195011	15	.wav:15
Dota Mod Project/Sources/Packs/DOTA 2 mod/Dota 1.5 - PrO_SoZaIa & ShadowProgr - 2012/Units/Undead/Ghoul	13	253625	13	.wav:13
Dota Mod Project/Sources/Packs/DOTA 2 mod/Dota 1.5 - PrO_SoZaIa & ShadowProgr - 2012/Units/Undead/Tichondrius	3	1133189	3	.mdx:2, .blp:1
Dota Mod Project/Sources/Packs/DOTA 2 mod/Dota 1.5 - PrO_SoZaIa & ShadowProgr - 2012/Units/demon	13	3712575	0	.mdx:8, .blp:5
Dota Mod Project/Sources/Packs/DOTA 2 mod/Dota 1.5 - PrO_SoZaIa & ShadowProgr - 2012/Units/demon/ChaosWarlock	3	1267164	3	.mdx:2, .blp:1
Dota Mod Project/Sources/Packs/DOTA 2 mod/Dota 1.5 - PrO_SoZaIa & ShadowProgr - 2012/Units/demon/DoomGuard	4	1939806	4	.mdx:2, .blp:2
Dota Mod Project/Sources/Packs/DOTA 2 mod/Dota 1.5 - PrO_SoZaIa & ShadowProgr - 2012/Units/demon/Felgaurd	3	257325	3	.mdx:2, .blp:1
Dota Mod Project/Sources/Packs/DOTA 2 mod/Dota 1.5 - PrO_SoZaIa & ShadowProgr - 2012/Units/demon/FelgaurdBlue	3	248280	3	.mdx:2, .blp:1
Dota Mod Project/Sources/Packs/DOTA 2 mod/Dota 1.5 2	450	161529319	1	.blp:264, .mdx:176, .wav:5, .txt:4, .ini:1
Dota Mod Project/Sources/Packs/DOTA 2 mod/Dota 1.5 2/Fifth Pack	92	32008169	3	.blp:61, .mdx:30, .txt:1
Dota Mod Project/Sources/Packs/DOTA 2 mod/Dota 1.5 2/Fifth Pack/Units	89	30614775	0	.blp:61, .mdx:28
Dota Mod Project/Sources/Packs/DOTA 2 mod/Dota 1.5 2/Fifth Pack/Units/Creeps	30	10283257	0	.blp:20, .mdx:10
Dota Mod Project/Sources/Packs/DOTA 2 mod/Dota 1.5 2/Fifth Pack/Units/Creeps/BeastMaster	5	3868254	5	.blp:3, .mdx:2
Dota Mod Project/Sources/Packs/DOTA 2 mod/Dota 1.5 2/Fifth Pack/Units/Creeps/BurningArcher	10	2893496	10	.blp:8, .mdx:2
Dota Mod Project/Sources/Packs/DOTA 2 mod/Dota 1.5 2/Fifth Pack/Units/Creeps/FacelessOne	9	2412475	9	.blp:7, .mdx:2
Dota Mod Project/Sources/Packs/DOTA 2 mod/Dota 1.5 2/Fifth Pack/Units/Creeps/QuillBeast	3	604945	3	.mdx:2, .blp:1
Dota Mod Project/Sources/Packs/DOTA 2 mod/Dota 1.5 2/Fifth Pack/Units/Creeps/WarEagle	3	504087	3	.mdx:2, .blp:1
Dota Mod Project/Sources/Packs/DOTA 2 mod/Dota 1.5 2/Fifth Pack/Units/Custom	12	4133788	0	.blp:8, .mdx:4
Dota Mod Project/Sources/Packs/DOTA 2 mod/Dota 1.5 2/Fifth Pack/Units/Custom/OgreMagi	9	2259018	9	.blp:7, .mdx:2
Dota Mod Project/Sources/Packs/DOTA 2 mod/Dota 1.5 2/Fifth Pack/Units/Custom/Puck	3	1874770	3	.mdx:2, .blp:1
Dota Mod Project/Sources/Packs/DOTA 2 mod/Dota 1.5 2/Fifth Pack/Units/Demon	4	1075707	0	.blp:2, .mdx:2
Dota Mod Project/Sources/Packs/DOTA 2 mod/Dota 1.5 2/Fifth Pack/Units/Demon/Infernal	4	1075707	4	.blp:2, .mdx:2
Dota Mod Project/Sources/Packs/DOTA 2 mod/Dota 1.5 2/Fifth Pack/Units/NightElf	6	2445560	0	.blp:4, .mdx:2
Dota Mod Project/Sources/Packs/DOTA 2 mod/Dota 1.5 2/Fifth Pack/Units/NightElf/HeroDemonHunter	6	2445560	6	.blp:4, .mdx:2
Dota Mod Project/Sources/Packs/DOTA 2 mod/Dota 1.5 2/Fifth Pack/Units/Orc	24	8778341	0	.blp:16, .mdx:8
Dota Mod Project/Sources/Packs/DOTA 2 mod/Dota 1.5 2/Fifth Pack/Units/Orc/BatTroll	5	2113033	5	.blp:3, .mdx:2
Dota Mod Project/Sources/Packs/DOTA 2 mod/Dota 1.5 2/Fifth Pack/Units/Orc/HeroShadowHunter	4	2036785	4	.mdx:2, .blp:2
Dota Mod Project/Sources/Packs/DOTA 2 mod/Dota 1.5 2/Fifth Pack/Units/Orc/OrcWarlockGuldan	8	1908291	8	.blp:6, .mdx:2
Dota Mod Project/Sources/Packs/DOTA 2 mod/Dota 1.5 2/Fifth Pack/Units/Orc/WitchDoctor	7	2720232	7	.blp:5, .mdx:2
Dota Mod Project/Sources/Packs/DOTA 2 mod/Dota 1.5 2/Fifth Pack/Units/Undead	13	3898122	0	.blp:11, .mdx:2
Dota Mod Project/Sources/Packs/DOTA 2 mod/Dota 1.5 2/Fifth Pack/Units/Undead/Banshee	11	2840141	11	.blp:9, .mdx:2
Dota Mod Project/Sources/Packs/DOTA 2 mod/Dota 1.5 2/Fifth Pack/Units/Undead/HeroLich	2	1057981	2	.blp:2
Dota Mod Project/Sources/Packs/DOTA 2 mod/Dota 1.5 2/First Pack	95	36847224	5	.blp:51, .mdx:42, .txt:1, .ini:1
Dota Mod Project/Sources/Packs/DOTA 2 mod/Dota 1.5 2/First Pack/Abilities	8	356936	0	.mdx:5, .blp:3
Dota Mod Project/Sources/Packs/DOTA 2 mod/Dota 1.5 2/First Pack/Abilities/Spells	2	19334	0	.mdx:2
Dota Mod Project/Sources/Packs/DOTA 2 mod/Dota 1.5 2/First Pack/Abilities/Spells/Undead	2	19334	0	.mdx:2
Dota Mod Project/Sources/Packs/DOTA 2 mod/Dota 1.5 2/First Pack/Abilities/Spells/Undead/AnimateDead	2	19334	2	.mdx:2
Dota Mod Project/Sources/Packs/DOTA 2 mod/Dota 1.5 2/First Pack/Abilities/Weapons	6	337602	0	.mdx:3, .blp:3
Dota Mod Project/Sources/Packs/DOTA 2 mod/Dota 1.5 2/First Pack/Abilities/Weapons/BallistaMissile	4	173249	4	.mdx:2, .blp:2
Dota Mod Project/Sources/Packs/DOTA 2 mod/Dota 1.5 2/First Pack/Abilities/Weapons/EluneArrow	2	164353	2	.mdx:1, .blp:1
Dota Mod Project/Sources/Packs/DOTA 2 mod/Dota 1.5 2/First Pack/TwistedArt	5	30542	5	.blp:3, .txt:1, .ini:1
Dota Mod Project/Sources/Packs/DOTA 2 mod/Dota 1.5 2/First Pack/Units	77	33496265	0	.blp:44, .mdx:33
Dota Mod Project/Sources/Packs/DOTA 2 mod/Dota 1.5 2/First Pack/Units/Creeps	18	6360855	0	.blp:12, .mdx:6
Dota Mod Project/Sources/Packs/DOTA 2 mod/Dota 1.5 2/First Pack/Units/Creeps/BansheeRanger	5	2426523	5	.blp:3, .mdx:2
Dota Mod Project/Sources/Packs/DOTA 2 mod/Dota 1.5 2/First Pack/Units/Creeps/FurbolgTracker	7	2279754	7	.blp:5, .mdx:2
Dota Mod Project/Sources/Packs/DOTA 2 mod/Dota 1.5 2/First Pack/Units/Creeps/HeroFlameLord	1	39892	1	.blp:1
Dota Mod Project/Sources/Packs/DOTA 2 mod/Dota 1.5 2/First Pack/Units/Creeps/HeroTinker	2	599761	2	.blp:2
Dota Mod Project/Sources/Packs/DOTA 2 mod/Dota 1.5 2/First Pack/Units/Creeps/NerubianQueen	3	1014925	3	.mdx:2, .blp:1
Dota Mod Project/Sources/Packs/DOTA 2 mod/Dota 1.5 2/First Pack/Units/Custom	6	3120412	0	.blp:3, .mdx:3
Dota Mod Project/Sources/Packs/DOTA 2 mod/Dota 1.5 2/First Pack/Units/Custom/IcyGhost	5	2362324	5	.blp:3, .mdx:2
Dota Mod Project/Sources/Packs/DOTA 2 mod/Dota 1.5 2/First Pack/Units/Custom/Riki	1	758088	1	.mdx:1
Dota Mod Project/Sources/Packs/DOTA 2 mod/Dota 1.5 2/First Pack/Units/Demon	22	8718740	0	.blp:14, .mdx:8
Dota Mod Project/Sources/Packs/DOTA 2 mod/Dota 1.5 2/First Pack/Units/Demon/ChaosHellscream	8	2825079	8	.blp:6, .mdx:2
Dota Mod Project/Sources/Packs/DOTA 2 mod/Dota 1.5 2/First Pack/Units/Demon/DoomGuard	5	2062706	5	.blp:3, .mdx:2
Dota Mod Project/Sources/Packs/DOTA 2 mod/Dota 1.5 2/First Pack/Units/Demon/Felgaurd	5	1987034	5	.blp:3, .mdx:2
Dota Mod Project/Sources/Packs/DOTA 2 mod/Dota 1.5 2/First Pack/Units/Demon/FelgaurdBlue	4	1843921	4	.mdx:2, .blp:2
Dota Mod Project/Sources/Packs/DOTA 2 mod/Dota 1.5 2/First Pack/Units/Human	12	7210315	0	.blp:6, .mdx:6
Dota Mod Project/Sources/Packs/DOTA 2 mod/Dota 1.5 2/First Pack/Units/Human/Jaina	7	4087658	7	.mdx:4, .blp:3
Dota Mod Project/Sources/Packs/DOTA 2 mod/Dota 1.5 2/First Pack/Units/Human/Rifleman	5	3122657	5	.blp:3, .mdx:2
Dota Mod Project/Sources/Packs/DOTA 2 mod/Dota 1.5 2/First Pack/Units/Naga	4	916386	0	.mdx:2, .blp:2
Dota Mod Project/Sources/Packs/DOTA 2 mod/Dota 1.5 2/First Pack/Units/Naga/NagaRoyalGuard	4	916386	4	.mdx:2, .blp:2
Dota Mod Project/Sources/Packs/DOTA 2 mod/Dota 1.5 2/First Pack/Units/NightElf	9	3485483	0	.blp:5, .mdx:4
Dota Mod Project/Sources/Packs/DOTA 2 mod/Dota 1.5 2/First Pack/Units/NightElf/HeroDemonHunter	4	1290359	4	.blp:2, .mdx:2
Dota Mod Project/Sources/Packs/DOTA 2 mod/Dota 1.5 2/First Pack/Units/NightElf/HeroMoonPriestess	5	2195124	5	.blp:3, .mdx:2
Dota Mod Project/Sources/Packs/DOTA 2 mod/Dota 1.5 2/First Pack/Units/Orc	3	2550885	0	.mdx:2, .blp:1
Dota Mod Project/Sources/Packs/DOTA 2 mod/Dota 1.5 2/First Pack/Units/Orc/Shaman	3	2550885	3	.mdx:2, .blp:1
Dota Mod Project/Sources/Packs/DOTA 2 mod/Dota 1.5 2/First Pack/Units/Undead	3	1133189	0	.mdx:2, .blp:1
Dota Mod Project/Sources/Packs/DOTA 2 mod/Dota 1.5 2/First Pack/Units/Undead/Tichondrius	3	1133189	3	.mdx:2, .blp:1
Dota Mod Project/Sources/Packs/DOTA 2 mod/Dota 1.5 2/Miscellaneous Models	39	14226489	1	.mdx:23, .blp:14, .txt:1, .wav:1
Dota Mod Project/Sources/Packs/DOTA 2 mod/Dota 1.5 2/Miscellaneous Models/Abilities	4	218237	0	.mdx:2, .blp:1, .wav:1
Dota Mod Project/Sources/Packs/DOTA 2 mod/Dota 1.5 2/Miscellaneous Models/Abilities/Spells	2	200874	0	.blp:1, .wav:1
Dota Mod Project/Sources/Packs/DOTA 2 mod/Dota 1.5 2/Miscellaneous Models/Abilities/Spells/Other	2	200874	0	.blp:1, .wav:1
Dota Mod Project/Sources/Packs/DOTA 2 mod/Dota 1.5 2/Miscellaneous Models/Abilities/Spells/Other/Silence	2	200874	2	.blp:1, .wav:1
Dota Mod Project/Sources/Packs/DOTA 2 mod/Dota 1.5 2/Miscellaneous Models/Abilities/Weapons	2	17363	0	.mdx:2
Dota Mod Project/Sources/Packs/DOTA 2 mod/Dota 1.5 2/Miscellaneous Models/Abilities/Weapons/AncientProtectorMissile	1	9565	1	.mdx:1
Dota Mod Project/Sources/Packs/DOTA 2 mod/Dota 1.5 2/Miscellaneous Models/Abilities/Weapons/ZigguratMissile	1	7798	1	.mdx:1
Dota Mod Project/Sources/Packs/DOTA 2 mod/Dota 1.5 2/Miscellaneous Models/Buildings	7	2543218	0	.mdx:4, .blp:3
Dota Mod Project/Sources/Packs/DOTA 2 mod/Dota 1.5 2/Miscellaneous Models/Buildings/Custom	4	1389385	0	.mdx:2, .blp:2
Dota Mod Project/Sources/Packs/DOTA 2 mod/Dota 1.5 2/Miscellaneous Models/Buildings/Custom/BadAncient	2	811857	2	.mdx:1, .blp:1
Dota Mod Project/Sources/Packs/DOTA 2 mod/Dota 1.5 2/Miscellaneous Models/Buildings/Custom/BadTower	2	577528	2	.mdx:1, .blp:1
Dota Mod Project/Sources/Packs/DOTA 2 mod/Dota 1.5 2/Miscellaneous Models/Buildings/NightElf	3	1153833	0	.mdx:2, .blp:1
Dota Mod Project/Sources/Packs/DOTA 2 mod/Dota 1.5 2/Miscellaneous Models/Buildings/NightElf/AncientProtector	3	1153833	3	.mdx:2, .blp:1
Dota Mod Project/Sources/Packs/DOTA 2 mod/Dota 1.5 2/Miscellaneous Models/Textures	1	249711	1	.blp:1
Dota Mod Project/Sources/Packs/DOTA 2 mod/Dota 1.5 2/Miscellaneous Models/Units	26	11214493	0	.mdx:17, .blp:9
Dota Mod Project/Sources/Packs/DOTA 2 mod/Dota 1.5 2/Miscellaneous Models/Units/Custom	14	6178774	0	.mdx:9, .blp:5
Dota Mod Project/Sources/Packs/DOTA 2 mod/Dota 1.5 2/Miscellaneous Models/Units/Custom/Centaur	2	208164	2	.mdx:2
Dota Mod Project/Sources/Packs/DOTA 2 mod/Dota 1.5 2/Miscellaneous Models/Units/Custom/Roshan	3	2646108	3	.mdx:2, .blp:1
Dota Mod Project/Sources/Packs/DOTA 2 mod/Dota 1.5 2/Miscellaneous Models/Units/Custom/SentCreep	3	1291030	3	.mdx:2, .blp:1
Dota Mod Project/Sources/Packs/DOTA 2 mod/Dota 1.5 2/Miscellaneous Models/Units/Custom/SentCreepRange	3	1329840	3	.mdx:2, .blp:1
Dota Mod Project/Sources/Packs/DOTA 2 mod/Dota 1.5 2/Miscellaneous Models/Units/Custom/ShopKeeper	3	703632	3	.blp:2, .mdx:1
Dota Mod Project/Sources/Packs/DOTA 2 mod/Dota 1.5 2/Miscellaneous Models/Units/NightElf	3	1304745	0	.mdx:2, .blp:1
Dota Mod Project/Sources/Packs/DOTA 2 mod/Dota 1.5 2/Miscellaneous Models/Units/NightElf/Ballista	3	1304745	3	.mdx:2, .blp:1
Dota Mod Project/Sources/Packs/DOTA 2 mod/Dota 1.5 2/Miscellaneous Models/Units/Undead	9	3730974	0	.mdx:6, .blp:3
Dota Mod Project/Sources/Packs/DOTA 2 mod/Dota 1.5 2/Miscellaneous Models/Units/Undead/Ghoul	3	1207007	3	.mdx:2, .blp:1
Dota Mod Project/Sources/Packs/DOTA 2 mod/Dota 1.5 2/Miscellaneous Models/Units/Undead/Meatwagon	3	1038714	3	.mdx:2, .blp:1
Dota Mod Project/Sources/Packs/DOTA 2 mod/Dota 1.5 2/Miscellaneous Models/Units/Undead/Necromancer	3	1485253	3	.mdx:2, .blp:1
Dota Mod Project/Sources/Packs/DOTA 2 mod/Dota 1.5 2/Sixth Pack	77	27680930	1	.blp:41, .mdx:35, .txt:1
Dota Mod Project/Sources/Packs/DOTA 2 mod/Dota 1.5 2/Sixth Pack/Buildings	16	5968261	0	.blp:9, .mdx:7
Dota Mod Project/Sources/Packs/DOTA 2 mod/Dota 1.5 2/Sixth Pack/Buildings/Custom	3	1572020	0	.blp:2, .mdx:1
Dota Mod Project/Sources/Packs/DOTA 2 mod/Dota 1.5 2/Sixth Pack/Buildings/Custom/GoodAncient	3	1572020	3	.blp:2, .mdx:1
Dota Mod Project/Sources/Packs/DOTA 2 mod/Dota 1.5 2/Sixth Pack/Buildings/NightElf	9	3287455	0	.blp:5, .mdx:4
Dota Mod Project/Sources/Packs/DOTA 2 mod/Dota 1.5 2/Sixth Pack/Buildings/NightElf/AncientOfLore	3	1087096	3	.blp:2, .mdx:1
Dota Mod Project/Sources/Packs/DOTA 2 mod/Dota 1.5 2/Sixth Pack/Buildings/NightElf/AncientOfWar	3	1046526	3	.blp:2, .mdx:1
Dota Mod Project/Sources/Packs/DOTA 2 mod/Dota 1.5 2/Sixth Pack/Buildings/NightElf/AncientProtector	3	1153833	3	.mdx:2, .blp:1
Dota Mod Project/Sources/Packs/DOTA 2 mod/Dota 1.5 2/Sixth Pack/Buildings/Undead	4	1108786	0	.mdx:2, .blp:2
Dota Mod Project/Sources/Packs/DOTA 2 mod/Dota 1.5 2/Sixth Pack/Buildings/Undead/Crypt	2	584678	2	.mdx:1, .blp:1
Dota Mod Project/Sources/Packs/DOTA 2 mod/Dota 1.5 2/Sixth Pack/Buildings/Undead/TempleOfTheDamned	2	524108	2	.mdx:1, .blp:1
Dota Mod Project/Sources/Packs/DOTA 2 mod/Dota 1.5 2/Sixth Pack/Units	60	21712047	0	.blp:32, .mdx:28
Dota Mod Project/Sources/Packs/DOTA 2 mod/Dota 1.5 2/Sixth Pack/Units/Custom	29	9163146	0	.mdx:16, .blp:13
Dota Mod Project/Sources/Packs/DOTA 2 mod/Dota 1.5 2/Sixth Pack/Units/Custom/Enigma	10	3115141	10	.blp:8, .mdx:2
Dota Mod Project/Sources/Packs/DOTA 2 mod/Dota 1.5 2/Sixth Pack/Units/Custom/NecroSummons	16	5318714	16	.mdx:12, .blp:4
Dota Mod Project/Sources/Packs/DOTA 2 mod/Dota 1.5 2/Sixth Pack/Units/Custom/PlagueWard	3	729291	3	.mdx:2, .blp:1
Dota Mod Project/Sources/Packs/DOTA 2 mod/Dota 1.5 2/Sixth Pack/Units/Demon	4	3213521	0	.blp:2, .mdx:2
Dota Mod Project/Sources/Packs/DOTA 2 mod/Dota 1.5 2/Sixth Pack/Units/Demon/Warlock	4	3213521	4	.blp:2, .mdx:2
Dota Mod Project/Sources/Packs/DOTA 2 mod/Dota 1.5 2/Sixth Pack/Units/NightElf	4	1200127	0	.blp:2, .mdx:2
Dota Mod Project/Sources/Packs/DOTA 2 mod/Dota 1.5 2/Sixth Pack/Units/NightElf/SpiritofVengeance	4	1200127	4	.blp:2, .mdx:2
Dota Mod Project/Sources/Packs/DOTA 2 mod/Dota 1.5 2/Sixth Pack/Units/Orc	7	1913897	0	.blp:5, .mdx:2
Dota Mod Project/Sources/Packs/DOTA 2 mod/Dota 1.5 2/Sixth Pack/Units/Orc/HeroFarSeer	7	1913897	7	.blp:5, .mdx:2
Dota Mod Project/Sources/Packs/DOTA 2 mod/Dota 1.5 2/Sixth Pack/Units/Other	9	2414695	0	.blp:7, .mdx:2
Dota Mod Project/Sources/Packs/DOTA 2 mod/Dota 1.5 2/Sixth Pack/Units/Other/Proudmoore	9	2414695	9	.blp:7, .mdx:2
Dota Mod Project/Sources/Packs/DOTA 2 mod/Dota 1.5 2/Sixth Pack/Units/Undead	7	3806661	0	.mdx:4, .blp:3
Dota Mod Project/Sources/Packs/DOTA 2 mod/Dota 1.5 2/Sixth Pack/Units/Undead/KelThuzadGhost	3	1968625	3	.mdx:2, .blp:1
Dota Mod Project/Sources/Packs/DOTA 2 mod/Dota 1.5 2/Sixth Pack/Units/Undead/ObsidianStatue	4	1838036	4	.blp:2, .mdx:2
Dota Mod Project/Sources/Packs/DOTA 2 mod/Dota 1.5 2/Third Pack	61	16859399	0	.blp:40, .mdx:17, .wav:4
Dota Mod Project/Sources/Packs/DOTA 2 mod/Dota 1.5 2/Third Pack/Abilities	6	337602	0	.mdx:3, .blp:3
Dota Mod Project/Sources/Packs/DOTA 2 mod/Dota 1.5 2/Third Pack/Abilities/Weapons	6	337602	0	.mdx:3, .blp:3
Dota Mod Project/Sources/Packs/DOTA 2 mod/Dota 1.5 2/Third Pack/Abilities/Weapons/BallistaMissile	4	173249	4	.mdx:2, .blp:2
Dota Mod Project/Sources/Packs/DOTA 2 mod/Dota 1.5 2/Third Pack/Abilities/Weapons/EluneArrow	2	164353	2	.mdx:1, .blp:1
Dota Mod Project/Sources/Packs/DOTA 2 mod/Dota 1.5 2/Third Pack/Units	55	16521797	0	.blp:37, .mdx:14, .wav:4
Dota Mod Project/Sources/Packs/DOTA 2 mod/Dota 1.5 2/Third Pack/Units/Creeps	9	2113961	0	.blp:5, .mdx:4
Dota Mod Project/Sources/Packs/DOTA 2 mod/Dota 1.5 2/Third Pack/Units/Creeps/NetherDragon	3	1047004	3	.mdx:2, .blp:1
Dota Mod Project/Sources/Packs/DOTA 2 mod/Dota 1.5 2/Third Pack/Units/Creeps/SylvanusWindrunner	6	1066957	6	.blp:4, .mdx:2
Dota Mod Project/Sources/Packs/DOTA 2 mod/Dota 1.5 2/Third Pack/Units/Custom	7	2270711	0	.blp:5, .mdx:2
Dota Mod Project/Sources/Packs/DOTA 2 mod/Dota 1.5 2/Third Pack/Units/Custom/Naix	7	2270711	7	.blp:5, .mdx:2
Dota Mod Project/Sources/Packs/DOTA 2 mod/Dota 1.5 2/Third Pack/Units/Human	18	6457297	0	.blp:14, .mdx:4
Dota Mod Project/Sources/Packs/DOTA 2 mod/Dota 1.5 2/Third Pack/Units/Human/Arthas	9	3126260	9	.blp:7, .mdx:2
Dota Mod Project/Sources/Packs/DOTA 2 mod/Dota 1.5 2/Third Pack/Units/Human/HeroBloodElf	9	3331037	9	.blp:7, .mdx:2
Dota Mod Project/Sources/Packs/DOTA 2 mod/Dota 1.5 2/Third Pack/Units/Orc	17	4153024	0	.blp:11, .wav:4, .mdx:2
Dota Mod Project/Sources/Packs/DOTA 2 mod/Dota 1.5 2/Third Pack/Units/Orc/Spiritwalker	17	4153024	17	.blp:11, .wav:4, .mdx:2
Dota Mod Project/Sources/Packs/DOTA 2 mod/Dota 1.5 2/Third Pack/Units/Undead	4	1526804	0	.mdx:2, .blp:2
Dota Mod Project/Sources/Packs/DOTA 2 mod/Dota 1.5 2/Third Pack/Units/Undead/Abomination	4	1526804	4	.mdx:2, .blp:2
Dota Mod Project/Sources/Packs/DOTA 2 mod/Dota 1.5 2/Units	85	33902678	0	.blp:56, .mdx:29
Dota Mod Project/Sources/Packs/DOTA 2 mod/Dota 1.5 2/Units/Creeps	14	4523996	0	.blp:10, .mdx:4
Dota Mod Project/Sources/Packs/DOTA 2 mod/Dota 1.5 2/Units/Creeps/SeaGiantGreen	8	1845821	8	.blp:6, .mdx:2
Dota Mod Project/Sources/Packs/DOTA 2 mod/Dota 1.5 2/Units/Creeps/SpiderBlack	6	2678175	6	.blp:4, .mdx:2
Dota Mod Project/Sources/Packs/DOTA 2 mod/Dota 1.5 2/Units/Custom	4	2567219	0	.mdx:4
Dota Mod Project/Sources/Packs/DOTA 2 mod/Dota 1.5 2/Units/Custom/PL	2	1728126	2	.mdx:2
Dota Mod Project/Sources/Packs/DOTA 2 mod/Dota 1.5 2/Units/Custom/SkeletonKing	2	839093	2	.mdx:2
Dota Mod Project/Sources/Packs/DOTA 2 mod/Dota 1.5 2/Units/Demon	10	3773267	0	.blp:6, .mdx:4
Dota Mod Project/Sources/Packs/DOTA 2 mod/Dota 1.5 2/Units/Demon/ChaosWarlock	3	1267164	3	.mdx:2, .blp:1
Dota Mod Project/Sources/Packs/DOTA 2 mod/Dota 1.5 2/Units/Demon/DemonessBlue	7	2506103	7	.blp:5, .mdx:2
Dota Mod Project/Sources/Packs/DOTA 2 mod/Dota 1.5 2/Units/Human	8	4998063	0	.mdx:4, .blp:4
Dota Mod Project/Sources/Packs/DOTA 2 mod/Dota 1.5 2/Units/Human/BloodElfSpellThief	3	1696207	3	.mdx:2, .blp:1
Dota Mod Project/Sources/Packs/DOTA 2 mod/Dota 1.5 2/Units/Human/Sorceress	5	3301856	5	.blp:3, .mdx:2
Dota Mod Project/Sources/Packs/DOTA 2 mod/Dota 1.5 2/Units/NightElf	13	4836500	0	.blp:8, .mdx:5
Dota Mod Project/Sources/Packs/DOTA 2 mod/Dota 1.5 2/Units/NightElf/MalFurion	4	2431570	4	.mdx:2, .blp:2
Dota Mod Project/Sources/Packs/DOTA 2 mod/Dota 1.5 2/Units/NightElf/Vengeance	9	2404930	9	.blp:6, .mdx:3
Dota Mod Project/Sources/Packs/DOTA 2 mod/Dota 1.5 2/Units/Orc	15	4822696	0	.blp:11, .mdx:4
Dota Mod Project/Sources/Packs/DOTA 2 mod/Dota 1.5 2/Units/Orc/HellScream	6	577721	6	.blp:6
Dota Mod Project/Sources/Packs/DOTA 2 mod/Dota 1.5 2/Units/Orc/HeroFarSeer	5	1523989	5	.blp:3, .mdx:2
Dota Mod Project/Sources/Packs/DOTA 2 mod/Dota 1.5 2/Units/Orc/Tauren	4	2720986	4	.mdx:2, .blp:2
Dota Mod Project/Sources/Packs/DOTA 2 mod/Dota 1.5 2/Units/Other	9	3735361	0	.blp:7, .mdx:2
Dota Mod Project/Sources/Packs/DOTA 2 mod/Dota 1.5 2/Units/Other/DranaiAkama	9	3735361	9	.blp:7, .mdx:2
Dota Mod Project/Sources/Packs/DOTA 2 mod/Dota 1.5 2/Units/Undead	12	4645576	0	.blp:10, .mdx:2
Dota Mod Project/Sources/Packs/DOTA 2 mod/Dota 1.5 2/Units/Undead/Skeleton	4	929226	4	.blp:4
Dota Mod Project/Sources/Packs/DOTA 2 mod/Dota 1.5 2/Units/Undead/SkeletonMage	8	3716350	8	.blp:6, .mdx:2
Dota Mod Project/Sources/Packs/DOTA 2 mod/Dota2HeroesClash_IconsGrouped	72	331051	2	.blp:70, .txt:1, .csv:1
Dota Mod Project/Sources/Packs/DOTA 2 mod/Dota2HeroesClash_IconsGrouped/Axe	5	22530	5	.blp:5
Dota Mod Project/Sources/Packs/DOTA 2 mod/Dota2HeroesClash_IconsGrouped/Crystal_Maiden	5	23014	5	.blp:5
Dota Mod Project/Sources/Packs/DOTA 2 mod/Dota2HeroesClash_IconsGrouped/Death_Prophet	5	24613	5	.blp:5
Dota Mod Project/Sources/Packs/DOTA 2 mod/Dota2HeroesClash_IconsGrouped/Doom	5	22363	5	.blp:5
Dota Mod Project/Sources/Packs/DOTA 2 mod/Dota2HeroesClash_IconsGrouped/Juggernaut	5	22404	5	.blp:5
Dota Mod Project/Sources/Packs/DOTA 2 mod/Dota2HeroesClash_IconsGrouped/Lich	5	22945	5	.blp:5
Dota Mod Project/Sources/Packs/DOTA 2 mod/Dota2HeroesClash_IconsGrouped/Lina	5	22161	5	.blp:5
Dota Mod Project/Sources/Packs/DOTA 2 mod/Dota2HeroesClash_IconsGrouped/Omniknight	5	22843	5	.blp:5
Dota Mod Project/Sources/Packs/DOTA 2 mod/Dota2HeroesClash_IconsGrouped/Phantom_Assassin	5	25642	5	.blp:5
Dota Mod Project/Sources/Packs/DOTA 2 mod/Dota2HeroesClash_IconsGrouped/Queen_of_Pain	5	23435	5	.blp:5
Dota Mod Project/Sources/Packs/DOTA 2 mod/Dota2HeroesClash_IconsGrouped/Roshan	5	23055	5	.blp:5
Dota Mod Project/Sources/Packs/DOTA 2 mod/Dota2HeroesClash_IconsGrouped/Sven	5	23469	5	.blp:5
Dota Mod Project/Sources/Packs/DOTA 2 mod/Dota2HeroesClash_IconsGrouped/Tidehunter	5	26045	5	.blp:5
Dota Mod Project/Sources/Packs/DOTA 2 mod/Dota2HeroesClash_IconsGrouped/Windranger	5	23438	5	.blp:5
Dota Mod Project/Sources/Packs/DOTA 2 mod/Dota2HeroesClash_SkinDatabase	73	6480656	2	.blp:55, .mdx:14, .csv:2, .tsv:1, .jpg:1
Dota Mod Project/Sources/Packs/DOTA 2 mod/Dota2HeroesClash_SkinDatabase/Previews	2	431543	2	.jpg:1, .csv:1
Dota Mod Project/Sources/Packs/DOTA 2 mod/Dota2HeroesClash_SkinDatabase/Skins	69	6043929	0	.blp:55, .mdx:14
Dota Mod Project/Sources/Packs/DOTA 2 mod/Dota2HeroesClash_SkinDatabase/Skins/Axe	6	400962	0	.blp:5, .mdx:1
Dota Mod Project/Sources/Packs/DOTA 2 mod/Dota2HeroesClash_SkinDatabase/Skins/Axe/HeroesClash_1.5	6	400962	6	.blp:5, .mdx:1
Dota Mod Project/Sources/Packs/DOTA 2 mod/Dota2HeroesClash_SkinDatabase/Skins/Crystal_Maiden	3	503319	0	.blp:2, .mdx:1
Dota Mod Project/Sources/Packs/DOTA 2 mod/Dota2HeroesClash_SkinDatabase/Skins/Crystal_Maiden/HeroesClash_1.5	3	503319	3	.blp:2, .mdx:1
Dota Mod Project/Sources/Packs/DOTA 2 mod/Dota2HeroesClash_SkinDatabase/Skins/Death_Prophet	5	340060	0	.blp:4, .mdx:1
Dota Mod Project/Sources/Packs/DOTA 2 mod/Dota2HeroesClash_SkinDatabase/Skins/Death_Prophet/HeroesClash_1.5	5	340060	5	.blp:4, .mdx:1
Dota Mod Project/Sources/Packs/DOTA 2 mod/Dota2HeroesClash_SkinDatabase/Skins/Doom	3	481449	0	.blp:2, .mdx:1
Dota Mod Project/Sources/Packs/DOTA 2 mod/Dota2HeroesClash_SkinDatabase/Skins/Doom/HeroesClash_1.5	3	481449	3	.blp:2, .mdx:1
Dota Mod Project/Sources/Packs/DOTA 2 mod/Dota2HeroesClash_SkinDatabase/Skins/Juggernaut	8	374317	0	.blp:7, .mdx:1
Dota Mod Project/Sources/Packs/DOTA 2 mod/Dota2HeroesClash_SkinDatabase/Skins/Juggernaut/HeroesClash_1.5	8	374317	8	.blp:7, .mdx:1
Dota Mod Project/Sources/Packs/DOTA 2 mod/Dota2HeroesClash_SkinDatabase/Skins/Lich	2	310675	0	.mdx:1, .blp:1
Dota Mod Project/Sources/Packs/DOTA 2 mod/Dota2HeroesClash_SkinDatabase/Skins/Lich/HeroesClash_1.5	2	310675	2	.mdx:1, .blp:1
Dota Mod Project/Sources/Packs/DOTA 2 mod/Dota2HeroesClash_SkinDatabase/Skins/Lina	6	332106	0	.blp:5, .mdx:1
Dota Mod Project/Sources/Packs/DOTA 2 mod/Dota2HeroesClash_SkinDatabase/Skins/Lina/HeroesClash_1.5	6	332106	6	.blp:5, .mdx:1
Dota Mod Project/Sources/Packs/DOTA 2 mod/Dota2HeroesClash_SkinDatabase/Skins/Omniknight	8	542500	0	.blp:7, .mdx:1
Dota Mod Project/Sources/Packs/DOTA 2 mod/Dota2HeroesClash_SkinDatabase/Skins/Omniknight/HeroesClash_1.5	8	542500	8	.blp:7, .mdx:1
Dota Mod Project/Sources/Packs/DOTA 2 mod/Dota2HeroesClash_SkinDatabase/Skins/Phantom_Assassin	6	371455	0	.blp:5, .mdx:1
Dota Mod Project/Sources/Packs/DOTA 2 mod/Dota2HeroesClash_SkinDatabase/Skins/Phantom_Assassin/HeroesClash_1.5	6	371455	6	.blp:5, .mdx:1
Dota Mod Project/Sources/Packs/DOTA 2 mod/Dota2HeroesClash_SkinDatabase/Skins/Queen_of_Pain	6	557124	0	.blp:5, .mdx:1
Dota Mod Project/Sources/Packs/DOTA 2 mod/Dota2HeroesClash_SkinDatabase/Skins/Queen_of_Pain/HeroesClash_1.5	6	557124	6	.blp:5, .mdx:1
Dota Mod Project/Sources/Packs/DOTA 2 mod/Dota2HeroesClash_SkinDatabase/Skins/Roshan	2	514497	0	.mdx:1, .blp:1
Dota Mod Project/Sources/Packs/DOTA 2 mod/Dota2HeroesClash_SkinDatabase/Skins/Roshan/HeroesClash_1.5	2	514497	2	.mdx:1, .blp:1
Dota Mod Project/Sources/Packs/DOTA 2 mod/Dota2HeroesClash_SkinDatabase/Skins/Sven	3	638869	0	.blp:2, .mdx:1
Dota Mod Project/Sources/Packs/DOTA 2 mod/Dota2HeroesClash_SkinDatabase/Skins/Sven/HeroesClash_1.5	3	638869	3	.blp:2, .mdx:1
Dota Mod Project/Sources/Packs/DOTA 2 mod/Dota2HeroesClash_SkinDatabase/Skins/Tidehunter	6	330709	0	.blp:5, .mdx:1
Dota Mod Project/Sources/Packs/DOTA 2 mod/Dota2HeroesClash_SkinDatabase/Skins/Tidehunter/HeroesClash_1.5	6	330709	6	.blp:5, .mdx:1
Dota Mod Project/Sources/Packs/DOTA 2 mod/Dota2HeroesClash_SkinDatabase/Skins/Windranger	5	345887	0	.blp:4, .mdx:1
Dota Mod Project/Sources/Packs/DOTA 2 mod/Dota2HeroesClash_SkinDatabase/Skins/Windranger/HeroesClash_1.5	5	345887	5	.blp:4, .mdx:1
Dota Mod Project/Sources/Packs/DOTA 2 mod/Massive Dota 2 Special Effects Rip	352	39650276	9	.blp:259, .mdx:92, .html:1
Dota Mod Project/Sources/Packs/DOTA 2 mod/Massive Dota 2 Special Effects Rip/After Shock	4	131015	4	.blp:3, .mdx:1
Dota Mod Project/Sources/Packs/DOTA 2 mod/Massive Dota 2 Special Effects Rip/Alim Target	4	132222	4	.blp:3, .mdx:1
Dota Mod Project/Sources/Packs/DOTA 2 mod/Massive Dota 2 Special Effects Rip/Annihilation Missile	5	2152767	5	.blp:4, .mdx:1
Dota Mod Project/Sources/Packs/DOTA 2 mod/Massive Dota 2 Special Effects Rip/Arcane Orb	10	173118	10	.blp:9, .mdx:1
Dota Mod Project/Sources/Packs/DOTA 2 mod/Massive Dota 2 Special Effects Rip/Beetle	2	241410	2	.mdx:1, .blp:1
Dota Mod Project/Sources/Packs/DOTA 2 mod/Massive Dota 2 Special Effects Rip/Bite	5	1221221	5	.blp:4, .mdx:1
Dota Mod Project/Sources/Packs/DOTA 2 mod/Massive Dota 2 Special Effects Rip/Blink Caster	2	149882	2	.mdx:1, .blp:1
Dota Mod Project/Sources/Packs/DOTA 2 mod/Massive Dota 2 Special Effects Rip/Blink Target	3	246573	3	.blp:2, .mdx:1
Dota Mod Project/Sources/Packs/DOTA 2 mod/Massive Dota 2 Special Effects Rip/Bone Spirit	5	547760	5	.blp:4, .mdx:1
Dota Mod Project/Sources/Packs/DOTA 2 mod/Massive Dota 2 Special Effects Rip/Bone Spirit 2	5	547760	5	.blp:4, .mdx:1
Dota Mod Project/Sources/Packs/DOTA 2 mod/Massive Dota 2 Special Effects Rip/Bug	2	123828	2	.mdx:1, .blp:1
Dota Mod Project/Sources/Packs/DOTA 2 mod/Massive Dota 2 Special Effects Rip/Bug Death	2	118244	2	.mdx:1, .blp:1
Dota Mod Project/Sources/Packs/DOTA 2 mod/Massive Dota 2 Special Effects Rip/Chilling Touch Area	3	58421	3	.blp:2, .mdx:1
Dota Mod Project/Sources/Packs/DOTA 2 mod/Massive Dota 2 Special Effects Rip/Cold Feet Frozen	3	633549	3	.blp:2, .mdx:1
Dota Mod Project/Sources/Packs/DOTA 2 mod/Massive Dota 2 Special Effects Rip/Cold Feet Target	6	493540	6	.blp:5, .mdx:1
Dota Mod Project/Sources/Packs/DOTA 2 mod/Massive Dota 2 Special Effects Rip/Death Pulse Caster	3	157366	3	.blp:2, .mdx:1
Dota Mod Project/Sources/Packs/DOTA 2 mod/Massive Dota 2 Special Effects Rip/Dire Tower Missile	3	28963	3	.blp:2, .mdx:1
Dota Mod Project/Sources/Packs/DOTA 2 mod/Massive Dota 2 Special Effects Rip/Down	7	398018	7	.blp:6, .mdx:1
Dota Mod Project/Sources/Packs/DOTA 2 mod/Massive Dota 2 Special Effects Rip/Dragon Slave	2	118996	2	.mdx:1, .blp:1
Dota Mod Project/Sources/Packs/DOTA 2 mod/Massive Dota 2 Special Effects Rip/Echo Slam Caster	4	808029	4	.blp:3, .mdx:1
Dota Mod Project/Sources/Packs/DOTA 2 mod/Massive Dota 2 Special Effects Rip/Echo Slam Missile	3	51953	3	.blp:2, .mdx:1
Dota Mod Project/Sources/Packs/DOTA 2 mod/Massive Dota 2 Special Effects Rip/Echo Slam Missile Small	3	51953	3	.blp:2, .mdx:1
Dota Mod Project/Sources/Packs/DOTA 2 mod/Massive Dota 2 Special Effects Rip/Eclipse Caster	5	194812	5	.blp:4, .mdx:1
Dota Mod Project/Sources/Packs/DOTA 2 mod/Massive Dota 2 Special Effects Rip/Enchant Totem	3	454698	3	.blp:2, .mdx:1
Dota Mod Project/Sources/Packs/DOTA 2 mod/Massive Dota 2 Special Effects Rip/Flak Cannon	3	57298	3	.blp:2, .mdx:1
Dota Mod Project/Sources/Packs/DOTA 2 mod/Massive Dota 2 Special Effects Rip/Gandalf Missile	2	142772	2	.mdx:1, .blp:1
Dota Mod Project/Sources/Packs/DOTA 2 mod/Massive Dota 2 Special Effects Rip/Gyro Missile	3	57621	3	.blp:2, .mdx:1
Dota Mod Project/Sources/Packs/DOTA 2 mod/Massive Dota 2 Special Effects Rip/Hellfire	4	254105	4	.blp:3, .mdx:1
Dota Mod Project/Sources/Packs/DOTA 2 mod/Massive Dota 2 Special Effects Rip/Homing Missile	6	224816	6	.blp:5, .mdx:1
Dota Mod Project/Sources/Packs/DOTA 2 mod/Massive Dota 2 Special Effects Rip/Hunger	2	42189	2	.mdx:1, .blp:1
Dota Mod Project/Sources/Packs/DOTA 2 mod/Massive Dota 2 Special Effects Rip/Ice Blast Big	9	922188	9	.blp:8, .mdx:1
Dota Mod Project/Sources/Packs/DOTA 2 mod/Massive Dota 2 Special Effects Rip/Ice Blast Small	4	167753	4	.blp:3, .mdx:1
Dota Mod Project/Sources/Packs/DOTA 2 mod/Massive Dota 2 Special Effects Rip/Ice Blast Tick	3	75244	3	.blp:2, .mdx:1
Dota Mod Project/Sources/Packs/DOTA 2 mod/Massive Dota 2 Special Effects Rip/Ice Blast Vortex Area	5	85626	5	.blp:4, .mdx:1
Dota Mod Project/Sources/Packs/DOTA 2 mod/Massive Dota 2 Special Effects Rip/Illuminate	4	987650	4	.blp:3, .mdx:1
Dota Mod Project/Sources/Packs/DOTA 2 mod/Massive Dota 2 Special Effects Rip/Illuminate Channel	2	216590	2	.blp:1, .mdx:1
Dota Mod Project/Sources/Packs/DOTA 2 mod/Massive Dota 2 Special Effects Rip/Laguna Blade	4	339371	4	.blp:3, .mdx:1
Dota Mod Project/Sources/Packs/DOTA 2 mod/Massive Dota 2 Special Effects Rip/Life Drain Caster	2	25142	2	.blp:1, .mdx:1
Dota Mod Project/Sources/Packs/DOTA 2 mod/Massive Dota 2 Special Effects Rip/Light Strike Array	10	308438	10	.blp:9, .mdx:1
Dota Mod Project/Sources/Packs/DOTA 2 mod/Massive Dota 2 Special Effects Rip/Lina Missile	2	35317	2	.blp:1, .mdx:1
Dota Mod Project/Sources/Packs/DOTA 2 mod/Massive Dota 2 Special Effects Rip/Lucent Beam Caster	2	50011	2	.blp:1, .mdx:1
Dota Mod Project/Sources/Packs/DOTA 2 mod/Massive Dota 2 Special Effects Rip/Lucent Beam Target	8	197511	8	.blp:7, .mdx:1
Dota Mod Project/Sources/Packs/DOTA 2 mod/Massive Dota 2 Special Effects Rip/Luna Missile	6	356314	6	.blp:5, .mdx:1
Dota Mod Project/Sources/Packs/DOTA 2 mod/Massive Dota 2 Special Effects Rip/Mana Flare Target	2	41449	2	.blp:1, .mdx:1
Dota Mod Project/Sources/Packs/DOTA 2 mod/Massive Dota 2 Special Effects Rip/Massive Dota 2 Special Effects Rip	8	281841	8	.blp:7, .mdx:1
Dota Mod Project/Sources/Packs/DOTA 2 mod/Massive Dota 2 Special Effects Rip/Missile	2	217242	2	.mdx:1, .blp:1
Dota Mod Project/Sources/Packs/DOTA 2 mod/Massive Dota 2 Special Effects Rip/Nether Blast	6	739553	6	.blp:5, .mdx:1
Dota Mod Project/Sources/Packs/DOTA 2 mod/Massive Dota 2 Special Effects Rip/Nether Ward	4	650581	4	.blp:3, .mdx:1
Dota Mod Project/Sources/Packs/DOTA 2 mod/Massive Dota 2 Special Effects Rip/OD Missile	5	48816	5	.blp:4, .mdx:1
Dota Mod Project/Sources/Packs/DOTA 2 mod/Massive Dota 2 Special Effects Rip/Orb Corruption Missile	4	205980	4	.blp:3, .mdx:1
Dota Mod Project/Sources/Packs/DOTA 2 mod/Massive Dota 2 Special Effects Rip/Poison Attack	6	1106770	6	.blp:5, .mdx:1
Dota Mod Project/Sources/Packs/DOTA 2 mod/Massive Dota 2 Special Effects Rip/Priest Missile	2	47243	2	.mdx:1, .blp:1
Dota Mod Project/Sources/Packs/DOTA 2 mod/Massive Dota 2 Special Effects Rip/Puck Missile	3	152083	3	.blp:2, .mdx:1
Dota Mod Project/Sources/Packs/DOTA 2 mod/Massive Dota 2 Special Effects Rip/Pugna Missile	6	159772	6	.blp:5, .mdx:1
Dota Mod Project/Sources/Packs/DOTA 2 mod/Massive Dota 2 Special Effects Rip/Queen of Pain Missile	3	178025	3	.blp:2, .mdx:1
Dota Mod Project/Sources/Packs/DOTA 2 mod/Massive Dota 2 Special Effects Rip/Radiant Tower Missile	2	37511	2	.blp:1, .mdx:1
Dota Mod Project/Sources/Packs/DOTA 2 mod/Massive Dota 2 Special Effects Rip/Refraction	7	3388095	7	.blp:6, .mdx:1
Dota Mod Project/Sources/Packs/DOTA 2 mod/Massive Dota 2 Special Effects Rip/Reincarnation Target	2	639993	2	.mdx:1, .blp:1
Dota Mod Project/Sources/Packs/DOTA 2 mod/Massive Dota 2 Special Effects Rip/Replenish Mana Caster Overhead	4	71863	4	.blp:3, .mdx:1
Dota Mod Project/Sources/Packs/DOTA 2 mod/Massive Dota 2 Special Effects Rip/Rocket Barrage	3	62881	3	.blp:2, .mdx:1
Dota Mod Project/Sources/Packs/DOTA 2 mod/Massive Dota 2 Special Effects Rip/Rune Art 2	9	4549805	9	.blp:8, .mdx:1
Dota Mod Project/Sources/Packs/DOTA 2 mod/Massive Dota 2 Special Effects Rip/Sanity Eclipse	9	532836	9	.blp:8, .mdx:1
Dota Mod Project/Sources/Packs/DOTA 2 mod/Massive Dota 2 Special Effects Rip/Scream of Pain	6	534503	6	.blp:5, .mdx:1
Dota Mod Project/Sources/Packs/DOTA 2 mod/Massive Dota 2 Special Effects Rip/Scream of Pain Missile	3	63836	3	.blp:2, .mdx:1
Dota Mod Project/Sources/Packs/DOTA 2 mod/Massive Dota 2 Special Effects Rip/Shadow Strike Buff	2	99146	2	.mdx:1, .blp:1
Dota Mod Project/Sources/Packs/DOTA 2 mod/Massive Dota 2 Special Effects Rip/Shadow Strike Missile	4	165838	4	.blp:3, .mdx:1
Dota Mod Project/Sources/Packs/DOTA 2 mod/Massive Dota 2 Special Effects Rip/Shukuchi	2	8166	2	.blp:1, .mdx:1
Dota Mod Project/Sources/Packs/DOTA 2 mod/Massive Dota 2 Special Effects Rip/Silent	3	204400	3	.blp:2, .mdx:1
Dota Mod Project/Sources/Packs/DOTA 2 mod/Massive Dota 2 Special Effects Rip/Sonic Wave	4	561546	4	.blp:3, .mdx:1
Dota Mod Project/Sources/Packs/DOTA 2 mod/Massive Dota 2 Special Effects Rip/Spiderlings Venom	2	23106	2	.blp:1, .mdx:1
Dota Mod Project/Sources/Packs/DOTA 2 mod/Massive Dota 2 Special Effects Rip/Swarm Caster	2	7750	2	.blp:1, .mdx:1
Dota Mod Project/Sources/Packs/DOTA 2 mod/Massive Dota 2 Special Effects Rip/TAMissile	3	98005	3	.blp:2, .mdx:1
Dota Mod Project/Sources/Packs/DOTA 2 mod/Massive Dota 2 Special Effects Rip/Target Art Lumber	2	64570	2	.blp:1, .mdx:1
Dota Mod Project/Sources/Packs/DOTA 2 mod/Massive Dota 2 Special Effects Rip/Time Lapse	3	136800	3	.blp:2, .mdx:1
Dota Mod Project/Sources/Packs/DOTA 2 mod/Massive Dota 2 Special Effects Rip/Tome of Retraining Caster	9	3841104	9	.blp:8, .mdx:1
Dota Mod Project/Sources/Packs/DOTA 2 mod/Massive Dota 2 Special Effects Rip/Up	2	137969	2	.blp:1, .mdx:1
Dota Mod Project/Sources/Packs/DOTA 2 mod/Massive Dota 2 Special Effects Rip/Vamp Potion Caster	3	247264	3	.blp:2, .mdx:1
Dota Mod Project/Sources/Packs/DOTA 2 mod/Massive Dota 2 Special Effects Rip/Vampiric Aura	2	7953	2	.blp:1, .mdx:1
Dota Mod Project/Sources/Packs/DOTA 2 mod/Massive Dota 2 Special Effects Rip/Viper Missile	4	884686	4	.blp:3, .mdx:1
Dota Mod Project/Sources/Packs/DOTA 2 mod/Massive Dota 2 Special Effects Rip/Viper Strike	4	932511	4	.blp:3, .mdx:1
Dota Mod Project/Sources/Packs/DOTA 2 mod/Massive Dota 2 Special Effects Rip/Viper Strike Buff	2	813770	2	.blp:1, .mdx:1
Dota Mod Project/Sources/Packs/DOTA 2 mod/Massive Dota 2 Special Effects Rip/Web	5	1225578	5	.blp:4, .mdx:1
Dota Mod Project/Sources/Packs/DOTA 2 mod/Massive Dota 2 Special Effects Rip/Ziggurat Frost Missile	5	2286095	5	.blp:4, .mdx:1
Dota Mod Project/Sources/Packs/DOTA 2 mod/Massive Dota 2 Special Effects Rip/Zombify target	9	269303	9	.blp:8, .mdx:1
Dota Mod Project/Sources/Packs/DOTA 2 mod/UPDATE	70	261829532	70	.rar:70
Dota Mod Project/Sources/Packs/DOTA 2 mod/UPDATE 2	2	55139684	2	.rar:2
Dota Mod Project/Sources/Packs/DOTA 2 mod/UPDATE 3	91	416777154	91	.rar:89, .zip:2
Dota Mod Project/Sources/Packs/DOTA 2 mod/Wardota 2 Compilation V2 - Creative's ArT - 2014	13023	980581721	4	.mp3:11048, .blp:1312, .mdx:506, .wav:129, .tga:16, .w3x:5, .reg:3, .mpq:1
Dota Mod Project/Sources/Packs/DOTA 2 mod/Wardota 2 Compilation V2 - Creative's ArT - 2014/Doodads	214	26350745	1	.mdx:130, .blp:83, .txt:1
Dota Mod Project/Sources/Packs/DOTA 2 mod/Wardota 2 Compilation V2 - Creative's ArT - 2014/Doodads/Ashenvale	56	9070448	0	.mdx:34, .blp:21, .txt:1
Dota Mod Project/Sources/Packs/DOTA 2 mod/Wardota 2 Compilation V2 - Creative's ArT - 2014/Doodads/Ashenvale/Plants	16	1096120	0	.mdx:13, .blp:3
Dota Mod Project/Sources/Packs/DOTA 2 mod/Wardota 2 Compilation V2 - Creative's ArT - 2014/Doodads/Ashenvale/Plants/AshenCanopyTree	11	875448	11	.mdx:9, .blp:2
Dota Mod Project/Sources/Packs/DOTA 2 mod/Wardota 2 Compilation V2 - Creative's ArT - 2014/Doodads/Ashenvale/Plants/AshenShrooms	5	220672	5	.mdx:4, .blp:1
Dota Mod Project/Sources/Packs/DOTA 2 mod/Wardota 2 Compilation V2 - Creative's ArT - 2014/Doodads/Ashenvale/Props	26	6896061	0	.blp:16, .mdx:10
Dota Mod Project/Sources/Packs/DOTA 2 mod/Wardota 2 Compilation V2 - Creative's ArT - 2014/Doodads/Ashenvale/Props/AshenHollowStump	2	134207	2	.mdx:1, .blp:1
Dota Mod Project/Sources/Packs/DOTA 2 mod/Wardota 2 Compilation V2 - Creative's ArT - 2014/Doodads/Ashenvale/Props/AshenObilisk	3	1098471	3	.blp:2, .mdx:1
Dota Mod Project/Sources/Packs/DOTA 2 mod/Wardota 2 Compilation V2 - Creative's ArT - 2014/Doodads/Ashenvale/Props/Brazier	7	2328744	7	.blp:6, .mdx:1
Dota Mod Project/Sources/Packs/DOTA 2 mod/Wardota 2 Compilation V2 - Creative's ArT - 2014/Doodads/Ashenvale/Props/Obelisk	2	1203233	2	.blp:1, .mdx:1
Dota Mod Project/Sources/Packs/DOTA 2 mod/Wardota 2 Compilation V2 - Creative's ArT - 2014/Doodads/Ashenvale/Props/ScorchedRemains	4	697104	4	.mdx:3, .blp:1
Dota Mod Project/Sources/Packs/DOTA 2 mod/Wardota 2 Compilation V2 - Creative's ArT - 2014/Doodads/Ashenvale/Props/Totem	8	1434302	8	.blp:5, .mdx:3
Dota Mod Project/Sources/Packs/DOTA 2 mod/Wardota 2 Compilation V2 - Creative's ArT - 2014/Doodads/Ashenvale/Rocks	12	855883	0	.mdx:10, .txt:1, .blp:1
Dota Mod Project/Sources/Packs/DOTA 2 mod/Wardota 2 Compilation V2 - Creative's ArT - 2014/Doodads/Ashenvale/Rocks/AshenRock	12	855883	12	.mdx:10, .txt:1, .blp:1
Dota Mod Project/Sources/Packs/DOTA 2 mod/Wardota 2 Compilation V2 - Creative's ArT - 2014/Doodads/Ashenvale/Structures	2	222384	0	.mdx:1, .blp:1
Dota Mod Project/Sources/Packs/DOTA 2 mod/Wardota 2 Compilation V2 - Creative's ArT - 2014/Doodads/Ashenvale/Structures/AshenRuinsBlocks	2	222384	2	.mdx:1, .blp:1
Dota Mod Project/Sources/Packs/DOTA 2 mod/Wardota 2 Compilation V2 - Creative's ArT - 2014/Doodads/Felwood	29	2523889	0	.mdx:19, .blp:10
Dota Mod Project/Sources/Packs/DOTA 2 mod/Wardota 2 Compilation V2 - Creative's ArT - 2014/Doodads/Felwood/Plants	10	284476	0	.mdx:6, .blp:4
Dota Mod Project/Sources/Packs/DOTA 2 mod/Wardota 2 Compilation V2 - Creative's ArT - 2014/Doodads/Felwood/Plants/FelwoodCatTail	3	41830	3	.blp:2, .mdx:1
Dota Mod Project/Sources/Packs/DOTA 2 mod/Wardota 2 Compilation V2 - Creative's ArT - 2014/Doodads/Felwood/Plants/FelwoodLillyPad	2	47460	2	.mdx:1, .blp:1
Dota Mod Project/Sources/Packs/DOTA 2 mod/Wardota 2 Compilation V2 - Creative's ArT - 2014/Doodads/Felwood/Plants/FelwoodShrooms	5	195186	5	.mdx:4, .blp:1
Dota Mod Project/Sources/Packs/DOTA 2 mod/Wardota 2 Compilation V2 - Creative's ArT - 2014/Doodads/Felwood/Props	4	721890	0	.mdx:2, .blp:2
Dota Mod Project/Sources/Packs/DOTA 2 mod/Wardota 2 Compilation V2 - Creative's ArT - 2014/Doodads/Felwood/Props/FelwoodHollowStump	2	134207	2	.mdx:1, .blp:1
Dota Mod Project/Sources/Packs/DOTA 2 mod/Wardota 2 Compilation V2 - Creative's ArT - 2014/Doodads/Felwood/Props/FelwoodObilisk	2	587683	2	.mdx:1, .blp:1
Dota Mod Project/Sources/Packs/DOTA 2 mod/Wardota 2 Compilation V2 - Creative's ArT - 2014/Doodads/Felwood/Rocks	13	1295139	0	.mdx:10, .blp:3
Dota Mod Project/Sources/Packs/DOTA 2 mod/Wardota 2 Compilation V2 - Creative's ArT - 2014/Doodads/Felwood/Rocks/FelwoodRock	13	1295139	13	.mdx:10, .blp:3
Dota Mod Project/Sources/Packs/DOTA 2 mod/Wardota 2 Compilation V2 - Creative's ArT - 2014/Doodads/Felwood/Structures	2	222384	0	.mdx:1, .blp:1
Dota Mod Project/Sources/Packs/DOTA 2 mod/Wardota 2 Compilation V2 - Creative's ArT - 2014/Doodads/Felwood/Structures/FelwoodRuinsBlocks	2	222384	2	.mdx:1, .blp:1
Dota Mod Project/Sources/Packs/DOTA 2 mod/Wardota 2 Compilation V2 - Creative's ArT - 2014/Doodads/Icecrown	2	435527	0	.mdx:1, .blp:1
Dota Mod Project/Sources/Packs/DOTA 2 mod/Wardota 2 Compilation V2 - Creative's ArT - 2014/Doodads/Icecrown/Props	2	435527	0	.mdx:1, .blp:1
Dota Mod Project/Sources/Packs/DOTA 2 mod/Wardota 2 Compilation V2 - Creative's ArT - 2014/Doodads/Icecrown/Props/IceTorch	2	435527	2	.mdx:1, .blp:1
Dota Mod Project/Sources/Packs/DOTA 2 mod/Wardota 2 Compilation V2 - Creative's ArT - 2014/Doodads/LordaeronSummer	35	5556437	0	.mdx:20, .blp:15
Dota Mod Project/Sources/Packs/DOTA 2 mod/Wardota 2 Compilation V2 - Creative's ArT - 2014/Doodads/LordaeronSummer/Props	29	5544178	0	.blp:15, .mdx:14
Dota Mod Project/Sources/Packs/DOTA 2 mod/Wardota 2 Compilation V2 - Creative's ArT - 2014/Doodads/LordaeronSummer/Props/CauldronWithHeads	5	2449073	5	.blp:4, .mdx:1
Dota Mod Project/Sources/Packs/DOTA 2 mod/Wardota 2 Compilation V2 - Creative's ArT - 2014/Doodads/LordaeronSummer/Props/HeadOnSpear	4	590369	4	.mdx:3, .blp:1
Dota Mod Project/Sources/Packs/DOTA 2 mod/Wardota 2 Compilation V2 - Creative's ArT - 2014/Doodads/LordaeronSummer/Props/ImpaledBody	4	590369	4	.mdx:3, .blp:1
Dota Mod Project/Sources/Packs/DOTA 2 mod/Wardota 2 Compilation V2 - Creative's ArT - 2014/Doodads/LordaeronSummer/Props/LanternPost	4	590545	4	.blp:3, .mdx:1
Dota Mod Project/Sources/Packs/DOTA 2 mod/Wardota 2 Compilation V2 - Creative's ArT - 2014/Doodads/LordaeronSummer/Props/SkullPile	5	863468	5	.blp:3, .mdx:2
Dota Mod Project/Sources/Packs/DOTA 2 mod/Wardota 2 Compilation V2 - Creative's ArT - 2014/Doodads/LordaeronSummer/Props/SkullonStick	3	446140	3	.mdx:2, .blp:1
Dota Mod Project/Sources/Packs/DOTA 2 mod/Wardota 2 Compilation V2 - Creative's ArT - 2014/Doodads/LordaeronSummer/Props/TorchHuman	2	7107	2	.mdx:1, .blp:1
Dota Mod Project/Sources/Packs/DOTA 2 mod/Wardota 2 Compilation V2 - Creative's ArT - 2014/Doodads/LordaeronSummer/Props/TorchHumanOmni	2	7107	2	.mdx:1, .blp:1
Dota Mod Project/Sources/Packs/DOTA 2 mod/Wardota 2 Compilation V2 - Creative's ArT - 2014/Doodads/LordaeronSummer/Water	6	12259	0	.mdx:6
Dota Mod Project/Sources/Packs/DOTA 2 mod/Wardota 2 Compilation V2 - Creative's ArT - 2014/Doodads/LordaeronSummer/Water/Shoreline	1	1898	1	.mdx:1
Dota Mod Project/Sources/Packs/DOTA 2 mod/Wardota 2 Compilation V2 - Creative's ArT - 2014/Doodads/LordaeronSummer/Water/ShorelineInsideCorner	1	1167	1	.mdx:1
Dota Mod Project/Sources/Packs/DOTA 2 mod/Wardota 2 Compilation V2 - Creative's ArT - 2014/Doodads/LordaeronSummer/Water/ShorelineOutsideCorner	1	1486	1	.mdx:1
Dota Mod Project/Sources/Packs/DOTA 2 mod/Wardota 2 Compilation V2 - Creative's ArT - 2014/Doodads/LordaeronSummer/Water/ShorelineTide	1	2952	1	.mdx:1
Dota Mod Project/Sources/Packs/DOTA 2 mod/Wardota 2 Compilation V2 - Creative's ArT - 2014/Doodads/LordaeronSummer/Water/ShorelineWave	2	4756	2	.mdx:2
Dota Mod Project/Sources/Packs/DOTA 2 mod/Wardota 2 Compilation V2 - Creative's ArT - 2014/Doodads/Northrend	15	4387051	0	.blp:11, .mdx:4
Dota Mod Project/Sources/Packs/DOTA 2 mod/Wardota 2 Compilation V2 - Creative's ArT - 2014/Doodads/Northrend/Props	10	3362324	0	.blp:7, .mdx:3
Dota Mod Project/Sources/Packs/DOTA 2 mod/Wardota 2 Compilation V2 - Creative's ArT - 2014/Doodads/Northrend/Props/FirePit	1	272028	1	.mdx:1
Dota Mod Project/Sources/Packs/DOTA 2 mod/Wardota 2 Compilation V2 - Creative's ArT - 2014/Doodads/Northrend/Props/FirePitPig	7	3021219	7	.blp:6, .mdx:1
Dota Mod Project/Sources/Packs/DOTA 2 mod/Wardota 2 Compilation V2 - Creative's ArT - 2014/Doodads/Northrend/Props/NorthrendFenceAngled	2	69077	2	.mdx:1, .blp:1
Dota Mod Project/Sources/Packs/DOTA 2 mod/Wardota 2 Compilation V2 - Creative's ArT - 2014/Doodads/Northrend/Rocks	5	1024727	0	.blp:4, .mdx:1
Dota Mod Project/Sources/Packs/DOTA 2 mod/Wardota 2 Compilation V2 - Creative's ArT - 2014/Doodads/Northrend/Rocks/NorthrendFissure	5	1024727	5	.blp:4, .mdx:1
Dota Mod Project/Sources/Packs/DOTA 2 mod/Wardota 2 Compilation V2 - Creative's ArT - 2014/Doodads/Ruins	36	1468240	0	.mdx:21, .blp:15
Dota Mod Project/Sources/Packs/DOTA 2 mod/Wardota 2 Compilation V2 - Creative's ArT - 2014/Doodads/Ruins/Plants	36	1468240	0	.mdx:21, .blp:15
Dota Mod Project/Sources/Packs/DOTA 2 mod/Wardota 2 Compilation V2 - Creative's ArT - 2014/Doodads/Ruins/Plants/Ruins_Flower	9	346847	9	.blp:5, .mdx:4
Dota Mod Project/Sources/Packs/DOTA 2 mod/Wardota 2 Compilation V2 - Creative's ArT - 2014/Doodads/Ruins/Plants/Ruins_Lilypad	8	14880	8	.mdx:8
Dota Mod Project/Sources/Packs/DOTA 2 mod/Wardota 2 Compilation V2 - Creative's ArT - 2014/Doodads/Ruins/Plants/Ruins_Rush	4	347020	4	.mdx:2, .blp:2
Dota Mod Project/Sources/Packs/DOTA 2 mod/Wardota 2 Compilation V2 - Creative's ArT - 2014/Doodads/Ruins/Plants/Ruins_Shrub	11	746453	11	.blp:8, .mdx:3
Dota Mod Project/Sources/Packs/DOTA 2 mod/Wardota 2 Compilation V2 - Creative's ArT - 2014/Doodads/Ruins/Plants/VinyPlant	4	13040	4	.mdx:4
Dota Mod Project/Sources/Packs/DOTA 2 mod/Wardota 2 Compilation V2 - Creative's ArT - 2014/Doodads/Underground	2	68994	0	.mdx:1, .blp:1
Dota Mod Project/Sources/Packs/DOTA 2 mod/Wardota 2 Compilation V2 - Creative's ArT - 2014/Doodads/Underground/Plants	2	68994	0	.mdx:1, .blp:1
Dota Mod Project/Sources/Packs/DOTA 2 mod/Wardota 2 Compilation V2 - Creative's ArT - 2014/Doodads/Underground/Plants/ShroomsBlue	2	68994	2	.mdx:1, .blp:1
Dota Mod Project/Sources/Packs/DOTA 2 mod/Wardota 2 Compilation V2 - Creative's ArT - 2014/Doodads/terrain	38	2678082	0	.mdx:30, .blp:8
Dota Mod Project/Sources/Packs/DOTA 2 mod/Wardota 2 Compilation V2 - Creative's ArT - 2014/Doodads/terrain/AshenTree	38	2678082	38	.mdx:30, .blp:8
Dota Mod Project/Sources/Packs/DOTA 2 mod/Wardota 2 Compilation V2 - Creative's ArT - 2014/Dota2	11137	230958702	0	.mp3:11048, .wav:89
Dota Mod Project/Sources/Packs/DOTA 2 mod/Wardota 2 Compilation V2 - Creative's ArT - 2014/Dota2/Sound	11137	230958702	0	.mp3:11048, .wav:89
Dota Mod Project/Sources/Packs/DOTA 2 mod/Wardota 2 Compilation V2 - Creative's ArT - 2014/Dota2/Sound/Abilities	1981	40585069	0	.mp3:1921, .wav:60
Dota Mod Project/Sources/Packs/DOTA 2 mod/Wardota 2 Compilation V2 - Creative's ArT - 2014/Dota2/Sound/Abilities/Akasha	17	440043	17	.mp3:17
Dota Mod Project/Sources/Packs/DOTA 2 mod/Wardota 2 Compilation V2 - Creative's ArT - 2014/Dota2/Sound/Abilities/Alchemist	71	1113486	71	.mp3:71
Dota Mod Project/Sources/Packs/DOTA 2 mod/Wardota 2 Compilation V2 - Creative's ArT - 2014/Dota2/Sound/Abilities/Ancient	23	578818	23	.mp3:23
Dota Mod Project/Sources/Packs/DOTA 2 mod/Wardota 2 Compilation V2 - Creative's ArT - 2014/Dota2/Sound/Abilities/Axe	14	137566	14	.mp3:14
Dota Mod Project/Sources/Packs/DOTA 2 mod/Wardota 2 Compilation V2 - Creative's ArT - 2014/Dota2/Sound/Abilities/Balanar	18	344645	18	.mp3:18
Dota Mod Project/Sources/Packs/DOTA 2 mod/Wardota 2 Compilation V2 - Creative's ArT - 2014/Dota2/Sound/Abilities/Bane	28	711889	28	.mp3:28
Dota Mod Project/Sources/Packs/DOTA 2 mod/Wardota 2 Compilation V2 - Creative's ArT - 2014/Dota2/Sound/Abilities/Bara	24	348418	24	.mp3:24
Dota Mod Project/Sources/Packs/DOTA 2 mod/Wardota 2 Compilation V2 - Creative's ArT - 2014/Dota2/Sound/Abilities/Batrider	32	489287	32	.mp3:32
Dota Mod Project/Sources/Packs/DOTA 2 mod/Wardota 2 Compilation V2 - Creative's ArT - 2014/Dota2/Sound/Abilities/Beastmaster	16	244697	16	.mp3:16
Dota Mod Project/Sources/Packs/DOTA 2 mod/Wardota 2 Compilation V2 - Creative's ArT - 2014/Dota2/Sound/Abilities/Bloodseeker	12	196526	12	.mp3:12
Dota Mod Project/Sources/Packs/DOTA 2 mod/Wardota 2 Compilation V2 - Creative's ArT - 2014/Dota2/Sound/Abilities/Brewmaster	28	537137	28	.mp3:28
Dota Mod Project/Sources/Packs/DOTA 2 mod/Wardota 2 Compilation V2 - Creative's ArT - 2014/Dota2/Sound/Abilities/Broodmother	24	903264	24	.mp3:24
Dota Mod Project/Sources/Packs/DOTA 2 mod/Wardota 2 Compilation V2 - Creative's ArT - 2014/Dota2/Sound/Abilities/Chen	14	275048	14	.mp3:14
Dota Mod Project/Sources/Packs/DOTA 2 mod/Wardota 2 Compilation V2 - Creative's ArT - 2014/Dota2/Sound/Abilities/Clinkz	13	267207	13	.mp3:13
Dota Mod Project/Sources/Packs/DOTA 2 mod/Wardota 2 Compilation V2 - Creative's ArT - 2014/Dota2/Sound/Abilities/Clock	60	624535	60	.mp3:60
Dota Mod Project/Sources/Packs/DOTA 2 mod/Wardota 2 Compilation V2 - Creative's ArT - 2014/Dota2/Sound/Abilities/Crixalis	21	482273	21	.mp3:21
Dota Mod Project/Sources/Packs/DOTA 2 mod/Wardota 2 Compilation V2 - Creative's ArT - 2014/Dota2/Sound/Abilities/DarkSeer	22	391047	22	.mp3:22
Dota Mod Project/Sources/Packs/DOTA 2 mod/Wardota 2 Compilation V2 - Creative's ArT - 2014/Dota2/Sound/Abilities/Davion	12	255398	12	.mp3:12
Dota Mod Project/Sources/Packs/DOTA 2 mod/Wardota 2 Compilation V2 - Creative's ArT - 2014/Dota2/Sound/Abilities/Dazzle	32	558252	32	.mp3:32
Dota Mod Project/Sources/Packs/DOTA 2 mod/Wardota 2 Compilation V2 - Creative's ArT - 2014/Dota2/Sound/Abilities/Doctor	20	262896	20	.mp3:20
Dota Mod Project/Sources/Packs/DOTA 2 mod/Wardota 2 Compilation V2 - Creative's ArT - 2014/Dota2/Sound/Abilities/Doom	19	452167	19	.mp3:19
Dota Mod Project/Sources/Packs/DOTA 2 mod/Wardota 2 Compilation V2 - Creative's ArT - 2014/Dota2/Sound/Abilities/Drow	7	131488	7	.mp3:7
Dota Mod Project/Sources/Packs/DOTA 2 mod/Wardota 2 Compilation V2 - Creative's ArT - 2014/Dota2/Sound/Abilities/Earthshaker	20	226696	20	.mp3:20
Dota Mod Project/Sources/Packs/DOTA 2 mod/Wardota 2 Compilation V2 - Creative's ArT - 2014/Dota2/Sound/Abilities/Enchantress	19	239424	19	.mp3:19
Dota Mod Project/Sources/Packs/DOTA 2 mod/Wardota 2 Compilation V2 - Creative's ArT - 2014/Dota2/Sound/Abilities/Enigma	8	210458	8	.mp3:8
Dota Mod Project/Sources/Packs/DOTA 2 mod/Wardota 2 Compilation V2 - Creative's ArT - 2014/Dota2/Sound/Abilities/Eredar	51	1243642	51	.mp3:51
Dota Mod Project/Sources/Packs/DOTA 2 mod/Wardota 2 Compilation V2 - Creative's ArT - 2014/Dota2/Sound/Abilities/Furion	27	421464	27	.mp3:27
Dota Mod Project/Sources/Packs/DOTA 2 mod/Wardota 2 Compilation V2 - Creative's ArT - 2014/Dota2/Sound/Abilities/Gondar	18	328761	18	.mp3:18
Dota Mod Project/Sources/Packs/DOTA 2 mod/Wardota 2 Compilation V2 - Creative's ArT - 2014/Dota2/Sound/Abilities/Gyro	52	983356	52	.mp3:52
Dota Mod Project/Sources/Packs/DOTA 2 mod/Wardota 2 Compilation V2 - Creative's ArT - 2014/Dota2/Sound/Abilities/Harbinger	31	633378	31	.mp3:31
Dota Mod Project/Sources/Packs/DOTA 2 mod/Wardota 2 Compilation V2 - Creative's ArT - 2014/Dota2/Sound/Abilities/Huskar	17	287069	17	.mp3:17
Dota Mod Project/Sources/Packs/DOTA 2 mod/Wardota 2 Compilation V2 - Creative's ArT - 2014/Dota2/Sound/Abilities/Invoker	76	1722158	76	.mp3:76
Dota Mod Project/Sources/Packs/DOTA 2 mod/Wardota 2 Compilation V2 - Creative's ArT - 2014/Dota2/Sound/Abilities/Jakiro	18	1936944	18	.wav:18
Dota Mod Project/Sources/Packs/DOTA 2 mod/Wardota 2 Compilation V2 - Creative's ArT - 2014/Dota2/Sound/Abilities/Krobelus	29	638809	29	.mp3:29
Dota Mod Project/Sources/Packs/DOTA 2 mod/Wardota 2 Compilation V2 - Creative's ArT - 2014/Dota2/Sound/Abilities/Kunkka	15	185673	15	.mp3:15
Dota Mod Project/Sources/Packs/DOTA 2 mod/Wardota 2 Compilation V2 - Creative's ArT - 2014/Dota2/Sound/Abilities/Leoric	28	500565	28	.mp3:28
Dota Mod Project/Sources/Packs/DOTA 2 mod/Wardota 2 Compilation V2 - Creative's ArT - 2014/Dota2/Sound/Abilities/Leshrac	26	427208	26	.mp3:26
Dota Mod Project/Sources/Packs/DOTA 2 mod/Wardota 2 Compilation V2 - Creative's ArT - 2014/Dota2/Sound/Abilities/Lich	52	832022	52	.mp3:52
Dota Mod Project/Sources/Packs/DOTA 2 mod/Wardota 2 Compilation V2 - Creative's ArT - 2014/Dota2/Sound/Abilities/Lina	9	132687	9	.mp3:9
Dota Mod Project/Sources/Packs/DOTA 2 mod/Wardota 2 Compilation V2 - Creative's ArT - 2014/Dota2/Sound/Abilities/Lion	16	222587	16	.mp3:16
Dota Mod Project/Sources/Packs/DOTA 2 mod/Wardota 2 Compilation V2 - Creative's ArT - 2014/Dota2/Sound/Abilities/Luna	17	195329	17	.mp3:17
Dota Mod Project/Sources/Packs/DOTA 2 mod/Wardota 2 Compilation V2 - Creative's ArT - 2014/Dota2/Sound/Abilities/Lycan	21	504834	21	.mp3:21
Dota Mod Project/Sources/Packs/DOTA 2 mod/Wardota 2 Compilation V2 - Creative's ArT - 2014/Dota2/Sound/Abilities/Magina	11	221770	11	.mp3:11
Dota Mod Project/Sources/Packs/DOTA 2 mod/Wardota 2 Compilation V2 - Creative's ArT - 2014/Dota2/Sound/Abilities/Mirana	24	337761	24	.mp3:24
Dota Mod Project/Sources/Packs/DOTA 2 mod/Wardota 2 Compilation V2 - Creative's ArT - 2014/Dota2/Sound/Abilities/Morphling	9	255914	9	.mp3:9
Dota Mod Project/Sources/Packs/DOTA 2 mod/Wardota 2 Compilation V2 - Creative's ArT - 2014/Dota2/Sound/Abilities/Mortred	7	111505	7	.mp3:7
Dota Mod Project/Sources/Packs/DOTA 2 mod/Wardota 2 Compilation V2 - Creative's ArT - 2014/Dota2/Sound/Abilities/Naix	33	750622	33	.mp3:33
Dota Mod Project/Sources/Packs/DOTA 2 mod/Wardota 2 Compilation V2 - Creative's ArT - 2014/Dota2/Sound/Abilities/Necrolyte	6	127854	6	.mp3:6
Dota Mod Project/Sources/Packs/DOTA 2 mod/Wardota 2 Compilation V2 - Creative's ArT - 2014/Dota2/Sound/Abilities/Nessaj	13	258849	13	.mp3:13
Dota Mod Project/Sources/Packs/DOTA 2 mod/Wardota 2 Compilation V2 - Creative's ArT - 2014/Dota2/Sound/Abilities/Nevermore	38	940528	38	.mp3:38
Dota Mod Project/Sources/Packs/DOTA 2 mod/Wardota 2 Compilation V2 - Creative's ArT - 2014/Dota2/Sound/Abilities/OgreMagi	55	4480204	55	.wav:42, .mp3:13
Dota Mod Project/Sources/Packs/DOTA 2 mod/Wardota 2 Compilation V2 - Creative's ArT - 2014/Dota2/Sound/Abilities/Omni	25	457195	25	.mp3:25
Dota Mod Project/Sources/Packs/DOTA 2 mod/Wardota 2 Compilation V2 - Creative's ArT - 2014/Dota2/Sound/Abilities/PL	36	452938	36	.mp3:36
Dota Mod Project/Sources/Packs/DOTA 2 mod/Wardota 2 Compilation V2 - Creative's ArT - 2014/Dota2/Sound/Abilities/Puck	23	152361	23	.mp3:23
Dota Mod Project/Sources/Packs/DOTA 2 mod/Wardota 2 Compilation V2 - Creative's ArT - 2014/Dota2/Sound/Abilities/Pudge	34	1076478	34	.mp3:34
Dota Mod Project/Sources/Packs/DOTA 2 mod/Wardota 2 Compilation V2 - Creative's ArT - 2014/Dota2/Sound/Abilities/Pugna	44	849386	44	.mp3:44
Dota Mod Project/Sources/Packs/DOTA 2 mod/Wardota 2 Compilation V2 - Creative's ArT - 2014/Dota2/Sound/Abilities/Razor	20	367156	20	.mp3:20
Dota Mod Project/Sources/Packs/DOTA 2 mod/Wardota 2 Compilation V2 - Creative's ArT - 2014/Dota2/Sound/Abilities/Rhasta	32	367271	32	.mp3:32
Dota Mod Project/Sources/Packs/DOTA 2 mod/Wardota 2 Compilation V2 - Creative's ArT - 2014/Dota2/Sound/Abilities/Riki	15	153343	15	.mp3:15
Dota Mod Project/Sources/Packs/DOTA 2 mod/Wardota 2 Compilation V2 - Creative's ArT - 2014/Dota2/Sound/Abilities/Rubick	26	395653	26	.mp3:26
Dota Mod Project/Sources/Packs/DOTA 2 mod/Wardota 2 Compilation V2 - Creative's ArT - 2014/Dota2/Sound/Abilities/Rylai	5	73745	5	.mp3:5
Dota Mod Project/Sources/Packs/DOTA 2 mod/Wardota 2 Compilation V2 - Creative's ArT - 2014/Dota2/Sound/Abilities/Silencer	16	264184	16	.mp3:16
Dota Mod Project/Sources/Packs/DOTA 2 mod/Wardota 2 Compilation V2 - Creative's ArT - 2014/Dota2/Sound/Abilities/Slardar	17	374326	17	.mp3:17
Dota Mod Project/Sources/Packs/DOTA 2 mod/Wardota 2 Compilation V2 - Creative's ArT - 2014/Dota2/Sound/Abilities/Sniper	20	268584	20	.mp3:20
Dota Mod Project/Sources/Packs/DOTA 2 mod/Wardota 2 Compilation V2 - Creative's ArT - 2014/Dota2/Sound/Abilities/Spectre	5	102098	5	.mp3:5
Dota Mod Project/Sources/Packs/DOTA 2 mod/Wardota 2 Compilation V2 - Creative's ArT - 2014/Dota2/Sound/Abilities/Storm	41	507108	41	.mp3:41
Dota Mod Project/Sources/Packs/DOTA 2 mod/Wardota 2 Compilation V2 - Creative's ArT - 2014/Dota2/Sound/Abilities/Sven	27	287093	27	.mp3:27
Dota Mod Project/Sources/Packs/DOTA 2 mod/Wardota 2 Compilation V2 - Creative's ArT - 2014/Dota2/Sound/Abilities/Sylla	21	350817	21	.mp3:21
Dota Mod Project/Sources/Packs/DOTA 2 mod/Wardota 2 Compilation V2 - Creative's ArT - 2014/Dota2/Sound/Abilities/Tide	6	115675	6	.mp3:6
Dota Mod Project/Sources/Packs/DOTA 2 mod/Wardota 2 Compilation V2 - Creative's ArT - 2014/Dota2/Sound/Abilities/Tinker	31	656159	31	.mp3:31
Dota Mod Project/Sources/Packs/DOTA 2 mod/Wardota 2 Compilation V2 - Creative's ArT - 2014/Dota2/Sound/Abilities/Tiny	18	261074	18	.mp3:18
Dota Mod Project/Sources/Packs/DOTA 2 mod/Wardota 2 Compilation V2 - Creative's ArT - 2014/Dota2/Sound/Abilities/Treant	36	927531	36	.mp3:36
Dota Mod Project/Sources/Packs/DOTA 2 mod/Wardota 2 Compilation V2 - Creative's ArT - 2014/Dota2/Sound/Abilities/Ursa	15	263033	15	.mp3:15
Dota Mod Project/Sources/Packs/DOTA 2 mod/Wardota 2 Compilation V2 - Creative's ArT - 2014/Dota2/Sound/Abilities/Venge	14	265190	14	.mp3:14
Dota Mod Project/Sources/Packs/DOTA 2 mod/Wardota 2 Compilation V2 - Creative's ArT - 2014/Dota2/Sound/Abilities/Veno	29	454487	29	.mp3:29
Dota Mod Project/Sources/Packs/DOTA 2 mod/Wardota 2 Compilation V2 - Creative's ArT - 2014/Dota2/Sound/Abilities/Viper	7	142643	7	.mp3:7
Dota Mod Project/Sources/Packs/DOTA 2 mod/Wardota 2 Compilation V2 - Creative's ArT - 2014/Dota2/Sound/Abilities/Void	23	418250	23	.mp3:23
Dota Mod Project/Sources/Packs/DOTA 2 mod/Wardota 2 Compilation V2 - Creative's ArT - 2014/Dota2/Sound/Abilities/Warlock	14	413481	14	.mp3:14
Dota Mod Project/Sources/Packs/DOTA 2 mod/Wardota 2 Compilation V2 - Creative's ArT - 2014/Dota2/Sound/Abilities/Weaver	25	324910	25	.mp3:25
Dota Mod Project/Sources/Packs/DOTA 2 mod/Wardota 2 Compilation V2 - Creative's ArT - 2014/Dota2/Sound/Abilities/Wind	23	195323	23	.mp3:23
Dota Mod Project/Sources/Packs/DOTA 2 mod/Wardota 2 Compilation V2 - Creative's ArT - 2014/Dota2/Sound/Abilities/WitchDoctor	8	88637	8	.mp3:8
Dota Mod Project/Sources/Packs/DOTA 2 mod/Wardota 2 Compilation V2 - Creative's ArT - 2014/Dota2/Sound/Abilities/Yurnero	44	284897	44	.mp3:44
Dota Mod Project/Sources/Packs/DOTA 2 mod/Wardota 2 Compilation V2 - Creative's ArT - 2014/Dota2/Sound/Abilities/Zeus	8	169885	8	.mp3:8
Dota Mod Project/Sources/Packs/DOTA 2 mod/Wardota 2 Compilation V2 - Creative's ArT - 2014/Dota2/Sound/Heroes	9156	190373633	0	.mp3:9127, .wav:29
Dota Mod Project/Sources/Packs/DOTA 2 mod/Wardota 2 Compilation V2 - Creative's ArT - 2014/Dota2/Sound/Heroes/abaddon	78	1911911	78	.mp3:78
Dota Mod Project/Sources/Packs/DOTA 2 mod/Wardota 2 Compilation V2 - Creative's ArT - 2014/Dota2/Sound/Heroes/alchemist	118	1894862	118	.mp3:118
Dota Mod Project/Sources/Packs/DOTA 2 mod/Wardota 2 Compilation V2 - Creative's ArT - 2014/Dota2/Sound/Heroes/ancient_apparition	81	2531852	81	.mp3:81
Dota Mod Project/Sources/Packs/DOTA 2 mod/Wardota 2 Compilation V2 - Creative's ArT - 2014/Dota2/Sound/Heroes/antimage	69	1338366	69	.mp3:69
Dota Mod Project/Sources/Packs/DOTA 2 mod/Wardota 2 Compilation V2 - Creative's ArT - 2014/Dota2/Sound/Heroes/axe	78	1249099	78	.mp3:78
Dota Mod Project/Sources/Packs/DOTA 2 mod/Wardota 2 Compilation V2 - Creative's ArT - 2014/Dota2/Sound/Heroes/bane	89	2003917	89	.mp3:89
Dota Mod Project/Sources/Packs/DOTA 2 mod/Wardota 2 Compilation V2 - Creative's ArT - 2014/Dota2/Sound/Heroes/batrider	92	1715708	92	.mp3:92
Dota Mod Project/Sources/Packs/DOTA 2 mod/Wardota 2 Compilation V2 - Creative's ArT - 2014/Dota2/Sound/Heroes/beastmaster	89	1737751	89	.mp3:89
Dota Mod Project/Sources/Packs/DOTA 2 mod/Wardota 2 Compilation V2 - Creative's ArT - 2014/Dota2/Sound/Heroes/bloodseeker	70	1119624	70	.mp3:70
Dota Mod Project/Sources/Packs/DOTA 2 mod/Wardota 2 Compilation V2 - Creative's ArT - 2014/Dota2/Sound/Heroes/bounty_hunter	87	1846412	87	.mp3:87
Dota Mod Project/Sources/Packs/DOTA 2 mod/Wardota 2 Compilation V2 - Creative's ArT - 2014/Dota2/Sound/Heroes/brewmaster	98	2034202	98	.mp3:98
Dota Mod Project/Sources/Packs/DOTA 2 mod/Wardota 2 Compilation V2 - Creative's ArT - 2014/Dota2/Sound/Heroes/bristleback	80	1361255	80	.mp3:80
Dota Mod Project/Sources/Packs/DOTA 2 mod/Wardota 2 Compilation V2 - Creative's ArT - 2014/Dota2/Sound/Heroes/broodmother	84	1842956	84	.mp3:84
Dota Mod Project/Sources/Packs/DOTA 2 mod/Wardota 2 Compilation V2 - Creative's ArT - 2014/Dota2/Sound/Heroes/centaur	83	1398773	83	.mp3:83
Dota Mod Project/Sources/Packs/DOTA 2 mod/Wardota 2 Compilation V2 - Creative's ArT - 2014/Dota2/Sound/Heroes/chaos_knight	90	2444831	90	.mp3:90
Dota Mod Project/Sources/Packs/DOTA 2 mod/Wardota 2 Compilation V2 - Creative's ArT - 2014/Dota2/Sound/Heroes/chen	73	1298858	73	.mp3:73
Dota Mod Project/Sources/Packs/DOTA 2 mod/Wardota 2 Compilation V2 - Creative's ArT - 2014/Dota2/Sound/Heroes/clinkz	82	1873050	82	.mp3:82
Dota Mod Project/Sources/Packs/DOTA 2 mod/Wardota 2 Compilation V2 - Creative's ArT - 2014/Dota2/Sound/Heroes/crystalmaiden	91	1496383	91	.mp3:91
Dota Mod Project/Sources/Packs/DOTA 2 mod/Wardota 2 Compilation V2 - Creative's ArT - 2014/Dota2/Sound/Heroes/dark_seer	75	1714733	75	.mp3:75
Dota Mod Project/Sources/Packs/DOTA 2 mod/Wardota 2 Compilation V2 - Creative's ArT - 2014/Dota2/Sound/Heroes/dazzle	74	1615359	74	.mp3:74
Dota Mod Project/Sources/Packs/DOTA 2 mod/Wardota 2 Compilation V2 - Creative's ArT - 2014/Dota2/Sound/Heroes/death_prophet	105	2436817	105	.mp3:105
Dota Mod Project/Sources/Packs/DOTA 2 mod/Wardota 2 Compilation V2 - Creative's ArT - 2014/Dota2/Sound/Heroes/disruptor	73	1488125	73	.mp3:73
Dota Mod Project/Sources/Packs/DOTA 2 mod/Wardota 2 Compilation V2 - Creative's ArT - 2014/Dota2/Sound/Heroes/doom_bringer	65	1626100	65	.mp3:65
Dota Mod Project/Sources/Packs/DOTA 2 mod/Wardota 2 Compilation V2 - Creative's ArT - 2014/Dota2/Sound/Heroes/dragon_knight	71	1554442	71	.mp3:71
Dota Mod Project/Sources/Packs/DOTA 2 mod/Wardota 2 Compilation V2 - Creative's ArT - 2014/Dota2/Sound/Heroes/drowranger	69	1346643	69	.mp3:69
Dota Mod Project/Sources/Packs/DOTA 2 mod/Wardota 2 Compilation V2 - Creative's ArT - 2014/Dota2/Sound/Heroes/earth_spirit	89	1762612	89	.mp3:89
Dota Mod Project/Sources/Packs/DOTA 2 mod/Wardota 2 Compilation V2 - Creative's ArT - 2014/Dota2/Sound/Heroes/earthshaker	72	1186900	72	.mp3:72
Dota Mod Project/Sources/Packs/DOTA 2 mod/Wardota 2 Compilation V2 - Creative's ArT - 2014/Dota2/Sound/Heroes/elder_titan	90	2006814	90	.mp3:90
Dota Mod Project/Sources/Packs/DOTA 2 mod/Wardota 2 Compilation V2 - Creative's ArT - 2014/Dota2/Sound/Heroes/ember_spirit	112	2108214	112	.mp3:112
Dota Mod Project/Sources/Packs/DOTA 2 mod/Wardota 2 Compilation V2 - Creative's ArT - 2014/Dota2/Sound/Heroes/enchantress	78	1086442	78	.mp3:78
Dota Mod Project/Sources/Packs/DOTA 2 mod/Wardota 2 Compilation V2 - Creative's ArT - 2014/Dota2/Sound/Heroes/enigma	74	1967285	74	.mp3:74
Dota Mod Project/Sources/Packs/DOTA 2 mod/Wardota 2 Compilation V2 - Creative's ArT - 2014/Dota2/Sound/Heroes/faceless_void	74	1612227	74	.mp3:74
Dota Mod Project/Sources/Packs/DOTA 2 mod/Wardota 2 Compilation V2 - Creative's ArT - 2014/Dota2/Sound/Heroes/furion	72	1639808	72	.mp3:72
Dota Mod Project/Sources/Packs/DOTA 2 mod/Wardota 2 Compilation V2 - Creative's ArT - 2014/Dota2/Sound/Heroes/gyrocopter	108	1537277	108	.mp3:108
Dota Mod Project/Sources/Packs/DOTA 2 mod/Wardota 2 Compilation V2 - Creative's ArT - 2014/Dota2/Sound/Heroes/huskar	77	1397927	77	.mp3:77
Dota Mod Project/Sources/Packs/DOTA 2 mod/Wardota 2 Compilation V2 - Creative's ArT - 2014/Dota2/Sound/Heroes/invoker	101	2566588	101	.mp3:101
Dota Mod Project/Sources/Packs/DOTA 2 mod/Wardota 2 Compilation V2 - Creative's ArT - 2014/Dota2/Sound/Heroes/jakiro	90	3098251	90	.mp3:90
Dota Mod Project/Sources/Packs/DOTA 2 mod/Wardota 2 Compilation V2 - Creative's ArT - 2014/Dota2/Sound/Heroes/juggernaut	82	1133485	82	.mp3:82
Dota Mod Project/Sources/Packs/DOTA 2 mod/Wardota 2 Compilation V2 - Creative's ArT - 2014/Dota2/Sound/Heroes/keeper_of_the_light	90	1976090	90	.mp3:90
Dota Mod Project/Sources/Packs/DOTA 2 mod/Wardota 2 Compilation V2 - Creative's ArT - 2014/Dota2/Sound/Heroes/kunkka	72	1020722	72	.mp3:72
Dota Mod Project/Sources/Packs/DOTA 2 mod/Wardota 2 Compilation V2 - Creative's ArT - 2014/Dota2/Sound/Heroes/legion_commander	94	1360448	94	.mp3:94
Dota Mod Project/Sources/Packs/DOTA 2 mod/Wardota 2 Compilation V2 - Creative's ArT - 2014/Dota2/Sound/Heroes/leshrac	66	1479714	66	.mp3:66
Dota Mod Project/Sources/Packs/DOTA 2 mod/Wardota 2 Compilation V2 - Creative's ArT - 2014/Dota2/Sound/Heroes/lich	75	1718342	75	.mp3:75
Dota Mod Project/Sources/Packs/DOTA 2 mod/Wardota 2 Compilation V2 - Creative's ArT - 2014/Dota2/Sound/Heroes/life_stealer	90	1941610	90	.mp3:90
Dota Mod Project/Sources/Packs/DOTA 2 mod/Wardota 2 Compilation V2 - Creative's ArT - 2014/Dota2/Sound/Heroes/lina	76	1085247	76	.mp3:76
Dota Mod Project/Sources/Packs/DOTA 2 mod/Wardota 2 Compilation V2 - Creative's ArT - 2014/Dota2/Sound/Heroes/lion	69	1427081	69	.mp3:69
Dota Mod Project/Sources/Packs/DOTA 2 mod/Wardota 2 Compilation V2 - Creative's ArT - 2014/Dota2/Sound/Heroes/lone_druid	95	1419073	95	.mp3:95
Dota Mod Project/Sources/Packs/DOTA 2 mod/Wardota 2 Compilation V2 - Creative's ArT - 2014/Dota2/Sound/Heroes/luna	104	1398720	104	.mp3:104
Dota Mod Project/Sources/Packs/DOTA 2 mod/Wardota 2 Compilation V2 - Creative's ArT - 2014/Dota2/Sound/Heroes/lycan	83	1975765	83	.mp3:83
Dota Mod Project/Sources/Packs/DOTA 2 mod/Wardota 2 Compilation V2 - Creative's ArT - 2014/Dota2/Sound/Heroes/magnataur	93	1700145	93	.mp3:93
Dota Mod Project/Sources/Packs/DOTA 2 mod/Wardota 2 Compilation V2 - Creative's ArT - 2014/Dota2/Sound/Heroes/medusa	97	2120412	97	.mp3:97
Dota Mod Project/Sources/Packs/DOTA 2 mod/Wardota 2 Compilation V2 - Creative's ArT - 2014/Dota2/Sound/Heroes/meepo	121	1697903	121	.mp3:121
Dota Mod Project/Sources/Packs/DOTA 2 mod/Wardota 2 Compilation V2 - Creative's ArT - 2014/Dota2/Sound/Heroes/mirana	88	1650374	88	.mp3:88
Dota Mod Project/Sources/Packs/DOTA 2 mod/Wardota 2 Compilation V2 - Creative's ArT - 2014/Dota2/Sound/Heroes/morphling	68	1738227	68	.mp3:68
Dota Mod Project/Sources/Packs/DOTA 2 mod/Wardota 2 Compilation V2 - Creative's ArT - 2014/Dota2/Sound/Heroes/naga_siren	80	1531783	80	.mp3:80
Dota Mod Project/Sources/Packs/DOTA 2 mod/Wardota 2 Compilation V2 - Creative's ArT - 2014/Dota2/Sound/Heroes/necrolyte	81	1942745	81	.mp3:81
Dota Mod Project/Sources/Packs/DOTA 2 mod/Wardota 2 Compilation V2 - Creative's ArT - 2014/Dota2/Sound/Heroes/nevermore	88	2344639	88	.mp3:88
Dota Mod Project/Sources/Packs/DOTA 2 mod/Wardota 2 Compilation V2 - Creative's ArT - 2014/Dota2/Sound/Heroes/night_stalker	74	1784634	74	.mp3:74
Dota Mod Project/Sources/Packs/DOTA 2 mod/Wardota 2 Compilation V2 - Creative's ArT - 2014/Dota2/Sound/Heroes/nyx_assassin	90	1898142	90	.mp3:90
Dota Mod Project/Sources/Packs/DOTA 2 mod/Wardota 2 Compilation V2 - Creative's ArT - 2014/Dota2/Sound/Heroes/ogre_magi	92	3126576	92	.mp3:92
Dota Mod Project/Sources/Packs/DOTA 2 mod/Wardota 2 Compilation V2 - Creative's ArT - 2014/Dota2/Sound/Heroes/omniknight	83	1522069	83	.mp3:83
Dota Mod Project/Sources/Packs/DOTA 2 mod/Wardota 2 Compilation V2 - Creative's ArT - 2014/Dota2/Sound/Heroes/outworld_destroyer	79	1942524	79	.mp3:79
Dota Mod Project/Sources/Packs/DOTA 2 mod/Wardota 2 Compilation V2 - Creative's ArT - 2014/Dota2/Sound/Heroes/phantom_assassin	79	1582041	79	.mp3:79
Dota Mod Project/Sources/Packs/DOTA 2 mod/Wardota 2 Compilation V2 - Creative's ArT - 2014/Dota2/Sound/Heroes/phantom_lancer	90	1973369	90	.mp3:90
Dota Mod Project/Sources/Packs/DOTA 2 mod/Wardota 2 Compilation V2 - Creative's ArT - 2014/Dota2/Sound/Heroes/phoenix	18	842854	18	.mp3:18
Dota Mod Project/Sources/Packs/DOTA 2 mod/Wardota 2 Compilation V2 - Creative's ArT - 2014/Dota2/Sound/Heroes/puck	63	1160705	63	.mp3:63
Dota Mod Project/Sources/Packs/DOTA 2 mod/Wardota 2 Compilation V2 - Creative's ArT - 2014/Dota2/Sound/Heroes/pudge	85	1408260	85	.mp3:85
Dota Mod Project/Sources/Packs/DOTA 2 mod/Wardota 2 Compilation V2 - Creative's ArT - 2014/Dota2/Sound/Heroes/pugna	91	2103677	91	.mp3:91
Dota Mod Project/Sources/Packs/DOTA 2 mod/Wardota 2 Compilation V2 - Creative's ArT - 2014/Dota2/Sound/Heroes/queenofpain	81	1980148	81	.mp3:81
Dota Mod Project/Sources/Packs/DOTA 2 mod/Wardota 2 Compilation V2 - Creative's ArT - 2014/Dota2/Sound/Heroes/rattletrap	92	1456883	92	.mp3:92
Dota Mod Project/Sources/Packs/DOTA 2 mod/Wardota 2 Compilation V2 - Creative's ArT - 2014/Dota2/Sound/Heroes/razor	73	1777219	73	.mp3:73
Dota Mod Project/Sources/Packs/DOTA 2 mod/Wardota 2 Compilation V2 - Creative's ArT - 2014/Dota2/Sound/Heroes/riki	90	1446595	90	.mp3:90
Dota Mod Project/Sources/Packs/DOTA 2 mod/Wardota 2 Compilation V2 - Creative's ArT - 2014/Dota2/Sound/Heroes/rubick	90	1669518	90	.mp3:90
Dota Mod Project/Sources/Packs/DOTA 2 mod/Wardota 2 Compilation V2 - Creative's ArT - 2014/Dota2/Sound/Heroes/sandking	91	1783078	91	.mp3:91
Dota Mod Project/Sources/Packs/DOTA 2 mod/Wardota 2 Compilation V2 - Creative's ArT - 2014/Dota2/Sound/Heroes/shadow_demon	86	2386520	86	.mp3:86
Dota Mod Project/Sources/Packs/DOTA 2 mod/Wardota 2 Compilation V2 - Creative's ArT - 2014/Dota2/Sound/Heroes/shadowshaman	75	1060246	75	.mp3:75
Dota Mod Project/Sources/Packs/DOTA 2 mod/Wardota 2 Compilation V2 - Creative's ArT - 2014/Dota2/Sound/Heroes/shredder	74	1175044	74	.mp3:74
Dota Mod Project/Sources/Packs/DOTA 2 mod/Wardota 2 Compilation V2 - Creative's ArT - 2014/Dota2/Sound/Heroes/silencer	87	1648928	87	.mp3:87
Dota Mod Project/Sources/Packs/DOTA 2 mod/Wardota 2 Compilation V2 - Creative's ArT - 2014/Dota2/Sound/Heroes/skeleton_king	187	4089183	187	.mp3:187
Dota Mod Project/Sources/Packs/DOTA 2 mod/Wardota 2 Compilation V2 - Creative's ArT - 2014/Dota2/Sound/Heroes/skywrath_mage	76	1550583	76	.mp3:76
Dota Mod Project/Sources/Packs/DOTA 2 mod/Wardota 2 Compilation V2 - Creative's ArT - 2014/Dota2/Sound/Heroes/slardar	78	1884322	78	.mp3:78
Dota Mod Project/Sources/Packs/DOTA 2 mod/Wardota 2 Compilation V2 - Creative's ArT - 2014/Dota2/Sound/Heroes/slark	86	1550605	86	.mp3:86
Dota Mod Project/Sources/Packs/DOTA 2 mod/Wardota 2 Compilation V2 - Creative's ArT - 2014/Dota2/Sound/Heroes/sniper	90	1371723	90	.mp3:90
Dota Mod Project/Sources/Packs/DOTA 2 mod/Wardota 2 Compilation V2 - Creative's ArT - 2014/Dota2/Sound/Heroes/spectre	47	1062448	47	.mp3:47
Dota Mod Project/Sources/Packs/DOTA 2 mod/Wardota 2 Compilation V2 - Creative's ArT - 2014/Dota2/Sound/Heroes/spirit_breaker	87	1838680	87	.mp3:87
Dota Mod Project/Sources/Packs/DOTA 2 mod/Wardota 2 Compilation V2 - Creative's ArT - 2014/Dota2/Sound/Heroes/stormspirit	63	1120773	63	.mp3:63
Dota Mod Project/Sources/Packs/DOTA 2 mod/Wardota 2 Compilation V2 - Creative's ArT - 2014/Dota2/Sound/Heroes/sven	102	1514485	102	.mp3:102
Dota Mod Project/Sources/Packs/DOTA 2 mod/Wardota 2 Compilation V2 - Creative's ArT - 2014/Dota2/Sound/Heroes/techies	155	2504018	155	.mp3:155
Dota Mod Project/Sources/Packs/DOTA 2 mod/Wardota 2 Compilation V2 - Creative's ArT - 2014/Dota2/Sound/Heroes/templar_assassin	70	1452768	70	.mp3:70
Dota Mod Project/Sources/Packs/DOTA 2 mod/Wardota 2 Compilation V2 - Creative's ArT - 2014/Dota2/Sound/Heroes/terrorblade	146	3239068	146	.mp3:146
Dota Mod Project/Sources/Packs/DOTA 2 mod/Wardota 2 Compilation V2 - Creative's ArT - 2014/Dota2/Sound/Heroes/tidehunter	67	1532403	67	.mp3:67
Dota Mod Project/Sources/Packs/DOTA 2 mod/Wardota 2 Compilation V2 - Creative's ArT - 2014/Dota2/Sound/Heroes/tinker	102	1842370	102	.mp3:102
Dota Mod Project/Sources/Packs/DOTA 2 mod/Wardota 2 Compilation V2 - Creative's ArT - 2014/Dota2/Sound/Heroes/tiny	72	1416386	72	.mp3:72
Dota Mod Project/Sources/Packs/DOTA 2 mod/Wardota 2 Compilation V2 - Creative's ArT - 2014/Dota2/Sound/Heroes/treant	101	2591667	101	.mp3:101
Dota Mod Project/Sources/Packs/DOTA 2 mod/Wardota 2 Compilation V2 - Creative's ArT - 2014/Dota2/Sound/Heroes/troll_warlord	77	1685482	77	.mp3:77
Dota Mod Project/Sources/Packs/DOTA 2 mod/Wardota 2 Compilation V2 - Creative's ArT - 2014/Dota2/Sound/Heroes/tusk	110	2213960	110	.mp3:110
Dota Mod Project/Sources/Packs/DOTA 2 mod/Wardota 2 Compilation V2 - Creative's ArT - 2014/Dota2/Sound/Heroes/undying	90	1817267	90	.mp3:90
Dota Mod Project/Sources/Packs/DOTA 2 mod/Wardota 2 Compilation V2 - Creative's ArT - 2014/Dota2/Sound/Heroes/ursa	130	2238448	130	.mp3:130
Dota Mod Project/Sources/Packs/DOTA 2 mod/Wardota 2 Compilation V2 - Creative's ArT - 2014/Dota2/Sound/Heroes/vengefulspirit	84	2104468	84	.mp3:84
Dota Mod Project/Sources/Packs/DOTA 2 mod/Wardota 2 Compilation V2 - Creative's ArT - 2014/Dota2/Sound/Heroes/venomancer	81	1812130	81	.mp3:81
Dota Mod Project/Sources/Packs/DOTA 2 mod/Wardota 2 Compilation V2 - Creative's ArT - 2014/Dota2/Sound/Heroes/viper	72	1567916	72	.mp3:72
Dota Mod Project/Sources/Packs/DOTA 2 mod/Wardota 2 Compilation V2 - Creative's ArT - 2014/Dota2/Sound/Heroes/visage	99	1790019	99	.mp3:99
Dota Mod Project/Sources/Packs/DOTA 2 mod/Wardota 2 Compilation V2 - Creative's ArT - 2014/Dota2/Sound/Heroes/warlock	71	2151282	71	.mp3:71
Dota Mod Project/Sources/Packs/DOTA 2 mod/Wardota 2 Compilation V2 - Creative's ArT - 2014/Dota2/Sound/Heroes/weaver	80	1406812	80	.mp3:80
Dota Mod Project/Sources/Packs/DOTA 2 mod/Wardota 2 Compilation V2 - Creative's ArT - 2014/Dota2/Sound/Heroes/windrunner	75	826202	75	.mp3:75
Dota Mod Project/Sources/Packs/DOTA 2 mod/Wardota 2 Compilation V2 - Creative's ArT - 2014/Dota2/Sound/Heroes/wisp	29	4298743	29	.wav:29
Dota Mod Project/Sources/Packs/DOTA 2 mod/Wardota 2 Compilation V2 - Creative's ArT - 2014/Dota2/Sound/Heroes/witchdoctor	67	1270441	67	.mp3:67
Dota Mod Project/Sources/Packs/DOTA 2 mod/Wardota 2 Compilation V2 - Creative's ArT - 2014/Dota2/Sound/Heroes/zuus	66	1385052	66	.mp3:66
Dota Mod Project/Sources/Packs/DOTA 2 mod/Wardota 2 Compilation V2 - Creative's ArT - 2014/Maps	5	38645997	0	.w3x:5
Dota Mod Project/Sources/Packs/DOTA 2 mod/Wardota 2 Compilation V2 - Creative's ArT - 2014/Maps/WarDota2	5	38645997	5	.w3x:5
Dota Mod Project/Sources/Packs/DOTA 2 mod/Wardota 2 Compilation V2 - Creative's ArT - 2014/ReplaceableTextures	4	5663328	0	.tga:2, .blp:2
Dota Mod Project/Sources/Packs/DOTA 2 mod/Wardota 2 Compilation V2 - Creative's ArT - 2014/ReplaceableTextures/Cliff	2	5242968	2	.tga:2
Dota Mod Project/Sources/Packs/DOTA 2 mod/Wardota 2 Compilation V2 - Creative's ArT - 2014/ReplaceableTextures/northrendtree	2	420360	2	.blp:2
Dota Mod Project/Sources/Packs/DOTA 2 mod/Wardota 2 Compilation V2 - Creative's ArT - 2014/TerrainArt	11	27492198	0	.tga:11
Dota Mod Project/Sources/Packs/DOTA 2 mod/Wardota 2 Compilation V2 - Creative's ArT - 2014/TerrainArt/Blight	1	2097196	1	.tga:1
Dota Mod Project/Sources/Packs/DOTA 2 mod/Wardota 2 Compilation V2 - Creative's ArT - 2014/TerrainArt/Felwood	6	11124681	6	.tga:6
Dota Mod Project/Sources/Packs/DOTA 2 mod/Wardota 2 Compilation V2 - Creative's ArT - 2014/TerrainArt/Northrend	1	2097196	1	.tga:1
Dota Mod Project/Sources/Packs/DOTA 2 mod/Wardota 2 Compilation V2 - Creative's ArT - 2014/TerrainArt/Ruins	3	12173125	3	.tga:3
Dota Mod Project/Sources/Packs/DOTA 2 mod/Wardota 2 Compilation V2 - Creative's ArT - 2014/Units	1648	541283171	0	.blp:1227, .mdx:376, .wav:40, .tga:3, .mdl:1, .lnk:1
Dota Mod Project/Sources/Packs/DOTA 2 mod/Wardota 2 Compilation V2 - Creative's ArT - 2014/Units/Couriers	6	2662758	0	.mdx:4, .blp:2
Dota Mod Project/Sources/Packs/DOTA 2 mod/Wardota 2 Compilation V2 - Creative's ArT - 2014/Units/Couriers/Bulldog	6	2662758	6	.mdx:4, .blp:2
Dota Mod Project/Sources/Packs/DOTA 2 mod/Wardota 2 Compilation V2 - Creative's ArT - 2014/Units/Creeps	431	143542525	0	.blp:299, .mdx:132
Dota Mod Project/Sources/Packs/DOTA 2 mod/Wardota 2 Compilation V2 - Creative's ArT - 2014/Units/Creeps/ArchnathidGreen	9	2047239	9	.blp:7, .mdx:2
Dota Mod Project/Sources/Packs/DOTA 2 mod/Wardota 2 Compilation V2 - Creative's ArT - 2014/Units/Creeps/Assassin	14	3879423	14	.blp:12, .mdx:2
Dota Mod Project/Sources/Packs/DOTA 2 mod/Wardota 2 Compilation V2 - Creative's ArT - 2014/Units/Creeps/AzureDragon	4	1401708	4	.mdx:2, .blp:2
Dota Mod Project/Sources/Packs/DOTA 2 mod/Wardota 2 Compilation V2 - Creative's ArT - 2014/Units/Creeps/BansheeGhost	3	1216486	3	.mdx:2, .blp:1
Dota Mod Project/Sources/Packs/DOTA 2 mod/Wardota 2 Compilation V2 - Creative's ArT - 2014/Units/Creeps/BansheeRanger	15	4803899	15	.blp:13, .mdx:2
Dota Mod Project/Sources/Packs/DOTA 2 mod/Wardota 2 Compilation V2 - Creative's ArT - 2014/Units/Creeps/Beastmaster	9	2395337	9	.blp:7, .mdx:2
Dota Mod Project/Sources/Packs/DOTA 2 mod/Wardota 2 Compilation V2 - Creative's ArT - 2014/Units/Creeps/BlackDragon	3	774386	3	.mdx:2, .blp:1
Dota Mod Project/Sources/Packs/DOTA 2 mod/Wardota 2 Compilation V2 - Creative's ArT - 2014/Units/Creeps/BurningArcher	11	3227030	11	.blp:9, .mdx:2
Dota Mod Project/Sources/Packs/DOTA 2 mod/Wardota 2 Compilation V2 - Creative's ArT - 2014/Units/Creeps/Centaur	3	776390	3	.mdx:2, .blp:1
Dota Mod Project/Sources/Packs/DOTA 2 mod/Wardota 2 Compilation V2 - Creative's ArT - 2014/Units/Creeps/CentaurKhan	15	5125071	15	.blp:13, .mdx:2
Dota Mod Project/Sources/Packs/DOTA 2 mod/Wardota 2 Compilation V2 - Creative's ArT - 2014/Units/Creeps/DarkTroll	3	1005309	3	.mdx:2, .blp:1
Dota Mod Project/Sources/Packs/DOTA 2 mod/Wardota 2 Compilation V2 - Creative's ArT - 2014/Units/Creeps/DarkTrollShadowPriest	11	4202621	11	.blp:9, .mdx:2
Dota Mod Project/Sources/Packs/DOTA 2 mod/Wardota 2 Compilation V2 - Creative's ArT - 2014/Units/Creeps/DarkTrollTrapper	3	1182143	3	.mdx:2, .blp:1
Dota Mod Project/Sources/Packs/DOTA 2 mod/Wardota 2 Compilation V2 - Creative's ArT - 2014/Units/Creeps/DireWolf	4	2659006	4	.mdx:2, .blp:2
Dota Mod Project/Sources/Packs/DOTA 2 mod/Wardota 2 Compilation V2 - Creative's ArT - 2014/Units/Creeps/DragonSpawnBlue	4	1863091	4	.blp:2, .mdx:2
Dota Mod Project/Sources/Packs/DOTA 2 mod/Wardota 2 Compilation V2 - Creative's ArT - 2014/Units/Creeps/DragonSpawnGreen	3	1246405	3	.mdx:2, .blp:1
Dota Mod Project/Sources/Packs/DOTA 2 mod/Wardota 2 Compilation V2 - Creative's ArT - 2014/Units/Creeps/EarthPandarenBrewmaster	4	896315	4	.blp:2, .mdx:2
Dota Mod Project/Sources/Packs/DOTA 2 mod/Wardota 2 Compilation V2 - Creative's ArT - 2014/Units/Creeps/FacelessOne	12	2681465	12	.blp:10, .mdx:2
Dota Mod Project/Sources/Packs/DOTA 2 mod/Wardota 2 Compilation V2 - Creative's ArT - 2014/Units/Creeps/FelStalkerPurple	3	975983	3	.mdx:2, .blp:1
Dota Mod Project/Sources/Packs/DOTA 2 mod/Wardota 2 Compilation V2 - Creative's ArT - 2014/Units/Creeps/FirePandarenBrewMaster	4	820246	4	.blp:2, .mdx:2
Dota Mod Project/Sources/Packs/DOTA 2 mod/Wardota 2 Compilation V2 - Creative's ArT - 2014/Units/Creeps/ForestTroll	3	992853	3	.mdx:2, .blp:1
Dota Mod Project/Sources/Packs/DOTA 2 mod/Wardota 2 Compilation V2 - Creative's ArT - 2014/Units/Creeps/ForestTrollShadowPriest	4	1237667	4	.blp:2, .mdx:2
Dota Mod Project/Sources/Packs/DOTA 2 mod/Wardota 2 Compilation V2 - Creative's ArT - 2014/Units/Creeps/FurbolgTracker	8	3066213	8	.blp:6, .mdx:2
Dota Mod Project/Sources/Packs/DOTA 2 mod/Wardota 2 Compilation V2 - Creative's ArT - 2014/Units/Creeps/GnollArcher	2	484481	2	.mdx:1, .blp:1
Dota Mod Project/Sources/Packs/DOTA 2 mod/Wardota 2 Compilation V2 - Creative's ArT - 2014/Units/Creeps/GnollWarden	8	1867986	8	.blp:5, .mdx:3
Dota Mod Project/Sources/Packs/DOTA 2 mod/Wardota 2 Compilation V2 - Creative's ArT - 2014/Units/Creeps/GoblinSapper	8	3160318	8	.blp:6, .mdx:2
Dota Mod Project/Sources/Packs/DOTA 2 mod/Wardota 2 Compilation V2 - Creative's ArT - 2014/Units/Creeps/GreenDragon	4	1274145	4	.blp:2, .mdx:2
Dota Mod Project/Sources/Packs/DOTA 2 mod/Wardota 2 Compilation V2 - Creative's ArT - 2014/Units/Creeps/GrizzlyBear	4	1676022	4	.blp:2, .mdx:2
Dota Mod Project/Sources/Packs/DOTA 2 mod/Wardota 2 Compilation V2 - Creative's ArT - 2014/Units/Creeps/Harpy	3	1093209	3	.mdx:2, .blp:1
Dota Mod Project/Sources/Packs/DOTA 2 mod/Wardota 2 Compilation V2 - Creative's ArT - 2014/Units/Creeps/HarpyWitch	3	1107505	3	.mdx:2, .blp:1
Dota Mod Project/Sources/Packs/DOTA 2 mod/Wardota 2 Compilation V2 - Creative's ArT - 2014/Units/Creeps/HeroTinker	8	3331343	8	.blp:6, .mdx:2
Dota Mod Project/Sources/Packs/DOTA 2 mod/Wardota 2 Compilation V2 - Creative's ArT - 2014/Units/Creeps/HeroTinkerRobot	1	110352	1	.mdx:1
Dota Mod Project/Sources/Packs/DOTA 2 mod/Wardota 2 Compilation V2 - Creative's ArT - 2014/Units/Creeps/IronGolem	15	5318089	15	.blp:13, .mdx:2
Dota Mod Project/Sources/Packs/DOTA 2 mod/Wardota 2 Compilation V2 - Creative's ArT - 2014/Units/Creeps/JungleBeast	4	1277970	4	.mdx:2, .blp:2
Dota Mod Project/Sources/Packs/DOTA 2 mod/Wardota 2 Compilation V2 - Creative's ArT - 2014/Units/Creeps/Kobold	3	1612646	3	.mdx:2, .blp:1
Dota Mod Project/Sources/Packs/DOTA 2 mod/Wardota 2 Compilation V2 - Creative's ArT - 2014/Units/Creeps/KoboldGeomancer	10	3383497	10	.blp:8, .mdx:2
Dota Mod Project/Sources/Packs/DOTA 2 mod/Wardota 2 Compilation V2 - Creative's ArT - 2014/Units/Creeps/LordGarithos	10	2749215	10	.blp:8, .mdx:2
Dota Mod Project/Sources/Packs/DOTA 2 mod/Wardota 2 Compilation V2 - Creative's ArT - 2014/Units/Creeps/MagnataurBlue	9	2772949	9	.blp:7, .mdx:2
Dota Mod Project/Sources/Packs/DOTA 2 mod/Wardota 2 Compilation V2 - Creative's ArT - 2014/Units/Creeps/Medivh	7	3742487	7	.blp:5, .mdx:2
Dota Mod Project/Sources/Packs/DOTA 2 mod/Wardota 2 Compilation V2 - Creative's ArT - 2014/Units/Creeps/MurlocNightCrawler	12	3495957	12	.blp:10, .mdx:2
Dota Mod Project/Sources/Packs/DOTA 2 mod/Wardota 2 Compilation V2 - Creative's ArT - 2014/Units/Creeps/NerubianQueen	8	2483233	8	.blp:6, .mdx:2
Dota Mod Project/Sources/Packs/DOTA 2 mod/Wardota 2 Compilation V2 - Creative's ArT - 2014/Units/Creeps/NetherDragon	5	1056003	5	.blp:3, .mdx:2
Dota Mod Project/Sources/Packs/DOTA 2 mod/Wardota 2 Compilation V2 - Creative's ArT - 2014/Units/Creeps/Ogre	3	757987	3	.mdx:2, .blp:1
Dota Mod Project/Sources/Packs/DOTA 2 mod/Wardota 2 Compilation V2 - Creative's ArT - 2014/Units/Creeps/OgreMagi	3	883705	3	.mdx:2, .blp:1
Dota Mod Project/Sources/Packs/DOTA 2 mod/Wardota 2 Compilation V2 - Creative's ArT - 2014/Units/Creeps/OwlBear	3	1586700	3	.mdx:2, .blp:1
Dota Mod Project/Sources/Packs/DOTA 2 mod/Wardota 2 Compilation V2 - Creative's ArT - 2014/Units/Creeps/PandarenBrewmaster	9	3725085	9	.blp:7, .mdx:2
Dota Mod Project/Sources/Packs/DOTA 2 mod/Wardota 2 Compilation V2 - Creative's ArT - 2014/Units/Creeps/PolarFurbolg	3	1067767	3	.mdx:2, .blp:1
Dota Mod Project/Sources/Packs/DOTA 2 mod/Wardota 2 Compilation V2 - Creative's ArT - 2014/Units/Creeps/RazorMane	13	6027074	13	.blp:11, .mdx:2
Dota Mod Project/Sources/Packs/DOTA 2 mod/Wardota 2 Compilation V2 - Creative's ArT - 2014/Units/Creeps/RedDragon	4	1252844	4	.blp:2, .mdx:2
Dota Mod Project/Sources/Packs/DOTA 2 mod/Wardota 2 Compilation V2 - Creative's ArT - 2014/Units/Creeps/Revenant	17	2929095	17	.blp:15, .mdx:2
Dota Mod Project/Sources/Packs/DOTA 2 mod/Wardota 2 Compilation V2 - Creative's ArT - 2014/Units/Creeps/RockGolem	3	1191355	3	.mdx:2, .blp:1
Dota Mod Project/Sources/Packs/DOTA 2 mod/Wardota 2 Compilation V2 - Creative's ArT - 2014/Units/Creeps/Satyr	3	1251688	3	.mdx:2, .blp:1
Dota Mod Project/Sources/Packs/DOTA 2 mod/Wardota 2 Compilation V2 - Creative's ArT - 2014/Units/Creeps/SatyrHellcaller	3	1031002	3	.mdx:2, .blp:1
Dota Mod Project/Sources/Packs/DOTA 2 mod/Wardota 2 Compilation V2 - Creative's ArT - 2014/Units/Creeps/SatyrTrickster	3	1053390	3	.mdx:2, .blp:1
Dota Mod Project/Sources/Packs/DOTA 2 mod/Wardota 2 Compilation V2 - Creative's ArT - 2014/Units/Creeps/SeaElemental	7	1478726	7	.blp:5, .mdx:2
Dota Mod Project/Sources/Packs/DOTA 2 mod/Wardota 2 Compilation V2 - Creative's ArT - 2014/Units/Creeps/SeaGiantGreen	8	2066024	8	.blp:6, .mdx:2
Dota Mod Project/Sources/Packs/DOTA 2 mod/Wardota 2 Compilation V2 - Creative's ArT - 2014/Units/Creeps/SpiderBlack	8	2640698	8	.blp:6, .mdx:2
Dota Mod Project/Sources/Packs/DOTA 2 mod/Wardota 2 Compilation V2 - Creative's ArT - 2014/Units/Creeps/SpiderGreen	4	783421	4	.mdx:2, .blp:2
Dota Mod Project/Sources/Packs/DOTA 2 mod/Wardota 2 Compilation V2 - Creative's ArT - 2014/Units/Creeps/StormPandarenBrewmaster	4	1072725	4	.mdx:3, .blp:1
Dota Mod Project/Sources/Packs/DOTA 2 mod/Wardota 2 Compilation V2 - Creative's ArT - 2014/Units/Creeps/SylvanusWindrunner	15	3514433	15	.blp:13, .mdx:2
Dota Mod Project/Sources/Packs/DOTA 2 mod/Wardota 2 Compilation V2 - Creative's ArT - 2014/Units/Creeps/TuskarLord	10	4634883	10	.blp:8, .mdx:2
Dota Mod Project/Sources/Packs/DOTA 2 mod/Wardota 2 Compilation V2 - Creative's ArT - 2014/Units/Creeps/UndeadDestroyerShip	2	797728	2	.blp:1, .mdx:1
Dota Mod Project/Sources/Packs/DOTA 2 mod/Wardota 2 Compilation V2 - Creative's ArT - 2014/Units/Creeps/UndeadShipBattleShip	1	192083	1	.mdx:1
Dota Mod Project/Sources/Packs/DOTA 2 mod/Wardota 2 Compilation V2 - Creative's ArT - 2014/Units/Creeps/VoidWalker	7	2372361	7	.blp:5, .mdx:2
Dota Mod Project/Sources/Packs/DOTA 2 mod/Wardota 2 Compilation V2 - Creative's ArT - 2014/Units/Creeps/WildkinSmall	3	1450667	3	.mdx:2, .blp:1
Dota Mod Project/Sources/Packs/DOTA 2 mod/Wardota 2 Compilation V2 - Creative's ArT - 2014/Units/Creeps/WindSerpent	13	5299881	13	.blp:11, .mdx:2
Dota Mod Project/Sources/Packs/DOTA 2 mod/Wardota 2 Compilation V2 - Creative's ArT - 2014/Units/Creeps/Zombie	6	4007510	6	.blp:4, .mdx:2
Dota Mod Project/Sources/Packs/DOTA 2 mod/Wardota 2 Compilation V2 - Creative's ArT - 2014/Units/Critters	17	5828994	0	.blp:8, .wav:7, .mdx:2
Dota Mod Project/Sources/Packs/DOTA 2 mod/Wardota 2 Compilation V2 - Creative's ArT - 2014/Units/Critters/BloodElfPeasant	4	1404704	4	.wav:4
Dota Mod Project/Sources/Packs/DOTA 2 mod/Wardota 2 Compilation V2 - Creative's ArT - 2014/Units/Critters/Hydralisk	10	3370762	10	.blp:8, .mdx:2
Dota Mod Project/Sources/Packs/DOTA 2 mod/Wardota 2 Compilation V2 - Creative's ArT - 2014/Units/Critters/VillagerWoman	3	1053528	3	.wav:3
Dota Mod Project/Sources/Packs/DOTA 2 mod/Wardota 2 Compilation V2 - Creative's ArT - 2014/Units/Custom	382	127473513	0	.blp:284, .mdx:95, .tga:2, .mdl:1
Dota Mod Project/Sources/Packs/DOTA 2 mod/Wardota 2 Compilation V2 - Creative's ArT - 2014/Units/Custom/CentaurKhan	3	1209765	3	.mdx:2, .blp:1
Dota Mod Project/Sources/Packs/DOTA 2 mod/Wardota 2 Compilation V2 - Creative's ArT - 2014/Units/Custom/Clockwerk	8	3300402	8	.blp:6, .mdx:2
Dota Mod Project/Sources/Packs/DOTA 2 mod/Wardota 2 Compilation V2 - Creative's ArT - 2014/Units/Custom/DeathWard	6	326146	6	.blp:4, .mdx:2
Dota Mod Project/Sources/Packs/DOTA 2 mod/Wardota 2 Compilation V2 - Creative's ArT - 2014/Units/Custom/DireMelee	4	1128055	4	.mdx:2, .blp:2
Dota Mod Project/Sources/Packs/DOTA 2 mod/Wardota 2 Compilation V2 - Creative's ArT - 2014/Units/Custom/DireRange	6	1606202	6	.blp:4, .mdx:2
Dota Mod Project/Sources/Packs/DOTA 2 mod/Wardota 2 Compilation V2 - Creative's ArT - 2014/Units/Custom/EarthPandarenBrewmaster	20	5410907	20	.blp:18, .mdx:2
Dota Mod Project/Sources/Packs/DOTA 2 mod/Wardota 2 Compilation V2 - Creative's ArT - 2014/Units/Custom/Eidelon	7	1766630	7	.blp:5, .mdx:2
Dota Mod Project/Sources/Packs/DOTA 2 mod/Wardota 2 Compilation V2 - Creative's ArT - 2014/Units/Custom/Enigma	12	3387952	12	.blp:10, .mdx:2
Dota Mod Project/Sources/Packs/DOTA 2 mod/Wardota 2 Compilation V2 - Creative's ArT - 2014/Units/Custom/GoblinSapper	8	3160318	8	.blp:6, .mdx:2
Dota Mod Project/Sources/Packs/DOTA 2 mod/Wardota 2 Compilation V2 - Creative's ArT - 2014/Units/Custom/Gondar	11	4358280	11	.blp:9, .mdx:2
Dota Mod Project/Sources/Packs/DOTA 2 mod/Wardota 2 Compilation V2 - Creative's ArT - 2014/Units/Custom/HeroFlameLord	14	4108048	14	.blp:12, .mdx:2
Dota Mod Project/Sources/Packs/DOTA 2 mod/Wardota 2 Compilation V2 - Creative's ArT - 2014/Units/Custom/HeroGoblinAlchemist	18	6545005	18	.blp:16, .mdx:2
Dota Mod Project/Sources/Packs/DOTA 2 mod/Wardota 2 Compilation V2 - Creative's ArT - 2014/Units/Custom/HeroMountainKing	5	2093593	5	.blp:3, .mdx:2
Dota Mod Project/Sources/Packs/DOTA 2 mod/Wardota 2 Compilation V2 - Creative's ArT - 2014/Units/Custom/HeroTinker	4	2864996	4	.mdx:2, .blp:2
Dota Mod Project/Sources/Packs/DOTA 2 mod/Wardota 2 Compilation V2 - Creative's ArT - 2014/Units/Custom/IcyGhost	5	1961056	5	.blp:3, .mdx:2
Dota Mod Project/Sources/Packs/DOTA 2 mod/Wardota 2 Compilation V2 - Creative's ArT - 2014/Units/Custom/LavaSpawn	6	947858	6	.blp:4, .mdx:2
Dota Mod Project/Sources/Packs/DOTA 2 mod/Wardota 2 Compilation V2 - Creative's ArT - 2014/Units/Custom/Lich	12	1674706	12	.blp:10, .mdx:2
Dota Mod Project/Sources/Packs/DOTA 2 mod/Wardota 2 Compilation V2 - Creative's ArT - 2014/Units/Custom/Medusa	2	2613838	2	.mdx:2
Dota Mod Project/Sources/Packs/DOTA 2 mod/Wardota 2 Compilation V2 - Creative's ArT - 2014/Units/Custom/Naix	17	8350070	17	.blp:14, .mdx:2, .mdl:1
Dota Mod Project/Sources/Packs/DOTA 2 mod/Wardota 2 Compilation V2 - Creative's ArT - 2014/Units/Custom/NecroSummons	16	5318714	16	.mdx:12, .blp:4
Dota Mod Project/Sources/Packs/DOTA 2 mod/Wardota 2 Compilation V2 - Creative's ArT - 2014/Units/Custom/NeutralGiantWolf	5	2565418	5	.blp:2, .mdx:2, .tga:1
Dota Mod Project/Sources/Packs/DOTA 2 mod/Wardota 2 Compilation V2 - Creative's ArT - 2014/Units/Custom/NeutralSmallWolf	5	2526861	5	.blp:2, .mdx:2, .tga:1
Dota Mod Project/Sources/Packs/DOTA 2 mod/Wardota 2 Compilation V2 - Creative's ArT - 2014/Units/Custom/OgreMagi	9	3850792	9	.blp:7, .mdx:2
Dota Mod Project/Sources/Packs/DOTA 2 mod/Wardota 2 Compilation V2 - Creative's ArT - 2014/Units/Custom/PL	9	3852729	9	.blp:7, .mdx:2
Dota Mod Project/Sources/Packs/DOTA 2 mod/Wardota 2 Compilation V2 - Creative's ArT - 2014/Units/Custom/Phoenix	13	5246204	13	.blp:11, .mdx:2
Dota Mod Project/Sources/Packs/DOTA 2 mod/Wardota 2 Compilation V2 - Creative's ArT - 2014/Units/Custom/Puck	8	1831802	8	.blp:6, .mdx:2
Dota Mod Project/Sources/Packs/DOTA 2 mod/Wardota 2 Compilation V2 - Creative's ArT - 2014/Units/Custom/RadiantMelee	6	1754308	6	.blp:4, .mdx:2
Dota Mod Project/Sources/Packs/DOTA 2 mod/Wardota 2 Compilation V2 - Creative's ArT - 2014/Units/Custom/RadiantRange	6	1460527	6	.blp:4, .mdx:2
Dota Mod Project/Sources/Packs/DOTA 2 mod/Wardota 2 Compilation V2 - Creative's ArT - 2014/Units/Custom/Riki	13	6759772	13	.blp:11, .mdx:2
Dota Mod Project/Sources/Packs/DOTA 2 mod/Wardota 2 Compilation V2 - Creative's ArT - 2014/Units/Custom/Rooftrellen	12	3376232	12	.blp:10, .mdx:2
Dota Mod Project/Sources/Packs/DOTA 2 mod/Wardota 2 Compilation V2 - Creative's ArT - 2014/Units/Custom/Roshan	4	1778570	4	.blp:2, .mdx:2
Dota Mod Project/Sources/Packs/DOTA 2 mod/Wardota 2 Compilation V2 - Creative's ArT - 2014/Units/Custom/SkeletonKing	13	3926008	13	.blp:11, .mdx:2
Dota Mod Project/Sources/Packs/DOTA 2 mod/Wardota 2 Compilation V2 - Creative's ArT - 2014/Units/Custom/SkeletonSmall	4	885145	4	.blp:2, .mdx:2
Dota Mod Project/Sources/Packs/DOTA 2 mod/Wardota 2 Compilation V2 - Creative's ArT - 2014/Units/Custom/Spectre	16	2628829	16	.blp:14, .mdx:2
Dota Mod Project/Sources/Packs/DOTA 2 mod/Wardota 2 Compilation V2 - Creative's ArT - 2014/Units/Custom/StormPandarenBrewmaster	28	8353482	28	.blp:25, .mdx:3
Dota Mod Project/Sources/Packs/DOTA 2 mod/Wardota 2 Compilation V2 - Creative's ArT - 2014/Units/Custom/ThunderLizardSmall	4	2858153	4	.blp:2, .mdx:2
Dota Mod Project/Sources/Packs/DOTA 2 mod/Wardota 2 Compilation V2 - Creative's ArT - 2014/Units/Custom/Tiny	9	2261815	9	.blp:7, .mdx:2
Dota Mod Project/Sources/Packs/DOTA 2 mod/Wardota 2 Compilation V2 - Creative's ArT - 2014/Units/Custom/Troll	13	5341096	13	.blp:9, .mdx:4
Dota Mod Project/Sources/Packs/DOTA 2 mod/Wardota 2 Compilation V2 - Creative's ArT - 2014/Units/Custom/VenWard	2	342924	2	.mdx:1, .blp:1
Dota Mod Project/Sources/Packs/DOTA 2 mod/Wardota 2 Compilation V2 - Creative's ArT - 2014/Units/Custom/Wisp	4	422886	4	.blp:2, .mdx:2
Dota Mod Project/Sources/Packs/DOTA 2 mod/Wardota 2 Compilation V2 - Creative's ArT - 2014/Units/Custom/Xin	15	3317419	15	.blp:12, .mdx:3
Dota Mod Project/Sources/Packs/DOTA 2 mod/Wardota 2 Compilation V2 - Creative's ArT - 2014/Units/Demon	161	46503694	0	.blp:136, .mdx:24, .tga:1
Dota Mod Project/Sources/Packs/DOTA 2 mod/Wardota 2 Compilation V2 - Creative's ArT - 2014/Units/Demon/ChaosHellscream	17	4941474	17	.blp:15, .mdx:2
Dota Mod Project/Sources/Packs/DOTA 2 mod/Wardota 2 Compilation V2 - Creative's ArT - 2014/Units/Demon/ChaosWarlock	9	3145649	9	.blp:7, .mdx:2
Dota Mod Project/Sources/Packs/DOTA 2 mod/Wardota 2 Compilation V2 - Creative's ArT - 2014/Units/Demon/ChaosWarlord	22	4648445	22	.blp:20, .mdx:2
Dota Mod Project/Sources/Packs/DOTA 2 mod/Wardota 2 Compilation V2 - Creative's ArT - 2014/Units/Demon/DemonessBlue	9	2665628	9	.blp:7, .mdx:2
Dota Mod Project/Sources/Packs/DOTA 2 mod/Wardota 2 Compilation V2 - Creative's ArT - 2014/Units/Demon/DoomGuard	18	5641706	18	.blp:16, .mdx:2
Dota Mod Project/Sources/Packs/DOTA 2 mod/Wardota 2 Compilation V2 - Creative's ArT - 2014/Units/Demon/Felgaurd	27	5749016	27	.blp:25, .mdx:2
Dota Mod Project/Sources/Packs/DOTA 2 mod/Wardota 2 Compilation V2 - Creative's ArT - 2014/Units/Demon/FelgaurdBlue	19	5461219	19	.blp:16, .mdx:2, .tga:1
Dota Mod Project/Sources/Packs/DOTA 2 mod/Wardota 2 Compilation V2 - Creative's ArT - 2014/Units/Demon/HeroChaosBladeMaster	12	4774128	12	.blp:10, .mdx:2
Dota Mod Project/Sources/Packs/DOTA 2 mod/Wardota 2 Compilation V2 - Creative's ArT - 2014/Units/Demon/HeroPitlord	11	2833352	11	.blp:9, .mdx:2
Dota Mod Project/Sources/Packs/DOTA 2 mod/Wardota 2 Compilation V2 - Creative's ArT - 2014/Units/Demon/Infernal	4	1072586	4	.blp:2, .mdx:2
Dota Mod Project/Sources/Packs/DOTA 2 mod/Wardota 2 Compilation V2 - Creative's ArT - 2014/Units/Demon/Kiljaeden	9	2356970	9	.blp:7, .mdx:2
Dota Mod Project/Sources/Packs/DOTA 2 mod/Wardota 2 Compilation V2 - Creative's ArT - 2014/Units/Demon/Warlock	4	3213521	4	.blp:2, .mdx:2
Dota Mod Project/Sources/Packs/DOTA 2 mod/Wardota 2 Compilation V2 - Creative's ArT - 2014/Units/Human	119	43723657	0	.blp:88, .mdx:19, .wav:12
Dota Mod Project/Sources/Packs/DOTA 2 mod/Wardota 2 Compilation V2 - Creative's ArT - 2014/Units/Human/Arthas	11	3801579	11	.blp:9, .mdx:2
Dota Mod Project/Sources/Packs/DOTA 2 mod/Wardota 2 Compilation V2 - Creative's ArT - 2014/Units/Human/BloodElfSpellThief	11	2896033	11	.blp:9, .mdx:2
Dota Mod Project/Sources/Packs/DOTA 2 mod/Wardota 2 Compilation V2 - Creative's ArT - 2014/Units/Human/Gyrocopter	14	8020847	14	.blp:12, .mdx:2
Dota Mod Project/Sources/Packs/DOTA 2 mod/Wardota 2 Compilation V2 - Creative's ArT - 2014/Units/Human/HeroArchMage	5	7203433	5	.blp:3, .mdx:2
Dota Mod Project/Sources/Packs/DOTA 2 mod/Wardota 2 Compilation V2 - Creative's ArT - 2014/Units/Human/HeroBloodElf	13	2890192	13	.blp:11, .mdx:2
Dota Mod Project/Sources/Packs/DOTA 2 mod/Wardota 2 Compilation V2 - Creative's ArT - 2014/Units/Human/HeroMountainKing	4	101782	4	.wav:4
Dota Mod Project/Sources/Packs/DOTA 2 mod/Wardota 2 Compilation V2 - Creative's ArT - 2014/Units/Human/Jaina	11	5668957	11	.blp:9, .mdx:2
Dota Mod Project/Sources/Packs/DOTA 2 mod/Wardota 2 Compilation V2 - Creative's ArT - 2014/Units/Human/Peasant	4	1404704	4	.wav:4
Dota Mod Project/Sources/Packs/DOTA 2 mod/Wardota 2 Compilation V2 - Creative's ArT - 2014/Units/Human/Priest	16	2202272	16	.blp:11, .wav:4, .mdx:1
Dota Mod Project/Sources/Packs/DOTA 2 mod/Wardota 2 Compilation V2 - Creative's ArT - 2014/Units/Human/Rifleman	9	1955064	9	.blp:7, .mdx:2
Dota Mod Project/Sources/Packs/DOTA 2 mod/Wardota 2 Compilation V2 - Creative's ArT - 2014/Units/Human/Sorceress	11	4316896	11	.blp:9, .mdx:2
Dota Mod Project/Sources/Packs/DOTA 2 mod/Wardota 2 Compilation V2 - Creative's ArT - 2014/Units/Human/TheCaptain	10	3261898	10	.blp:8, .mdx:2
Dota Mod Project/Sources/Packs/DOTA 2 mod/Wardota 2 Compilation V2 - Creative's ArT - 2014/Units/Naga	34	12609438	0	.blp:28, .mdx:6
Dota Mod Project/Sources/Packs/DOTA 2 mod/Wardota 2 Compilation V2 - Creative's ArT - 2014/Units/Naga/LadyVashj	10	4244702	10	.blp:8, .mdx:2
Dota Mod Project/Sources/Packs/DOTA 2 mod/Wardota 2 Compilation V2 - Creative's ArT - 2014/Units/Naga/NagaRoyalGuard	10	3625971	10	.blp:8, .mdx:2
Dota Mod Project/Sources/Packs/DOTA 2 mod/Wardota 2 Compilation V2 - Creative's ArT - 2014/Units/Naga/NagaSiren	14	4738765	14	.blp:12, .mdx:2
Dota Mod Project/Sources/Packs/DOTA 2 mod/Wardota 2 Compilation V2 - Creative's ArT - 2014/Units/NightElf	139	47641810	0	.blp:104, .mdx:27, .wav:8
Dota Mod Project/Sources/Packs/DOTA 2 mod/Wardota 2 Compilation V2 - Creative's ArT - 2014/Units/NightElf/Ballista	3	1562473	3	.mdx:2, .blp:1
Dota Mod Project/Sources/Packs/DOTA 2 mod/Wardota 2 Compilation V2 - Creative's ArT - 2014/Units/NightElf/Chimaera	4	2678237	4	.blp:2, .mdx:2
Dota Mod Project/Sources/Packs/DOTA 2 mod/Wardota 2 Compilation V2 - Creative's ArT - 2014/Units/NightElf/DruidoftheClaw	11	4616341	11	.blp:9, .mdx:2
Dota Mod Project/Sources/Packs/DOTA 2 mod/Wardota 2 Compilation V2 - Creative's ArT - 2014/Units/NightElf/Dryad	9	3220648	9	.blp:7, .mdx:2
Dota Mod Project/Sources/Packs/DOTA 2 mod/Wardota 2 Compilation V2 - Creative's ArT - 2014/Units/NightElf/Ent	4	1152829	4	.blp:2, .mdx:2
Dota Mod Project/Sources/Packs/DOTA 2 mod/Wardota 2 Compilation V2 - Creative's ArT - 2014/Units/NightElf/EvilIllidan	17	4825150	17	.blp:15, .mdx:2
Dota Mod Project/Sources/Packs/DOTA 2 mod/Wardota 2 Compilation V2 - Creative's ArT - 2014/Units/NightElf/HeroDemonHunter	9	2248001	9	.blp:7, .mdx:2
Dota Mod Project/Sources/Packs/DOTA 2 mod/Wardota 2 Compilation V2 - Creative's ArT - 2014/Units/NightElf/HeroKeeperoftheGroveGhost	10	4377974	10	.blp:8, .mdx:2
Dota Mod Project/Sources/Packs/DOTA 2 mod/Wardota 2 Compilation V2 - Creative's ArT - 2014/Units/NightElf/HeroMoonPriestess	11	3718287	11	.blp:9, .mdx:2
Dota Mod Project/Sources/Packs/DOTA 2 mod/Wardota 2 Compilation V2 - Creative's ArT - 2014/Units/NightElf/HeroWarden	19	3992934	19	.blp:17, .mdx:2
Dota Mod Project/Sources/Packs/DOTA 2 mod/Wardota 2 Compilation V2 - Creative's ArT - 2014/Units/NightElf/Huntress	10	5985829	10	.blp:8, .mdx:2
Dota Mod Project/Sources/Packs/DOTA 2 mod/Wardota 2 Compilation V2 - Creative's ArT - 2014/Units/NightElf/Malfurion	13	4070775	13	.blp:11, .mdx:2
Dota Mod Project/Sources/Packs/DOTA 2 mod/Wardota 2 Compilation V2 - Creative's ArT - 2014/Units/NightElf/Vengeance	10	2382528	10	.blp:8, .mdx:2
Dota Mod Project/Sources/Packs/DOTA 2 mod/Wardota 2 Compilation V2 - Creative's ArT - 2014/Units/NightElf/Wisp	4	1053924	4	.wav:3, .mdx:1
Dota Mod Project/Sources/Packs/DOTA 2 mod/Wardota 2 Compilation V2 - Creative's ArT - 2014/Units/NightElf/runner	5	1755880	5	.wav:5
Dota Mod Project/Sources/Packs/DOTA 2 mod/Wardota 2 Compilation V2 - Creative's ArT - 2014/Units/Orc	171	47181197	0	.blp:137, .mdx:33, .lnk:1
Dota Mod Project/Sources/Packs/DOTA 2 mod/Wardota 2 Compilation V2 - Creative's ArT - 2014/Units/Orc/BatTroll	8	2925924	8	.blp:6, .mdx:2
Dota Mod Project/Sources/Packs/DOTA 2 mod/Wardota 2 Compilation V2 - Creative's ArT - 2014/Units/Orc/HeadHunter	13	4780035	13	.blp:11, .mdx:2
Dota Mod Project/Sources/Packs/DOTA 2 mod/Wardota 2 Compilation V2 - Creative's ArT - 2014/Units/Orc/HealingWard	6	279685	6	.blp:5, .mdx:1
Dota Mod Project/Sources/Packs/DOTA 2 mod/Wardota 2 Compilation V2 - Creative's ArT - 2014/Units/Orc/HeroFarSeer	12	1875831	12	.blp:10, .mdx:2
Dota Mod Project/Sources/Packs/DOTA 2 mod/Wardota 2 Compilation V2 - Creative's ArT - 2014/Units/Orc/HeroShadowHunter	10	2677765	10	.blp:8, .mdx:2
Dota Mod Project/Sources/Packs/DOTA 2 mod/Wardota 2 Compilation V2 - Creative's ArT - 2014/Units/Orc/HeroTaurenChieftain	14	5357566	14	.blp:12, .mdx:2
Dota Mod Project/Sources/Packs/DOTA 2 mod/Wardota 2 Compilation V2 - Creative's ArT - 2014/Units/Orc/OrcWarlockGuldan	30	5715398	18	.blp:25, .mdx:4, .lnk:1
Dota Mod Project/Sources/Packs/DOTA 2 mod/Wardota 2 Compilation V2 - Creative's ArT - 2014/Units/Orc/OrcWarlockGuldan/HeroTaurenChieftain	12	3096260	12	.blp:9, .mdx:2, .lnk:1
Dota Mod Project/Sources/Packs/DOTA 2 mod/Wardota 2 Compilation V2 - Creative's ArT - 2014/Units/Orc/SentryWard	4	942064	4	.blp:2, .mdx:2
Dota Mod Project/Sources/Packs/DOTA 2 mod/Wardota 2 Compilation V2 - Creative's ArT - 2014/Units/Orc/Shaman	11	3901521	11	.blp:9, .mdx:2
Dota Mod Project/Sources/Packs/DOTA 2 mod/Wardota 2 Compilation V2 - Creative's ArT - 2014/Units/Orc/SpiritWalker	17	5060481	17	.blp:15, .mdx:2
Dota Mod Project/Sources/Packs/DOTA 2 mod/Wardota 2 Compilation V2 - Creative's ArT - 2014/Units/Orc/SpiritWolf	4	1708809	4	.mdx:2, .blp:2
Dota Mod Project/Sources/Packs/DOTA 2 mod/Wardota 2 Compilation V2 - Creative's ArT - 2014/Units/Orc/SpiritWyvern	7	1901160	7	.blp:5, .mdx:2
Dota Mod Project/Sources/Packs/DOTA 2 mod/Wardota 2 Compilation V2 - Creative's ArT - 2014/Units/Orc/Tauren	7	2075652	7	.blp:5, .mdx:2
Dota Mod Project/Sources/Packs/DOTA 2 mod/Wardota 2 Compilation V2 - Creative's ArT - 2014/Units/Orc/Thrall	15	3139279	15	.blp:13, .mdx:2
Dota Mod Project/Sources/Packs/DOTA 2 mod/Wardota 2 Compilation V2 - Creative's ArT - 2014/Units/Orc/WatcherWard	4	944444	4	.blp:2, .mdx:2
Dota Mod Project/Sources/Packs/DOTA 2 mod/Wardota 2 Compilation V2 - Creative's ArT - 2014/Units/Orc/WitchDoctor	9	3895583	9	.blp:7, .mdx:2
Dota Mod Project/Sources/Packs/DOTA 2 mod/Wardota 2 Compilation V2 - Creative's ArT - 2014/Units/Other	39	16660751	0	.blp:27, .mdx:12
Dota Mod Project/Sources/Packs/DOTA 2 mod/Wardota 2 Compilation V2 - Creative's ArT - 2014/Units/Other/DalaranMutant	5	1834690	5	.mdx:4, .blp:1
Dota Mod Project/Sources/Packs/DOTA 2 mod/Wardota 2 Compilation V2 - Creative's ArT - 2014/Units/Other/DranaiMage	9	3010494	9	.blp:7, .mdx:2
Dota Mod Project/Sources/Packs/DOTA 2 mod/Wardota 2 Compilation V2 - Creative's ArT - 2014/Units/Other/FleshGolem	5	3739150	5	.blp:3, .mdx:2
Dota Mod Project/Sources/Packs/DOTA 2 mod/Wardota 2 Compilation V2 - Creative's ArT - 2014/Units/Other/HeroArchMageGhost	2	4357931	2	.mdx:2
Dota Mod Project/Sources/Packs/DOTA 2 mod/Wardota 2 Compilation V2 - Creative's ArT - 2014/Units/Other/Proudmoore	18	3718486	18	.blp:16, .mdx:2
Dota Mod Project/Sources/Packs/DOTA 2 mod/Wardota 2 Compilation V2 - Creative's ArT - 2014/Units/Undead	149	47454834	0	.blp:114, .mdx:22, .wav:13
Dota Mod Project/Sources/Packs/DOTA 2 mod/Wardota 2 Compilation V2 - Creative's ArT - 2014/Units/Undead/Abomination	19	5153375	19	.blp:17, .mdx:2
Dota Mod Project/Sources/Packs/DOTA 2 mod/Wardota 2 Compilation V2 - Creative's ArT - 2014/Units/Undead/Acolyte	13	324470	13	.wav:13
Dota Mod Project/Sources/Packs/DOTA 2 mod/Wardota 2 Compilation V2 - Creative's ArT - 2014/Units/Undead/Banshee	13	4429362	13	.blp:11, .mdx:2
Dota Mod Project/Sources/Packs/DOTA 2 mod/Wardota 2 Compilation V2 - Creative's ArT - 2014/Units/Undead/FrostWyrm	7	4602697	7	.blp:5, .mdx:2
Dota Mod Project/Sources/Packs/DOTA 2 mod/Wardota 2 Compilation V2 - Creative's ArT - 2014/Units/Undead/Gargoyle	8	1535338	8	.blp:6, .mdx:2
Dota Mod Project/Sources/Packs/DOTA 2 mod/Wardota 2 Compilation V2 - Creative's ArT - 2014/Units/Undead/HeroCryptLord	15	4215957	15	.blp:13, .mdx:2
Dota Mod Project/Sources/Packs/DOTA 2 mod/Wardota 2 Compilation V2 - Creative's ArT - 2014/Units/Undead/HeroDeathKnight	18	7129125	18	.blp:16, .mdx:2
Dota Mod Project/Sources/Packs/DOTA 2 mod/Wardota 2 Compilation V2 - Creative's ArT - 2014/Units/Undead/KelthuzadGhost	14	5007909	14	.blp:12, .mdx:2
Dota Mod Project/Sources/Packs/DOTA 2 mod/Wardota 2 Compilation V2 - Creative's ArT - 2014/Units/Undead/Meatwagon	5	1165046	5	.blp:3, .mdx:2
Dota Mod Project/Sources/Packs/DOTA 2 mod/Wardota 2 Compilation V2 - Creative's ArT - 2014/Units/Undead/ObsidianStatue	19	7106707	19	.blp:17, .mdx:2
Dota Mod Project/Sources/Packs/DOTA 2 mod/Wardota 2 Compilation V2 - Creative's ArT - 2014/Units/Undead/SkeletonMage	8	3716350	8	.blp:6, .mdx:2
Dota Mod Project/Sources/Packs/DOTA 2 mod/Wardota 2 Compilation V2 - Creative's ArT - 2014/Units/Undead/Tichondrius	10	3068498	10	.blp:8, .mdx:2
Dota Mod Project/Tools	10645	101316242	0	.png:3595, .blp:3580, .txt:2543, .json:875, .mdx:15, .py:8, (none):8, .md:7
Dota Mod Project/Tools/HeroWorkshop	40	30966985	18	.png:8, .json:7, .md:6, .py:5, .zip:3, .txt:3, (none):3, .swift:2
Dota Mod Project/Tools/HeroWorkshop/HeroWorkshopUI	2	30013	1	.swift:2
Dota Mod Project/Tools/HeroWorkshop/HeroWorkshopUI/Sources	1	29817	0	.swift:1
Dota Mod Project/Tools/HeroWorkshop/HeroWorkshopUI/Sources/HeroWorkshopUI	1	29817	1	.swift:1
Dota Mod Project/Tools/HeroWorkshop/HeroWorkshop_inventory	7	25120070	7	.md:4, .tsv:2, .json:1
Dota Mod Project/Tools/HeroWorkshop/assets	9	68374	0	.png:8, (none):1
Dota Mod Project/Tools/HeroWorkshop/assets/icons	9	68374	1	.png:8, (none):1
Dota Mod Project/Tools/HeroWorkshop/assets/icons/heroes	8	68373	0	.png:8
Dota Mod Project/Tools/HeroWorkshop/assets/icons/heroes/Kunkka__H06S	8	68373	0	.png:8
Dota Mod Project/Tools/HeroWorkshop/assets/icons/heroes/Kunkka__H06S/slots	8	68373	0	.png:8
Dota Mod Project/Tools/HeroWorkshop/assets/icons/heroes/Kunkka__H06S/slots/01_A136	2	15039	2	.png:2
Dota Mod Project/Tools/HeroWorkshop/assets/icons/heroes/Kunkka__H06S/slots/02_A13T	2	18586	2	.png:2
Dota Mod Project/Tools/HeroWorkshop/assets/icons/heroes/Kunkka__H06S/slots/03_Z008	2	14714	2	.png:2
Dota Mod Project/Tools/HeroWorkshop/assets/icons/heroes/Kunkka__H06S/slots/04_A11K	2	20034	2	.png:2
Dota Mod Project/Tools/HeroWorkshop/data	2	28993	2	.json:2
Dota Mod Project/Tools/HeroWorkshop/tools	2	1023808	2	(none):2
Dota Mod Project/Tools/HeroWorkshop2	10605	70349257	12	.png:3587, .blp:3580, .txt:2540, .json:868, .mdx:15, (none):5, .py:3, .swift:2
Dota Mod Project/Tools/HeroWorkshop2/HeroWorkshopUI	2	30013	1	.swift:2
Dota Mod Project/Tools/HeroWorkshop2/HeroWorkshopUI/Sources	1	29817	0	.swift:1
Dota Mod Project/Tools/HeroWorkshop2/HeroWorkshopUI/Sources/HeroWorkshopUI	1	29817	1	.swift:1
Dota Mod Project/Tools/HeroWorkshop2/assets	7186	68915538	0	.png:3587, .blp:3580, .mdx:15, .slk:2, (none):1, .fdf:1
Dota Mod Project/Tools/HeroWorkshop2/assets/icons	7186	68915538	1	.png:3587, .blp:3580, .mdx:15, .slk:2, (none):1, .fdf:1
Dota Mod Project/Tools/HeroWorkshop2/assets/icons/catalog	7177	68847164	0	.blp:3580, .png:3579, .mdx:15, .slk:2, .fdf:1
Dota Mod Project/Tools/HeroWorkshop2/assets/icons/catalog/current-map	1828	20968310	0	.blp:909, .png:908, .mdx:11
Dota Mod Project/Tools/HeroWorkshop2/assets/icons/catalog/current-map/command-buttons	1540	9944762	0	.blp:770, .png:770
Dota Mod Project/Tools/HeroWorkshop2/assets/icons/catalog/current-map/command-buttons/blp	770	3414123	770	.blp:770
Dota Mod Project/Tools/HeroWorkshop2/assets/icons/catalog/current-map/command-buttons/png	770	6530639	770	.png:770
Dota Mod Project/Tools/HeroWorkshop2/assets/icons/catalog/current-map/ui-assets	288	11023548	0	.blp:139, .png:138, .mdx:11
Dota Mod Project/Tools/HeroWorkshop2/assets/icons/catalog/current-map/ui-assets/Interface	1	6204	1	.mdx:1
Dota Mod Project/Tools/HeroWorkshop2/assets/icons/catalog/current-map/ui-assets/PassiveButtons	6	40115	6	.blp:3, .png:3
Dota Mod Project/Tools/HeroWorkshop2/assets/icons/catalog/current-map/ui-assets/UI	281	10977229	0	.blp:136, .png:135, .mdx:10
Dota Mod Project/Tools/HeroWorkshop2/assets/icons/catalog/current-map/ui-assets/UI/Buttons	1	4226	0	.mdx:1
Dota Mod Project/Tools/HeroWorkshop2/assets/icons/catalog/current-map/ui-assets/UI/Buttons/HeroLevel	1	4226	1	.mdx:1
Dota Mod Project/Tools/HeroWorkshop2/assets/icons/catalog/current-map/ui-assets/UI/Console	52	7126219	0	.blp:25, .png:24, .mdx:3
Dota Mod Project/Tools/HeroWorkshop2/assets/icons/catalog/current-map/ui-assets/UI/Console/Human	13	1830310	13	.blp:6, .png:6, .mdx:1
Dota Mod Project/Tools/HeroWorkshop2/assets/icons/catalog/current-map/ui-assets/UI/Console/NightElf	19	2559861	19	.blp:9, .png:9, .mdx:1
Dota Mod Project/Tools/HeroWorkshop2/assets/icons/catalog/current-map/ui-assets/UI/Console/Undead	20	2736048	20	.blp:10, .png:9, .mdx:1
Dota Mod Project/Tools/HeroWorkshop2/assets/icons/catalog/current-map/ui-assets/UI/Cursor	8	1457037	8	.blp:4, .png:4
Dota Mod Project/Tools/HeroWorkshop2/assets/icons/catalog/current-map/ui-assets/UI/Feedback	36	824015	0	.blp:15, .png:15, .mdx:6
Dota Mod Project/Tools/HeroWorkshop2/assets/icons/catalog/current-map/ui-assets/UI/Feedback/Confirmation	5	612329	5	.blp:2, .png:2, .mdx:1
Dota Mod Project/Tools/HeroWorkshop2/assets/icons/catalog/current-map/ui-assets/UI/Feedback/Cooldown	1	34968	1	.mdx:1
Dota Mod Project/Tools/HeroWorkshop2/assets/icons/catalog/current-map/ui-assets/UI/Feedback/HPBarConsole	5	24968	5	.blp:2, .png:2, .mdx:1
Dota Mod Project/Tools/HeroWorkshop2/assets/icons/catalog/current-map/ui-assets/UI/Feedback/HPBarConsoleSmall	7	56930	7	.blp:3, .png:3, .mdx:1
Dota Mod Project/Tools/HeroWorkshop2/assets/icons/catalog/current-map/ui-assets/UI/Feedback/ManaBarConsole	3	13600	3	.mdx:1, .blp:1, .png:1
Dota Mod Project/Tools/HeroWorkshop2/assets/icons/catalog/current-map/ui-assets/UI/Feedback/ManaBarConsoleSmall	7	56594	7	.blp:3, .png:3, .mdx:1
Dota Mod Project/Tools/HeroWorkshop2/assets/icons/catalog/current-map/ui-assets/UI/Feedback/Resources	2	8746	2	.blp:1, .png:1
Dota Mod Project/Tools/HeroWorkshop2/assets/icons/catalog/current-map/ui-assets/UI/Feedback/XpBar	6	15880	6	.blp:3, .png:3
Dota Mod Project/Tools/HeroWorkshop2/assets/icons/catalog/current-map/ui-assets/UI/Minimap	6	13936	6	.blp:3, .png:3
Dota Mod Project/Tools/HeroWorkshop2/assets/icons/catalog/current-map/ui-assets/UI/Widgets	178	1551796	0	.blp:89, .png:89
Dota Mod Project/Tools/HeroWorkshop2/assets/icons/catalog/current-map/ui-assets/UI/Widgets/Console	174	1382446	0	.blp:87, .png:87
Dota Mod Project/Tools/HeroWorkshop2/assets/icons/catalog/current-map/ui-assets/UI/Widgets/Console/Human	162	1255666	152	.blp:81, .png:81
Dota Mod Project/Tools/HeroWorkshop2/assets/icons/catalog/current-map/ui-assets/UI/Widgets/Console/Human/CommandButton	10	52407	10	.blp:5, .png:5
Dota Mod Project/Tools/HeroWorkshop2/assets/icons/catalog/current-map/ui-assets/UI/Widgets/Console/NightElf	4	42260	4	.blp:2, .png:2
Dota Mod Project/Tools/HeroWorkshop2/assets/icons/catalog/current-map/ui-assets/UI/Widgets/Console/Orc	4	42260	4	.blp:2, .png:2
Dota Mod Project/Tools/HeroWorkshop2/assets/icons/catalog/current-map/ui-assets/UI/Widgets/Console/Undead	4	42260	4	.blp:2, .png:2
Dota Mod Project/Tools/HeroWorkshop2/assets/icons/catalog/current-map/ui-assets/UI/Widgets/ToolTips	4	169350	0	.blp:2, .png:2
Dota Mod Project/Tools/HeroWorkshop2/assets/icons/catalog/current-map/ui-assets/UI/Widgets/ToolTips/Human	4	169350	4	.blp:2, .png:2
Dota Mod Project/Tools/HeroWorkshop2/assets/icons/catalog/sources	5349	47878854	0	.blp:2671, .png:2671, .mdx:4, .slk:2, .fdf:1
Dota Mod Project/Tools/HeroWorkshop2/assets/icons/catalog/sources/icon-audit	5238	36082553	0	.blp:2619, .png:2619
Dota Mod Project/Tools/HeroWorkshop2/assets/icons/catalog/sources/icon-audit/Heroes	1920	13130778	0	.blp:960, .png:960
Dota Mod Project/Tools/HeroWorkshop2/assets/icons/catalog/sources/icon-audit/Heroes/Abaddon	18	109551	0	.blp:9, .png:9
Dota Mod Project/Tools/HeroWorkshop2/assets/icons/catalog/sources/icon-audit/Heroes/Abaddon/114_Heroes_Icons	18	109551	0	.blp:9, .png:9
Dota Mod Project/Tools/HeroWorkshop2/assets/icons/catalog/sources/icon-audit/Heroes/Abaddon/114_Heroes_Icons/ReplaceableTextures	18	109551	0	.blp:9, .png:9
Dota Mod Project/Tools/HeroWorkshop2/assets/icons/catalog/sources/icon-audit/Heroes/Abaddon/114_Heroes_Icons/ReplaceableTextures/CommandButtons	8	55714	8	.blp:4, .png:4
Dota Mod Project/Tools/HeroWorkshop2/assets/icons/catalog/sources/icon-audit/Heroes/Abaddon/114_Heroes_Icons/ReplaceableTextures/CommandButtonsDisabled	8	40628	8	.blp:4, .png:4
Dota Mod Project/Tools/HeroWorkshop2/assets/icons/catalog/sources/icon-audit/Heroes/Abaddon/114_Heroes_Icons/ReplaceableTextures/PassiveButtons	2	13209	2	.blp:1, .png:1
Dota Mod Project/Tools/HeroWorkshop2/assets/icons/catalog/sources/icon-audit/Heroes/Alchemist	12	95252	0	.blp:6, .png:6
Dota Mod Project/Tools/HeroWorkshop2/assets/icons/catalog/sources/icon-audit/Heroes/Alchemist/114_Heroes_Icons	4	27595	0	.blp:2, .png:2
Dota Mod Project/Tools/HeroWorkshop2/assets/icons/catalog/sources/icon-audit/Heroes/Alchemist/114_Heroes_Icons/ReplaceableTextures	4	27595	0	.blp:2, .png:2
Dota Mod Project/Tools/HeroWorkshop2/assets/icons/catalog/sources/icon-audit/Heroes/Alchemist/114_Heroes_Icons/ReplaceableTextures/CommandButtons	2	15348	2	.blp:1, .png:1
Dota Mod Project/Tools/HeroWorkshop2/assets/icons/catalog/sources/icon-audit/Heroes/Alchemist/114_Heroes_Icons/ReplaceableTextures/CommandButtonsDisabled	2	12247	2	.blp:1, .png:1
Dota Mod Project/Tools/HeroWorkshop2/assets/icons/catalog/sources/icon-audit/Heroes/Alchemist/Dota_1_5	8	67657	0	.blp:4, .png:4
Dota Mod Project/Tools/HeroWorkshop2/assets/icons/catalog/sources/icon-audit/Heroes/Alchemist/Dota_1_5/ReplaceableTextures	8	67657	0	.blp:4, .png:4
Dota Mod Project/Tools/HeroWorkshop2/assets/icons/catalog/sources/icon-audit/Heroes/Alchemist/Dota_1_5/ReplaceableTextures/CommandButtons	4	39034	4	.blp:2, .png:2
Dota Mod Project/Tools/HeroWorkshop2/assets/icons/catalog/sources/icon-audit/Heroes/Alchemist/Dota_1_5/ReplaceableTextures/CommandButtonsDisabled	4	28623	4	.blp:2, .png:2
Dota Mod Project/Tools/HeroWorkshop2/assets/icons/catalog/sources/icon-audit/Heroes/Ancient Apparition	12	79828	0	.blp:6, .png:6
Dota Mod Project/Tools/HeroWorkshop2/assets/icons/catalog/sources/icon-audit/Heroes/Ancient Apparition/114_Heroes_Icons	12	79828	0	.blp:6, .png:6
Dota Mod Project/Tools/HeroWorkshop2/assets/icons/catalog/sources/icon-audit/Heroes/Ancient Apparition/114_Heroes_Icons/ReplaceableTextures	12	79828	0	.blp:6, .png:6
Dota Mod Project/Tools/HeroWorkshop2/assets/icons/catalog/sources/icon-audit/Heroes/Ancient Apparition/114_Heroes_Icons/ReplaceableTextures/CommandButtons	6	44709	6	.blp:3, .png:3
Dota Mod Project/Tools/HeroWorkshop2/assets/icons/catalog/sources/icon-audit/Heroes/Ancient Apparition/114_Heroes_Icons/ReplaceableTextures/CommandButtonsDisabled	6	35119	6	.blp:3, .png:3
Dota Mod Project/Tools/HeroWorkshop2/assets/icons/catalog/sources/icon-audit/Heroes/Anti-Mage	10	104792	0	.blp:5, .png:5
Dota Mod Project/Tools/HeroWorkshop2/assets/icons/catalog/sources/icon-audit/Heroes/Anti-Mage/114_Heroes_Icons	10	104792	0	.blp:5, .png:5
Dota Mod Project/Tools/HeroWorkshop2/assets/icons/catalog/sources/icon-audit/Heroes/Anti-Mage/114_Heroes_Icons/ReplaceableTextures	10	104792	0	.blp:5, .png:5
Dota Mod Project/Tools/HeroWorkshop2/assets/icons/catalog/sources/icon-audit/Heroes/Anti-Mage/114_Heroes_Icons/ReplaceableTextures/CommandButtons	4	46122	4	.blp:2, .png:2
Dota Mod Project/Tools/HeroWorkshop2/assets/icons/catalog/sources/icon-audit/Heroes/Anti-Mage/114_Heroes_Icons/ReplaceableTextures/CommandButtonsDisabled	4	37285	4	.blp:2, .png:2
Dota Mod Project/Tools/HeroWorkshop2/assets/icons/catalog/sources/icon-audit/Heroes/Anti-Mage/114_Heroes_Icons/ReplaceableTextures/PassiveButtons	2	21385	2	.blp:1, .png:1
Dota Mod Project/Tools/HeroWorkshop2/assets/icons/catalog/sources/icon-audit/Heroes/Axe	50	336330	0	.blp:25, .png:25
Dota Mod Project/Tools/HeroWorkshop2/assets/icons/catalog/sources/icon-audit/Heroes/Axe/114_Heroes_Icons	30	179145	0	.blp:15, .png:15
Dota Mod Project/Tools/HeroWorkshop2/assets/icons/catalog/sources/icon-audit/Heroes/Axe/114_Heroes_Icons/ReplaceableTextures	30	179145	0	.blp:15, .png:15
Dota Mod Project/Tools/HeroWorkshop2/assets/icons/catalog/sources/icon-audit/Heroes/Axe/114_Heroes_Icons/ReplaceableTextures/CommandButtons	14	96524	14	.blp:7, .png:7
Dota Mod Project/Tools/HeroWorkshop2/assets/icons/catalog/sources/icon-audit/Heroes/Axe/114_Heroes_Icons/ReplaceableTextures/CommandButtonsDisabled	14	69716	14	.blp:7, .png:7
Dota Mod Project/Tools/HeroWorkshop2/assets/icons/catalog/sources/icon-audit/Heroes/Axe/114_Heroes_Icons/ReplaceableTextures/PassiveButtons	2	12905	2	.blp:1, .png:1
Dota Mod Project/Tools/HeroWorkshop2/assets/icons/catalog/sources/icon-audit/Heroes/Axe/Dota_1_5	20	157185	0	.blp:10, .png:10
Dota Mod Project/Tools/HeroWorkshop2/assets/icons/catalog/sources/icon-audit/Heroes/Axe/Dota_1_5/ReplaceableTextures	20	157185	0	.blp:10, .png:10
Dota Mod Project/Tools/HeroWorkshop2/assets/icons/catalog/sources/icon-audit/Heroes/Axe/Dota_1_5/ReplaceableTextures/CommandButtons	8	77139	8	.blp:4, .png:4
Dota Mod Project/Tools/HeroWorkshop2/assets/icons/catalog/sources/icon-audit/Heroes/Axe/Dota_1_5/ReplaceableTextures/CommandButtonsDisabled	12	80046	12	.blp:6, .png:6
Dota Mod Project/Tools/HeroWorkshop2/assets/icons/catalog/sources/icon-audit/Heroes/Bane	8	49163	0	.blp:4, .png:4
Dota Mod Project/Tools/HeroWorkshop2/assets/icons/catalog/sources/icon-audit/Heroes/Bane/114_Heroes_Icons	8	49163	0	.blp:4, .png:4
Dota Mod Project/Tools/HeroWorkshop2/assets/icons/catalog/sources/icon-audit/Heroes/Bane/114_Heroes_Icons/ReplaceableTextures	8	49163	0	.blp:4, .png:4
Dota Mod Project/Tools/HeroWorkshop2/assets/icons/catalog/sources/icon-audit/Heroes/Bane/114_Heroes_Icons/ReplaceableTextures/CommandButtons	4	28187	4	.blp:2, .png:2
Dota Mod Project/Tools/HeroWorkshop2/assets/icons/catalog/sources/icon-audit/Heroes/Bane/114_Heroes_Icons/ReplaceableTextures/CommandButtonsDisabled	4	20976	4	.blp:2, .png:2
Dota Mod Project/Tools/HeroWorkshop2/assets/icons/catalog/sources/icon-audit/Heroes/Batrider	12	78466	0	.blp:6, .png:6
Dota Mod Project/Tools/HeroWorkshop2/assets/icons/catalog/sources/icon-audit/Heroes/Batrider/114_Heroes_Icons	4	21577	0	.blp:2, .png:2
Dota Mod Project/Tools/HeroWorkshop2/assets/icons/catalog/sources/icon-audit/Heroes/Batrider/114_Heroes_Icons/ReplaceableTextures	4	21577	0	.blp:2, .png:2
Dota Mod Project/Tools/HeroWorkshop2/assets/icons/catalog/sources/icon-audit/Heroes/Batrider/114_Heroes_Icons/ReplaceableTextures/CommandButtons	2	13085	2	.blp:1, .png:1
Dota Mod Project/Tools/HeroWorkshop2/assets/icons/catalog/sources/icon-audit/Heroes/Batrider/114_Heroes_Icons/ReplaceableTextures/CommandButtonsDisabled	2	8492	2	.blp:1, .png:1
Dota Mod Project/Tools/HeroWorkshop2/assets/icons/catalog/sources/icon-audit/Heroes/Batrider/Dota_1_5	8	56889	0	.blp:4, .png:4
Dota Mod Project/Tools/HeroWorkshop2/assets/icons/catalog/sources/icon-audit/Heroes/Batrider/Dota_1_5/ReplaceableTextures	8	56889	0	.blp:4, .png:4
Dota Mod Project/Tools/HeroWorkshop2/assets/icons/catalog/sources/icon-audit/Heroes/Batrider/Dota_1_5/ReplaceableTextures/CommandButtons	4	34133	4	.blp:2, .png:2
Dota Mod Project/Tools/HeroWorkshop2/assets/icons/catalog/sources/icon-audit/Heroes/Batrider/Dota_1_5/ReplaceableTextures/CommandButtonsDisabled	4	22756	4	.blp:2, .png:2
Dota Mod Project/Tools/HeroWorkshop2/assets/icons/catalog/sources/icon-audit/Heroes/Beastmaster	4	26370	0	.blp:2, .png:2
Dota Mod Project/Tools/HeroWorkshop2/assets/icons/catalog/sources/icon-audit/Heroes/Beastmaster/Dota_1_5	4	26370	0	.blp:2, .png:2
Dota Mod Project/Tools/HeroWorkshop2/assets/icons/catalog/sources/icon-audit/Heroes/Beastmaster/Dota_1_5/ReplaceableTextures	4	26370	0	.blp:2, .png:2
Dota Mod Project/Tools/HeroWorkshop2/assets/icons/catalog/sources/icon-audit/Heroes/Beastmaster/Dota_1_5/ReplaceableTextures/CommandButtons	2	14766	2	.blp:1, .png:1
Dota Mod Project/Tools/HeroWorkshop2/assets/icons/catalog/sources/icon-audit/Heroes/Beastmaster/Dota_1_5/ReplaceableTextures/CommandButtonsDisabled	2	11604	2	.blp:1, .png:1
Dota Mod Project/Tools/HeroWorkshop2/assets/icons/catalog/sources/icon-audit/Heroes/Bounty Hunter	10	59200	0	.blp:5, .png:5
Dota Mod Project/Tools/HeroWorkshop2/assets/icons/catalog/sources/icon-audit/Heroes/Bounty Hunter/114_Heroes_Icons	6	34734	0	.blp:3, .png:3
Dota Mod Project/Tools/HeroWorkshop2/assets/icons/catalog/sources/icon-audit/Heroes/Bounty Hunter/114_Heroes_Icons/ReplaceableTextures	6	34734	0	.blp:3, .png:3
Dota Mod Project/Tools/HeroWorkshop2/assets/icons/catalog/sources/icon-audit/Heroes/Bounty Hunter/114_Heroes_Icons/ReplaceableTextures/CommandButtons	2	12526	2	.blp:1, .png:1
Dota Mod Project/Tools/HeroWorkshop2/assets/icons/catalog/sources/icon-audit/Heroes/Bounty Hunter/114_Heroes_Icons/ReplaceableTextures/CommandButtonsDisabled	2	9682	2	.blp:1, .png:1
Dota Mod Project/Tools/HeroWorkshop2/assets/icons/catalog/sources/icon-audit/Heroes/Bounty Hunter/114_Heroes_Icons/ReplaceableTextures/PassiveButtons	2	12526	2	.blp:1, .png:1
Dota Mod Project/Tools/HeroWorkshop2/assets/icons/catalog/sources/icon-audit/Heroes/Bounty Hunter/Dota_1_5	4	24466	0	.blp:2, .png:2
Dota Mod Project/Tools/HeroWorkshop2/assets/icons/catalog/sources/icon-audit/Heroes/Bounty Hunter/Dota_1_5/ReplaceableTextures	4	24466	0	.blp:2, .png:2
Dota Mod Project/Tools/HeroWorkshop2/assets/icons/catalog/sources/icon-audit/Heroes/Bounty Hunter/Dota_1_5/ReplaceableTextures/CommandButtons	2	14784	2	.blp:1, .png:1
Dota Mod Project/Tools/HeroWorkshop2/assets/icons/catalog/sources/icon-audit/Heroes/Bounty Hunter/Dota_1_5/ReplaceableTextures/CommandButtonsDisabled	2	9682	2	.blp:1, .png:1
Dota Mod Project/Tools/HeroWorkshop2/assets/icons/catalog/sources/icon-audit/Heroes/Bristleback	12	72017	0	.blp:6, .png:6
Dota Mod Project/Tools/HeroWorkshop2/assets/icons/catalog/sources/icon-audit/Heroes/Bristleback/114_Heroes_Icons	8	45258	0	.blp:4, .png:4
Dota Mod Project/Tools/HeroWorkshop2/assets/icons/catalog/sources/icon-audit/Heroes/Bristleback/114_Heroes_Icons/ReplaceableTextures	8	45258	0	.blp:4, .png:4
Dota Mod Project/Tools/HeroWorkshop2/assets/icons/catalog/sources/icon-audit/Heroes/Bristleback/114_Heroes_Icons/ReplaceableTextures/CommandButtons	4	27254	4	.blp:2, .png:2
Dota Mod Project/Tools/HeroWorkshop2/assets/icons/catalog/sources/icon-audit/Heroes/Bristleback/114_Heroes_Icons/ReplaceableTextures/CommandButtonsDisabled	4	18004	4	.blp:2, .png:2
Dota Mod Project/Tools/HeroWorkshop2/assets/icons/catalog/sources/icon-audit/Heroes/Bristleback/Dota_1_5	4	26759	0	.blp:2, .png:2
Dota Mod Project/Tools/HeroWorkshop2/assets/icons/catalog/sources/icon-audit/Heroes/Bristleback/Dota_1_5/ReplaceableTextures	4	26759	0	.blp:2, .png:2
Dota Mod Project/Tools/HeroWorkshop2/assets/icons/catalog/sources/icon-audit/Heroes/Bristleback/Dota_1_5/ReplaceableTextures/CommandButtons	2	16946	2	.blp:1, .png:1
Dota Mod Project/Tools/HeroWorkshop2/assets/icons/catalog/sources/icon-audit/Heroes/Bristleback/Dota_1_5/ReplaceableTextures/CommandButtonsDisabled	2	9813	2	.blp:1, .png:1
Dota Mod Project/Tools/HeroWorkshop2/assets/icons/catalog/sources/icon-audit/Heroes/Broodmother	12	77316	0	.blp:6, .png:6
Dota Mod Project/Tools/HeroWorkshop2/assets/icons/catalog/sources/icon-audit/Heroes/Broodmother/114_Heroes_Icons	12	77316	0	.blp:6, .png:6
Dota Mod Project/Tools/HeroWorkshop2/assets/icons/catalog/sources/icon-audit/Heroes/Broodmother/114_Heroes_Icons/ReplaceableTextures	12	77316	0	.blp:6, .png:6
Dota Mod Project/Tools/HeroWorkshop2/assets/icons/catalog/sources/icon-audit/Heroes/Broodmother/114_Heroes_Icons/ReplaceableTextures/CommandButtons	6	44977	6	.blp:3, .png:3
Dota Mod Project/Tools/HeroWorkshop2/assets/icons/catalog/sources/icon-audit/Heroes/Broodmother/114_Heroes_Icons/ReplaceableTextures/CommandButtonsDisabled	6	32339	6	.blp:3, .png:3
Dota Mod Project/Tools/HeroWorkshop2/assets/icons/catalog/sources/icon-audit/Heroes/Centaur Warrunner	16	95004	0	.blp:8, .png:8
Dota Mod Project/Tools/HeroWorkshop2/assets/icons/catalog/sources/icon-audit/Heroes/Centaur Warrunner/114_Heroes_Icons	12	68546	0	.blp:6, .png:6
Dota Mod Project/Tools/HeroWorkshop2/assets/icons/catalog/sources/icon-audit/Heroes/Centaur Warrunner/114_Heroes_Icons/ReplaceableTextures	12	68546	0	.blp:6, .png:6
Dota Mod Project/Tools/HeroWorkshop2/assets/icons/catalog/sources/icon-audit/Heroes/Centaur Warrunner/114_Heroes_Icons/ReplaceableTextures/CommandButtons	6	40462	6	.blp:3, .png:3
Dota Mod Project/Tools/HeroWorkshop2/assets/icons/catalog/sources/icon-audit/Heroes/Centaur Warrunner/114_Heroes_Icons/ReplaceableTextures/CommandButtonsDisabled	6	28084	6	.blp:3, .png:3
Dota Mod Project/Tools/HeroWorkshop2/assets/icons/catalog/sources/icon-audit/Heroes/Centaur Warrunner/Dota_1_5	4	26458	0	.blp:2, .png:2
Dota Mod Project/Tools/HeroWorkshop2/assets/icons/catalog/sources/icon-audit/Heroes/Centaur Warrunner/Dota_1_5/ReplaceableTextures	4	26458	0	.blp:2, .png:2
Dota Mod Project/Tools/HeroWorkshop2/assets/icons/catalog/sources/icon-audit/Heroes/Centaur Warrunner/Dota_1_5/ReplaceableTextures/CommandButtons	2	15825	2	.blp:1, .png:1
Dota Mod Project/Tools/HeroWorkshop2/assets/icons/catalog/sources/icon-audit/Heroes/Centaur Warrunner/Dota_1_5/ReplaceableTextures/CommandButtonsDisabled	2	10633	2	.blp:1, .png:1
Dota Mod Project/Tools/HeroWorkshop2/assets/icons/catalog/sources/icon-audit/Heroes/Chaos Knight	34	306282	0	.blp:17, .png:17
Dota Mod Project/Tools/HeroWorkshop2/assets/icons/catalog/sources/icon-audit/Heroes/Chaos Knight/114_Heroes_Icons	22	222222	0	.blp:11, .png:11
Dota Mod Project/Tools/HeroWorkshop2/assets/icons/catalog/sources/icon-audit/Heroes/Chaos Knight/114_Heroes_Icons/ReplaceableTextures	22	222222	0	.blp:11, .png:11
Dota Mod Project/Tools/HeroWorkshop2/assets/icons/catalog/sources/icon-audit/Heroes/Chaos Knight/114_Heroes_Icons/ReplaceableTextures/CommandButtons	10	113994	10	.blp:5, .png:5
Dota Mod Project/Tools/HeroWorkshop2/assets/icons/catalog/sources/icon-audit/Heroes/Chaos Knight/114_Heroes_Icons/ReplaceableTextures/CommandButtonsDisabled	10	94226	10	.blp:5, .png:5
Dota Mod Project/Tools/HeroWorkshop2/assets/icons/catalog/sources/icon-audit/Heroes/Chaos Knight/114_Heroes_Icons/ReplaceableTextures/PassiveButtons	2	14002	2	.blp:1, .png:1
Dota Mod Project/Tools/HeroWorkshop2/assets/icons/catalog/sources/icon-audit/Heroes/Chaos Knight/Dota_1_5	12	84060	0	.blp:6, .png:6
Dota Mod Project/Tools/HeroWorkshop2/assets/icons/catalog/sources/icon-audit/Heroes/Chaos Knight/Dota_1_5/ReplaceableTextures	12	84060	0	.blp:6, .png:6
Dota Mod Project/Tools/HeroWorkshop2/assets/icons/catalog/sources/icon-audit/Heroes/Chaos Knight/Dota_1_5/ReplaceableTextures/CommandButtons	6	48094	6	.blp:3, .png:3
Dota Mod Project/Tools/HeroWorkshop2/assets/icons/catalog/sources/icon-audit/Heroes/Chaos Knight/Dota_1_5/ReplaceableTextures/CommandButtonsDisabled	6	35966	6	.blp:3, .png:3
Dota Mod Project/Tools/HeroWorkshop2/assets/icons/catalog/sources/icon-audit/Heroes/Clinkz	12	81374	0	.blp:6, .png:6
Dota Mod Project/Tools/HeroWorkshop2/assets/icons/catalog/sources/icon-audit/Heroes/Clinkz/114_Heroes_Icons	8	51692	0	.blp:4, .png:4
Dota Mod Project/Tools/HeroWorkshop2/assets/icons/catalog/sources/icon-audit/Heroes/Clinkz/114_Heroes_Icons/ReplaceableTextures	8	51692	0	.blp:4, .png:4
Dota Mod Project/Tools/HeroWorkshop2/assets/icons/catalog/sources/icon-audit/Heroes/Clinkz/114_Heroes_Icons/ReplaceableTextures/CommandButtons	4	29528	4	.blp:2, .png:2
Dota Mod Project/Tools/HeroWorkshop2/assets/icons/catalog/sources/icon-audit/Heroes/Clinkz/114_Heroes_Icons/ReplaceableTextures/CommandButtonsDisabled	4	22164	4	.blp:2, .png:2
Dota Mod Project/Tools/HeroWorkshop2/assets/icons/catalog/sources/icon-audit/Heroes/Clinkz/Dota_1_5	4	29682	0	.blp:2, .png:2
Dota Mod Project/Tools/HeroWorkshop2/assets/icons/catalog/sources/icon-audit/Heroes/Clinkz/Dota_1_5/ReplaceableTextures	4	29682	0	.blp:2, .png:2
Dota Mod Project/Tools/HeroWorkshop2/assets/icons/catalog/sources/icon-audit/Heroes/Clinkz/Dota_1_5/ReplaceableTextures/CommandButtons	2	17074	2	.blp:1, .png:1
Dota Mod Project/Tools/HeroWorkshop2/assets/icons/catalog/sources/icon-audit/Heroes/Clinkz/Dota_1_5/ReplaceableTextures/CommandButtonsDisabled	2	12608	2	.blp:1, .png:1
Dota Mod Project/Tools/HeroWorkshop2/assets/icons/catalog/sources/icon-audit/Heroes/Clockwerk	4	32153	0	.blp:2, .png:2
Dota Mod Project/Tools/HeroWorkshop2/assets/icons/catalog/sources/icon-audit/Heroes/Clockwerk/Dota_1_5	4	32153	0	.blp:2, .png:2
Dota Mod Project/Tools/HeroWorkshop2/assets/icons/catalog/sources/icon-audit/Heroes/Clockwerk/Dota_1_5/ReplaceableTextures	4	32153	0	.blp:2, .png:2
Dota Mod Project/Tools/HeroWorkshop2/assets/icons/catalog/sources/icon-audit/Heroes/Clockwerk/Dota_1_5/ReplaceableTextures/CommandButtons	2	18235	2	.blp:1, .png:1
Dota Mod Project/Tools/HeroWorkshop2/assets/icons/catalog/sources/icon-audit/Heroes/Clockwerk/Dota_1_5/ReplaceableTextures/CommandButtonsDisabled	2	13918	2	.blp:1, .png:1
Dota Mod Project/Tools/HeroWorkshop2/assets/icons/catalog/sources/icon-audit/Heroes/Crystal Maiden	30	175054	0	.blp:15, .png:15
Dota Mod Project/Tools/HeroWorkshop2/assets/icons/catalog/sources/icon-audit/Heroes/Crystal Maiden/114_Heroes_Icons	12	69280	0	.blp:6, .png:6
Dota Mod Project/Tools/HeroWorkshop2/assets/icons/catalog/sources/icon-audit/Heroes/Crystal Maiden/114_Heroes_Icons/ReplaceableTextures	12	69280	0	.blp:6, .png:6
Dota Mod Project/Tools/HeroWorkshop2/assets/icons/catalog/sources/icon-audit/Heroes/Crystal Maiden/114_Heroes_Icons/ReplaceableTextures/CommandButtons	6	41416	6	.blp:3, .png:3
Dota Mod Project/Tools/HeroWorkshop2/assets/icons/catalog/sources/icon-audit/Heroes/Crystal Maiden/114_Heroes_Icons/ReplaceableTextures/CommandButtonsDisabled	6	27864	6	.blp:3, .png:3
Dota Mod Project/Tools/HeroWorkshop2/assets/icons/catalog/sources/icon-audit/Heroes/Crystal Maiden/Dota_1_5	18	105774	0	.blp:9, .png:9
Dota Mod Project/Tools/HeroWorkshop2/assets/icons/catalog/sources/icon-audit/Heroes/Crystal Maiden/Dota_1_5/ReplaceableTextures	18	105774	0	.blp:9, .png:9
Dota Mod Project/Tools/HeroWorkshop2/assets/icons/catalog/sources/icon-audit/Heroes/Crystal Maiden/Dota_1_5/ReplaceableTextures/CommandButtons	8	54659	8	.blp:4, .png:4
Dota Mod Project/Tools/HeroWorkshop2/assets/icons/catalog/sources/icon-audit/Heroes/Crystal Maiden/Dota_1_5/ReplaceableTextures/CommandButtonsDisabled	10	51115	10	.blp:5, .png:5
Dota Mod Project/Tools/HeroWorkshop2/assets/icons/catalog/sources/icon-audit/Heroes/Dark Seer	12	68943	0	.blp:6, .png:6
Dota Mod Project/Tools/HeroWorkshop2/assets/icons/catalog/sources/icon-audit/Heroes/Dark Seer/114_Heroes_Icons	12	68943	0	.blp:6, .png:6
Dota Mod Project/Tools/HeroWorkshop2/assets/icons/catalog/sources/icon-audit/Heroes/Dark Seer/114_Heroes_Icons/ReplaceableTextures	12	68943	0	.blp:6, .png:6
Dota Mod Project/Tools/HeroWorkshop2/assets/icons/catalog/sources/icon-audit/Heroes/Dark Seer/114_Heroes_Icons/ReplaceableTextures/CommandButtons	6	40652	6	.blp:3, .png:3
Dota Mod Project/Tools/HeroWorkshop2/assets/icons/catalog/sources/icon-audit/Heroes/Dark Seer/114_Heroes_Icons/ReplaceableTextures/CommandButtonsDisabled	6	28291	6	.blp:3, .png:3
Dota Mod Project/Tools/HeroWorkshop2/assets/icons/catalog/sources/icon-audit/Heroes/Dazzle	14	85332	0	.blp:7, .png:7
Dota Mod Project/Tools/HeroWorkshop2/assets/icons/catalog/sources/icon-audit/Heroes/Dazzle/114_Heroes_Icons	14	85332	0	.blp:7, .png:7
Dota Mod Project/Tools/HeroWorkshop2/assets/icons/catalog/sources/icon-audit/Heroes/Dazzle/114_Heroes_Icons/ReplaceableTextures	14	85332	0	.blp:7, .png:7
Dota Mod Project/Tools/HeroWorkshop2/assets/icons/catalog/sources/icon-audit/Heroes/Dazzle/114_Heroes_Icons/ReplaceableTextures/CommandButtons	6	40484	6	.blp:3, .png:3
Dota Mod Project/Tools/HeroWorkshop2/assets/icons/catalog/sources/icon-audit/Heroes/Dazzle/114_Heroes_Icons/ReplaceableTextures/CommandButtonsDisabled	6	30388	6	.blp:3, .png:3
Dota Mod Project/Tools/HeroWorkshop2/assets/icons/catalog/sources/icon-audit/Heroes/Dazzle/114_Heroes_Icons/ReplaceableTextures/CommandButtonsPassive	2	14460	2	.blp:1, .png:1
Dota Mod Project/Tools/HeroWorkshop2/assets/icons/catalog/sources/icon-audit/Heroes/Death Prophet	8	54226	0	.blp:4, .png:4
Dota Mod Project/Tools/HeroWorkshop2/assets/icons/catalog/sources/icon-audit/Heroes/Death Prophet/114_Heroes_Icons	4	26496	0	.blp:2, .png:2
Dota Mod Project/Tools/HeroWorkshop2/assets/icons/catalog/sources/icon-audit/Heroes/Death Prophet/114_Heroes_Icons/ReplaceableTextures	4	26496	0	.blp:2, .png:2
Dota Mod Project/Tools/HeroWorkshop2/assets/icons/catalog/sources/icon-audit/Heroes/Death Prophet/114_Heroes_Icons/ReplaceableTextures/CommandButtons	2	14773	2	.blp:1, .png:1
Dota Mod Project/Tools/HeroWorkshop2/assets/icons/catalog/sources/icon-audit/Heroes/Death Prophet/114_Heroes_Icons/ReplaceableTextures/CommandButtonsDisabled	2	11723	2	.blp:1, .png:1
Dota Mod Project/Tools/HeroWorkshop2/assets/icons/catalog/sources/icon-audit/Heroes/Death Prophet/Dota_1_5	4	27730	0	.blp:2, .png:2
Dota Mod Project/Tools/HeroWorkshop2/assets/icons/catalog/sources/icon-audit/Heroes/Death Prophet/Dota_1_5/ReplaceableTextures	4	27730	0	.blp:2, .png:2
Dota Mod Project/Tools/HeroWorkshop2/assets/icons/catalog/sources/icon-audit/Heroes/Death Prophet/Dota_1_5/ReplaceableTextures/CommandButtons	2	15988	2	.blp:1, .png:1
Dota Mod Project/Tools/HeroWorkshop2/assets/icons/catalog/sources/icon-audit/Heroes/Death Prophet/Dota_1_5/ReplaceableTextures/CommandButtonsDisabled	2	11742	2	.blp:1, .png:1
Dota Mod Project/Tools/HeroWorkshop2/assets/icons/catalog/sources/icon-audit/Heroes/Doom	28	178105	0	.blp:14, .png:14
Dota Mod Project/Tools/HeroWorkshop2/assets/icons/catalog/sources/icon-audit/Heroes/Doom/114_Heroes_Icons	14	81337	0	.blp:7, .png:7
Dota Mod Project/Tools/HeroWorkshop2/assets/icons/catalog/sources/icon-audit/Heroes/Doom/114_Heroes_Icons/ReplaceableTextures	14	81337	0	.blp:7, .png:7
Dota Mod Project/Tools/HeroWorkshop2/assets/icons/catalog/sources/icon-audit/Heroes/Doom/114_Heroes_Icons/ReplaceableTextures/AutoCastButtons	2	14622	2	.blp:1, .png:1
Dota Mod Project/Tools/HeroWorkshop2/assets/icons/catalog/sources/icon-audit/Heroes/Doom/114_Heroes_Icons/ReplaceableTextures/CommandButtons	6	39659	6	.blp:3, .png:3
Dota Mod Project/Tools/HeroWorkshop2/assets/icons/catalog/sources/icon-audit/Heroes/Doom/114_Heroes_Icons/ReplaceableTextures/CommandButtonsDisabled	6	27056	6	.blp:3, .png:3
Dota Mod Project/Tools/HeroWorkshop2/assets/icons/catalog/sources/icon-audit/Heroes/Doom/Dota_1_5	14	96768	0	.blp:7, .png:7
Dota Mod Project/Tools/HeroWorkshop2/assets/icons/catalog/sources/icon-audit/Heroes/Doom/Dota_1_5/ReplaceableTextures	14	96768	0	.blp:7, .png:7
Dota Mod Project/Tools/HeroWorkshop2/assets/icons/catalog/sources/icon-audit/Heroes/Doom/Dota_1_5/ReplaceableTextures/CommandButtons	6	48380	6	.blp:3, .png:3
Dota Mod Project/Tools/HeroWorkshop2/assets/icons/catalog/sources/icon-audit/Heroes/Doom/Dota_1_5/ReplaceableTextures/CommandButtonsDisabled	8	48388	8	.blp:4, .png:4
Dota Mod Project/Tools/HeroWorkshop2/assets/icons/catalog/sources/icon-audit/Heroes/Drow Ranger	4	27168	0	.blp:2, .png:2
Dota Mod Project/Tools/HeroWorkshop2/assets/icons/catalog/sources/icon-audit/Heroes/Drow Ranger/Dota_1_5	4	27168	0	.blp:2, .png:2
Dota Mod Project/Tools/HeroWorkshop2/assets/icons/catalog/sources/icon-audit/Heroes/Drow Ranger/Dota_1_5/ReplaceableTextures	4	27168	0	.blp:2, .png:2
Dota Mod Project/Tools/HeroWorkshop2/assets/icons/catalog/sources/icon-audit/Heroes/Drow Ranger/Dota_1_5/ReplaceableTextures/CommandButtons	2	15351	2	.blp:1, .png:1
Dota Mod Project/Tools/HeroWorkshop2/assets/icons/catalog/sources/icon-audit/Heroes/Drow Ranger/Dota_1_5/ReplaceableTextures/CommandButtonsDisabled	2	11817	2	.blp:1, .png:1
Dota Mod Project/Tools/HeroWorkshop2/assets/icons/catalog/sources/icon-audit/Heroes/Earth Spirit	20	118105	0	.blp:10, .png:10
Dota Mod Project/Tools/HeroWorkshop2/assets/icons/catalog/sources/icon-audit/Heroes/Earth Spirit/114_Heroes_Icons	20	118105	0	.blp:10, .png:10
Dota Mod Project/Tools/HeroWorkshop2/assets/icons/catalog/sources/icon-audit/Heroes/Earth Spirit/114_Heroes_Icons/ReplaceableTextures	20	118105	0	.blp:10, .png:10
Dota Mod Project/Tools/HeroWorkshop2/assets/icons/catalog/sources/icon-audit/Heroes/Earth Spirit/114_Heroes_Icons/ReplaceableTextures/CommandButtons	10	69616	10	.blp:5, .png:5
Dota Mod Project/Tools/HeroWorkshop2/assets/icons/catalog/sources/icon-audit/Heroes/Earth Spirit/114_Heroes_Icons/ReplaceableTextures/CommandButtonsDisabled	10	48489	10	.blp:5, .png:5
Dota Mod Project/Tools/HeroWorkshop2/assets/icons/catalog/sources/icon-audit/Heroes/Earthshaker	12	69120	0	.blp:6, .png:6
Dota Mod Project/Tools/HeroWorkshop2/assets/icons/catalog/sources/icon-audit/Heroes/Earthshaker/114_Heroes_Icons	4	26567	0	.blp:2, .png:2
Dota Mod Project/Tools/HeroWorkshop2/assets/icons/catalog/sources/icon-audit/Heroes/Earthshaker/114_Heroes_Icons/ReplaceableTextures	4	26567	0	.blp:2, .png:2
Dota Mod Project/Tools/HeroWorkshop2/assets/icons/catalog/sources/icon-audit/Heroes/Earthshaker/114_Heroes_Icons/ReplaceableTextures/CommandButtons	2	15012	2	.blp:1, .png:1
Dota Mod Project/Tools/HeroWorkshop2/assets/icons/catalog/sources/icon-audit/Heroes/Earthshaker/114_Heroes_Icons/ReplaceableTextures/CommandButtonsDisabled	2	11555	2	.blp:1, .png:1
Dota Mod Project/Tools/HeroWorkshop2/assets/icons/catalog/sources/icon-audit/Heroes/Earthshaker/Dota_1_5	8	42553	0	.blp:4, .png:4
Dota Mod Project/Tools/HeroWorkshop2/assets/icons/catalog/sources/icon-audit/Heroes/Earthshaker/Dota_1_5/ReplaceableTextures	8	42553	0	.blp:4, .png:4
Dota Mod Project/Tools/HeroWorkshop2/assets/icons/catalog/sources/icon-audit/Heroes/Earthshaker/Dota_1_5/ReplaceableTextures/CommandButtons	4	25623	4	.blp:2, .png:2
Dota Mod Project/Tools/HeroWorkshop2/assets/icons/catalog/sources/icon-audit/Heroes/Earthshaker/Dota_1_5/ReplaceableTextures/CommandButtonsDisabled	4	16930	4	.blp:2, .png:2
Dota Mod Project/Tools/HeroWorkshop2/assets/icons/catalog/sources/icon-audit/Heroes/Elder Titan	54	370623	0	.blp:27, .png:27
Dota Mod Project/Tools/HeroWorkshop2/assets/icons/catalog/sources/icon-audit/Heroes/Elder Titan/114_Heroes_Icons	28	188890	0	.blp:14, .png:14
Dota Mod Project/Tools/HeroWorkshop2/assets/icons/catalog/sources/icon-audit/Heroes/Elder Titan/114_Heroes_Icons/ReplaceableTextures	28	188890	0	.blp:14, .png:14
Dota Mod Project/Tools/HeroWorkshop2/assets/icons/catalog/sources/icon-audit/Heroes/Elder Titan/114_Heroes_Icons/ReplaceableTextures/CommandButtons	14	106795	14	.blp:7, .png:7
Dota Mod Project/Tools/HeroWorkshop2/assets/icons/catalog/sources/icon-audit/Heroes/Elder Titan/114_Heroes_Icons/ReplaceableTextures/CommandButtonsDisabled	12	65796	12	.blp:6, .png:6
Dota Mod Project/Tools/HeroWorkshop2/assets/icons/catalog/sources/icon-audit/Heroes/Elder Titan/114_Heroes_Icons/ReplaceableTextures/PassiveButtons	2	16299	2	.blp:1, .png:1
Dota Mod Project/Tools/HeroWorkshop2/assets/icons/catalog/sources/icon-audit/Heroes/Elder Titan/Dota_1_5	26	181733	0	.blp:13, .png:13
Dota Mod Project/Tools/HeroWorkshop2/assets/icons/catalog/sources/icon-audit/Heroes/Elder Titan/Dota_1_5/ReplaceableTextures	26	181733	0	.blp:13, .png:13
Dota Mod Project/Tools/HeroWorkshop2/assets/icons/catalog/sources/icon-audit/Heroes/Elder Titan/Dota_1_5/ReplaceableTextures/CommandButtons	12	100367	12	.blp:6, .png:6
Dota Mod Project/Tools/HeroWorkshop2/assets/icons/catalog/sources/icon-audit/Heroes/Elder Titan/Dota_1_5/ReplaceableTextures/CommandButtonsDisabled	14	81366	14	.blp:7, .png:7
Dota Mod Project/Tools/HeroWorkshop2/assets/icons/catalog/sources/icon-audit/Heroes/Ember Spirit	20	125578	0	.blp:10, .png:10
Dota Mod Project/Tools/HeroWorkshop2/assets/icons/catalog/sources/icon-audit/Heroes/Ember Spirit/114_Heroes_Icons	20	125578	0	.blp:10, .png:10
Dota Mod Project/Tools/HeroWorkshop2/assets/icons/catalog/sources/icon-audit/Heroes/Ember Spirit/114_Heroes_Icons/ReplaceableTextures	20	125578	0	.blp:10, .png:10
Dota Mod Project/Tools/HeroWorkshop2/assets/icons/catalog/sources/icon-audit/Heroes/Ember Spirit/114_Heroes_Icons/ReplaceableTextures/CommandButtons	10	71231	10	.blp:5, .png:5
Dota Mod Project/Tools/HeroWorkshop2/assets/icons/catalog/sources/icon-audit/Heroes/Ember Spirit/114_Heroes_Icons/ReplaceableTextures/CommandButtonsDisabled	10	54347	10	.blp:5, .png:5
Dota Mod Project/Tools/HeroWorkshop2/assets/icons/catalog/sources/icon-audit/Heroes/Enchantress	4	23033	0	.blp:2, .png:2
Dota Mod Project/Tools/HeroWorkshop2/assets/icons/catalog/sources/icon-audit/Heroes/Enchantress/114_Heroes_Icons	4	23033	0	.blp:2, .png:2
Dota Mod Project/Tools/HeroWorkshop2/assets/icons/catalog/sources/icon-audit/Heroes/Enchantress/114_Heroes_Icons/ReplaceableTextures	4	23033	0	.blp:2, .png:2
Dota Mod Project/Tools/HeroWorkshop2/assets/icons/catalog/sources/icon-audit/Heroes/Enchantress/114_Heroes_Icons/ReplaceableTextures/CommandButtons	2	13745	2	.blp:1, .png:1
Dota Mod Project/Tools/HeroWorkshop2/assets/icons/catalog/sources/icon-audit/Heroes/Enchantress/114_Heroes_Icons/ReplaceableTextures/CommandButtonsDisabled	2	9288	2	.blp:1, .png:1
Dota Mod Project/Tools/HeroWorkshop2/assets/icons/catalog/sources/icon-audit/Heroes/Enigma	16	100369	0	.blp:8, .png:8
Dota Mod Project/Tools/HeroWorkshop2/assets/icons/catalog/sources/icon-audit/Heroes/Enigma/114_Heroes_Icons	16	100369	0	.blp:8, .png:8
Dota Mod Project/Tools/HeroWorkshop2/assets/icons/catalog/sources/icon-audit/Heroes/Enigma/114_Heroes_Icons/ReplaceableTextures	16	100369	0	.blp:8, .png:8
Dota Mod Project/Tools/HeroWorkshop2/assets/icons/catalog/sources/icon-audit/Heroes/Enigma/114_Heroes_Icons/ReplaceableTextures/CommandButtons	8	56345	8	.blp:4, .png:4
Dota Mod Project/Tools/HeroWorkshop2/assets/icons/catalog/sources/icon-audit/Heroes/Enigma/114_Heroes_Icons/ReplaceableTextures/CommandButtonsDisabled	8	44024	8	.blp:4, .png:4
Dota Mod Project/Tools/HeroWorkshop2/assets/icons/catalog/sources/icon-audit/Heroes/Faceless Void	12	69261	0	.blp:6, .png:6
Dota Mod Project/Tools/HeroWorkshop2/assets/icons/catalog/sources/icon-audit/Heroes/Faceless Void/114_Heroes_Icons	4	21454	0	.blp:2, .png:2
Dota Mod Project/Tools/HeroWorkshop2/assets/icons/catalog/sources/icon-audit/Heroes/Faceless Void/114_Heroes_Icons/ReplaceableTextures	4	21454	0	.blp:2, .png:2
Dota Mod Project/Tools/HeroWorkshop2/assets/icons/catalog/sources/icon-audit/Heroes/Faceless Void/114_Heroes_Icons/ReplaceableTextures/CommandButtons	2	13190	2	.blp:1, .png:1
Dota Mod Project/Tools/HeroWorkshop2/assets/icons/catalog/sources/icon-audit/Heroes/Faceless Void/114_Heroes_Icons/ReplaceableTextures/CommandButtonsDisabled	2	8264	2	.blp:1, .png:1
Dota Mod Project/Tools/HeroWorkshop2/assets/icons/catalog/sources/icon-audit/Heroes/Faceless Void/Dota_1_5	8	47807	0	.blp:4, .png:4
Dota Mod Project/Tools/HeroWorkshop2/assets/icons/catalog/sources/icon-audit/Heroes/Faceless Void/Dota_1_5/ReplaceableTextures	8	47807	0	.blp:4, .png:4
Dota Mod Project/Tools/HeroWorkshop2/assets/icons/catalog/sources/icon-audit/Heroes/Faceless Void/Dota_1_5/ReplaceableTextures/CommandButtons	4	28018	4	.blp:2, .png:2
Dota Mod Project/Tools/HeroWorkshop2/assets/icons/catalog/sources/icon-audit/Heroes/Faceless Void/Dota_1_5/ReplaceableTextures/CommandButtonsDisabled	4	19789	4	.blp:2, .png:2
Dota Mod Project/Tools/HeroWorkshop2/assets/icons/catalog/sources/icon-audit/Heroes/Gyrocopter	12	71376	0	.blp:6, .png:6
Dota Mod Project/Tools/HeroWorkshop2/assets/icons/catalog/sources/icon-audit/Heroes/Gyrocopter/114_Heroes_Icons	12	71376	0	.blp:6, .png:6
Dota Mod Project/Tools/HeroWorkshop2/assets/icons/catalog/sources/icon-audit/Heroes/Gyrocopter/114_Heroes_Icons/ReplaceableTextures	12	71376	0	.blp:6, .png:6
Dota Mod Project/Tools/HeroWorkshop2/assets/icons/catalog/sources/icon-audit/Heroes/Gyrocopter/114_Heroes_Icons/ReplaceableTextures/CommandButtons	6	41599	6	.blp:3, .png:3
Dota Mod Project/Tools/HeroWorkshop2/assets/icons/catalog/sources/icon-audit/Heroes/Gyrocopter/114_Heroes_Icons/ReplaceableTextures/CommandButtonsDisabled	6	29777	6	.blp:3, .png:3
Dota Mod Project/Tools/HeroWorkshop2/assets/icons/catalog/sources/icon-audit/Heroes/Huskar	14	91825	0	.blp:7, .png:7
Dota Mod Project/Tools/HeroWorkshop2/assets/icons/catalog/sources/icon-audit/Heroes/Huskar/114_Heroes_Icons	14	91825	0	.blp:7, .png:7
Dota Mod Project/Tools/HeroWorkshop2/assets/icons/catalog/sources/icon-audit/Heroes/Huskar/114_Heroes_Icons/ReplaceableTextures	14	91825	0	.blp:7, .png:7
Dota Mod Project/Tools/HeroWorkshop2/assets/icons/catalog/sources/icon-audit/Heroes/Huskar/114_Heroes_Icons/ReplaceableTextures/CommandButtons	6	43157	6	.blp:3, .png:3
Dota Mod Project/Tools/HeroWorkshop2/assets/icons/catalog/sources/icon-audit/Heroes/Huskar/114_Heroes_Icons/ReplaceableTextures/CommandButtonsDisabled	6	33904	6	.blp:3, .png:3
Dota Mod Project/Tools/HeroWorkshop2/assets/icons/catalog/sources/icon-audit/Heroes/Huskar/114_Heroes_Icons/ReplaceableTextures/PassiveButtons	2	14764	2	.blp:1, .png:1
Dota Mod Project/Tools/HeroWorkshop2/assets/icons/catalog/sources/icon-audit/Heroes/Invoker	20	170146	0	.blp:10, .png:10
Dota Mod Project/Tools/HeroWorkshop2/assets/icons/catalog/sources/icon-audit/Heroes/Invoker/114_Heroes_Icons	16	150797	0	.blp:8, .png:8
Dota Mod Project/Tools/HeroWorkshop2/assets/icons/catalog/sources/icon-audit/Heroes/Invoker/114_Heroes_Icons/ReplaceableTextures	16	150797	0	.blp:8, .png:8
Dota Mod Project/Tools/HeroWorkshop2/assets/icons/catalog/sources/icon-audit/Heroes/Invoker/114_Heroes_Icons/ReplaceableTextures/CommandButtons	16	150797	16	.blp:8, .png:8
Dota Mod Project/Tools/HeroWorkshop2/assets/icons/catalog/sources/icon-audit/Heroes/Invoker/Dota_1_5	4	19349	0	.blp:2, .png:2
Dota Mod Project/Tools/HeroWorkshop2/assets/icons/catalog/sources/icon-audit/Heroes/Invoker/Dota_1_5/ReplaceableTextures	4	19349	0	.blp:2, .png:2
Dota Mod Project/Tools/HeroWorkshop2/assets/icons/catalog/sources/icon-audit/Heroes/Invoker/Dota_1_5/ReplaceableTextures/CommandButtons	2	11817	2	.blp:1, .png:1
Dota Mod Project/Tools/HeroWorkshop2/assets/icons/catalog/sources/icon-audit/Heroes/Invoker/Dota_1_5/ReplaceableTextures/CommandButtonsDisabled	2	7532	2	.blp:1, .png:1
Dota Mod Project/Tools/HeroWorkshop2/assets/icons/catalog/sources/icon-audit/Heroes/Io	296	2092361	0	.blp:148, .png:148
Dota Mod Project/Tools/HeroWorkshop2/assets/icons/catalog/sources/icon-audit/Heroes/Io/114_Heroes_Icons	118	837434	0	.blp:59, .png:59
Dota Mod Project/Tools/HeroWorkshop2/assets/icons/catalog/sources/icon-audit/Heroes/Io/114_Heroes_Icons/ReplaceableTextures	118	837434	0	.blp:59, .png:59
Dota Mod Project/Tools/HeroWorkshop2/assets/icons/catalog/sources/icon-audit/Heroes/Io/114_Heroes_Icons/ReplaceableTextures/CommandButtons	52	405740	52	.blp:26, .png:26
Dota Mod Project/Tools/HeroWorkshop2/assets/icons/catalog/sources/icon-audit/Heroes/Io/114_Heroes_Icons/ReplaceableTextures/CommandButtonsDisabled	56	331040	56	.blp:28, .png:28
Dota Mod Project/Tools/HeroWorkshop2/assets/icons/catalog/sources/icon-audit/Heroes/Io/114_Heroes_Icons/ReplaceableTextures/PassiveButtons	10	100654	10	.blp:5, .png:5
Dota Mod Project/Tools/HeroWorkshop2/assets/icons/catalog/sources/icon-audit/Heroes/Io/Dota_1_5	178	1254927	0	.blp:89, .png:89
Dota Mod Project/Tools/HeroWorkshop2/assets/icons/catalog/sources/icon-audit/Heroes/Io/Dota_1_5/ReplaceableTextures	178	1254927	0	.blp:89, .png:89
Dota Mod Project/Tools/HeroWorkshop2/assets/icons/catalog/sources/icon-audit/Heroes/Io/Dota_1_5/ReplaceableTextures/CommandButtons	84	692672	84	.blp:42, .png:42
Dota Mod Project/Tools/HeroWorkshop2/assets/icons/catalog/sources/icon-audit/Heroes/Io/Dota_1_5/ReplaceableTextures/CommandButtonsDisabled	94	562255	94	.blp:47, .png:47
Dota Mod Project/Tools/HeroWorkshop2/assets/icons/catalog/sources/icon-audit/Heroes/Juggernaut	18	328388	0	.blp:9, .png:9
Dota Mod Project/Tools/HeroWorkshop2/assets/icons/catalog/sources/icon-audit/Heroes/Juggernaut/114_Heroes_Icons	18	328388	0	.blp:9, .png:9
Dota Mod Project/Tools/HeroWorkshop2/assets/icons/catalog/sources/icon-audit/Heroes/Juggernaut/114_Heroes_Icons/ReplaceableTextures	18	328388	0	.blp:9, .png:9
Dota Mod Project/Tools/HeroWorkshop2/assets/icons/catalog/sources/icon-audit/Heroes/Juggernaut/114_Heroes_Icons/ReplaceableTextures/CommandButtons	8	190916	8	.blp:4, .png:4
Dota Mod Project/Tools/HeroWorkshop2/assets/icons/catalog/sources/icon-audit/Heroes/Juggernaut/114_Heroes_Icons/ReplaceableTextures/CommandButtonsDisabled	8	91748	8	.blp:4, .png:4
Dota Mod Project/Tools/HeroWorkshop2/assets/icons/catalog/sources/icon-audit/Heroes/Juggernaut/114_Heroes_Icons/ReplaceableTextures/PassiveButtons	2	45724	2	.blp:1, .png:1
Dota Mod Project/Tools/HeroWorkshop2/assets/icons/catalog/sources/icon-audit/Heroes/Keeper of the Light	8	52012	0	.blp:4, .png:4
Dota Mod Project/Tools/HeroWorkshop2/assets/icons/catalog/sources/icon-audit/Heroes/Keeper of the Light/Dota_1_5	8	52012	0	.blp:4, .png:4
Dota Mod Project/Tools/HeroWorkshop2/assets/icons/catalog/sources/icon-audit/Heroes/Keeper of the Light/Dota_1_5/ReplaceableTextures	8	52012	0	.blp:4, .png:4
Dota Mod Project/Tools/HeroWorkshop2/assets/icons/catalog/sources/icon-audit/Heroes/Keeper of the Light/Dota_1_5/ReplaceableTextures/CommandButtons	4	29759	4	.blp:2, .png:2
Dota Mod Project/Tools/HeroWorkshop2/assets/icons/catalog/sources/icon-audit/Heroes/Keeper of the Light/Dota_1_5/ReplaceableTextures/CommandButtonsDisabled	4	22253	4	.blp:2, .png:2
Dota Mod Project/Tools/HeroWorkshop2/assets/icons/catalog/sources/icon-audit/Heroes/Kunkka	22	159682	0	.blp:11, .png:11
Dota Mod Project/Tools/HeroWorkshop2/assets/icons/catalog/sources/icon-audit/Heroes/Kunkka/114_Heroes_Icons	14	90028	0	.blp:7, .png:7
Dota Mod Project/Tools/HeroWorkshop2/assets/icons/catalog/sources/icon-audit/Heroes/Kunkka/114_Heroes_Icons/ReplaceableTextures	14	90028	0	.blp:7, .png:7
Dota Mod Project/Tools/HeroWorkshop2/assets/icons/catalog/sources/icon-audit/Heroes/Kunkka/114_Heroes_Icons/ReplaceableTextures/AutoCastButtons	2	17092	2	.blp:1, .png:1
Dota Mod Project/Tools/HeroWorkshop2/assets/icons/catalog/sources/icon-audit/Heroes/Kunkka/114_Heroes_Icons/ReplaceableTextures/CommandButtons	6	42065	6	.blp:3, .png:3
Dota Mod Project/Tools/HeroWorkshop2/assets/icons/catalog/sources/icon-audit/Heroes/Kunkka/114_Heroes_Icons/ReplaceableTextures/CommandButtonsDisabled	6	30871	6	.blp:3, .png:3
Dota Mod Project/Tools/HeroWorkshop2/assets/icons/catalog/sources/icon-audit/Heroes/Kunkka/Dota_1_5	8	69654	0	.blp:4, .png:4
Dota Mod Project/Tools/HeroWorkshop2/assets/icons/catalog/sources/icon-audit/Heroes/Kunkka/Dota_1_5/ReplaceableTextures	8	69654	0	.blp:4, .png:4
Dota Mod Project/Tools/HeroWorkshop2/assets/icons/catalog/sources/icon-audit/Heroes/Kunkka/Dota_1_5/ReplaceableTextures/CommandButtons	4	42891	4	.blp:2, .png:2
Dota Mod Project/Tools/HeroWorkshop2/assets/icons/catalog/sources/icon-audit/Heroes/Kunkka/Dota_1_5/ReplaceableTextures/CommandButtonsDisabled	4	26763	4	.blp:2, .png:2
Dota Mod Project/Tools/HeroWorkshop2/assets/icons/catalog/sources/icon-audit/Heroes/Lifestealer	14	82851	0	.blp:7, .png:7
Dota Mod Project/Tools/HeroWorkshop2/assets/icons/catalog/sources/icon-audit/Heroes/Lifestealer/114_Heroes_Icons	10	55718	0	.blp:5, .png:5
Dota Mod Project/Tools/HeroWorkshop2/assets/icons/catalog/sources/icon-audit/Heroes/Lifestealer/114_Heroes_Icons/ReplaceableTextures	10	55718	0	.blp:5, .png:5
Dota Mod Project/Tools/HeroWorkshop2/assets/icons/catalog/sources/icon-audit/Heroes/Lifestealer/114_Heroes_Icons/ReplaceableTextures/CommandButtons	4	24004	4	.blp:2, .png:2
Dota Mod Project/Tools/HeroWorkshop2/assets/icons/catalog/sources/icon-audit/Heroes/Lifestealer/114_Heroes_Icons/ReplaceableTextures/CommandButtonsDisabled	4	19679	4	.blp:2, .png:2
Dota Mod Project/Tools/HeroWorkshop2/assets/icons/catalog/sources/icon-audit/Heroes/Lifestealer/114_Heroes_Icons/ReplaceableTextures/PassiveButtons	2	12035	2	.blp:1, .png:1
Dota Mod Project/Tools/HeroWorkshop2/assets/icons/catalog/sources/icon-audit/Heroes/Lifestealer/Dota_1_5	4	27133	0	.blp:2, .png:2
Dota Mod Project/Tools/HeroWorkshop2/assets/icons/catalog/sources/icon-audit/Heroes/Lifestealer/Dota_1_5/ReplaceableTextures	4	27133	0	.blp:2, .png:2
Dota Mod Project/Tools/HeroWorkshop2/assets/icons/catalog/sources/icon-audit/Heroes/Lifestealer/Dota_1_5/ReplaceableTextures/CommandButtons	2	16463	2	.blp:1, .png:1
Dota Mod Project/Tools/HeroWorkshop2/assets/icons/catalog/sources/icon-audit/Heroes/Lifestealer/Dota_1_5/ReplaceableTextures/CommandButtonsDisabled	2	10670	2	.blp:1, .png:1
Dota Mod Project/Tools/HeroWorkshop2/assets/icons/catalog/sources/icon-audit/Heroes/Lina	18	101390	0	.blp:9, .png:9
Dota Mod Project/Tools/HeroWorkshop2/assets/icons/catalog/sources/icon-audit/Heroes/Lina/114_Heroes_Icons	14	82327	0	.blp:7, .png:7
Dota Mod Project/Tools/HeroWorkshop2/assets/icons/catalog/sources/icon-audit/Heroes/Lina/114_Heroes_Icons/ReplaceableTextures	14	82327	0	.blp:7, .png:7
Dota Mod Project/Tools/HeroWorkshop2/assets/icons/catalog/sources/icon-audit/Heroes/Lina/114_Heroes_Icons/ReplaceableTextures/CommandButtons	6	40612	6	.blp:3, .png:3
Dota Mod Project/Tools/HeroWorkshop2/assets/icons/catalog/sources/icon-audit/Heroes/Lina/114_Heroes_Icons/ReplaceableTextures/CommandButtonsDisabled	6	29674	6	.blp:3, .png:3
Dota Mod Project/Tools/HeroWorkshop2/assets/icons/catalog/sources/icon-audit/Heroes/Lina/114_Heroes_Icons/ReplaceableTextures/PassiveButtons	2	12041	2	.blp:1, .png:1
Dota Mod Project/Tools/HeroWorkshop2/assets/icons/catalog/sources/icon-audit/Heroes/Lina/Dota_1_5	4	19063	0	.blp:2, .png:2
Dota Mod Project/Tools/HeroWorkshop2/assets/icons/catalog/sources/icon-audit/Heroes/Lina/Dota_1_5/ReplaceableTextures	4	19063	0	.blp:2, .png:2
Dota Mod Project/Tools/HeroWorkshop2/assets/icons/catalog/sources/icon-audit/Heroes/Lina/Dota_1_5/ReplaceableTextures/CommandButtons	2	11885	2	.blp:1, .png:1
Dota Mod Project/Tools/HeroWorkshop2/assets/icons/catalog/sources/icon-audit/Heroes/Lina/Dota_1_5/ReplaceableTextures/CommandButtonsDisabled	2	7178	2	.blp:1, .png:1
Dota Mod Project/Tools/HeroWorkshop2/assets/icons/catalog/sources/icon-audit/Heroes/Lone Druid	38	269282	0	.blp:19, .png:19
Dota Mod Project/Tools/HeroWorkshop2/assets/icons/catalog/sources/icon-audit/Heroes/Lone Druid/114_Heroes_Icons	8	52412	0	.blp:4, .png:4
Dota Mod Project/Tools/HeroWorkshop2/assets/icons/catalog/sources/icon-audit/Heroes/Lone Druid/114_Heroes_Icons/ReplaceableTextures	8	52412	0	.blp:4, .png:4
Dota Mod Project/Tools/HeroWorkshop2/assets/icons/catalog/sources/icon-audit/Heroes/Lone Druid/114_Heroes_Icons/ReplaceableTextures/CommandButtons	4	29758	4	.blp:2, .png:2
Dota Mod Project/Tools/HeroWorkshop2/assets/icons/catalog/sources/icon-audit/Heroes/Lone Druid/114_Heroes_Icons/ReplaceableTextures/CommandButtonsDisabled	4	22654	4	.blp:2, .png:2
Dota Mod Project/Tools/HeroWorkshop2/assets/icons/catalog/sources/icon-audit/Heroes/Lone Druid/Dota_1_5	30	216870	0	.blp:15, .png:15
Dota Mod Project/Tools/HeroWorkshop2/assets/icons/catalog/sources/icon-audit/Heroes/Lone Druid/Dota_1_5/ReplaceableTextures	30	216870	0	.blp:15, .png:15
Dota Mod Project/Tools/HeroWorkshop2/assets/icons/catalog/sources/icon-audit/Heroes/Lone Druid/Dota_1_5/ReplaceableTextures/CommandButtons	14	118598	14	.blp:7, .png:7
Dota Mod Project/Tools/HeroWorkshop2/assets/icons/catalog/sources/icon-audit/Heroes/Lone Druid/Dota_1_5/ReplaceableTextures/CommandButtonsDisabled	16	98272	16	.blp:8, .png:8
Dota Mod Project/Tools/HeroWorkshop2/assets/icons/catalog/sources/icon-audit/Heroes/Lycan	28	175520	0	.blp:14, .png:14
Dota Mod Project/Tools/HeroWorkshop2/assets/icons/catalog/sources/icon-audit/Heroes/Lycan/114_Heroes_Icons	20	122816	0	.blp:10, .png:10
Dota Mod Project/Tools/HeroWorkshop2/assets/icons/catalog/sources/icon-audit/Heroes/Lycan/114_Heroes_Icons/ReplaceableTextures	20	122816	0	.blp:10, .png:10
Dota Mod Project/Tools/HeroWorkshop2/assets/icons/catalog/sources/icon-audit/Heroes/Lycan/114_Heroes_Icons/ReplaceableTextures/CommandButtons	8	53797	8	.blp:4, .png:4
Dota Mod Project/Tools/HeroWorkshop2/assets/icons/catalog/sources/icon-audit/Heroes/Lycan/114_Heroes_Icons/ReplaceableTextures/CommandButtonsDisabled	8	42199	8	.blp:4, .png:4
Dota Mod Project/Tools/HeroWorkshop2/assets/icons/catalog/sources/icon-audit/Heroes/Lycan/114_Heroes_Icons/ReplaceableTextures/PassiveButtons	4	26820	4	.blp:2, .png:2
Dota Mod Project/Tools/HeroWorkshop2/assets/icons/catalog/sources/icon-audit/Heroes/Lycan/Dota_1_5	8	52704	0	.blp:4, .png:4
Dota Mod Project/Tools/HeroWorkshop2/assets/icons/catalog/sources/icon-audit/Heroes/Lycan/Dota_1_5/ReplaceableTextures	8	52704	0	.blp:4, .png:4
Dota Mod Project/Tools/HeroWorkshop2/assets/icons/catalog/sources/icon-audit/Heroes/Lycan/Dota_1_5/ReplaceableTextures/CommandButtons	4	30913	4	.blp:2, .png:2
Dota Mod Project/Tools/HeroWorkshop2/assets/icons/catalog/sources/icon-audit/Heroes/Lycan/Dota_1_5/ReplaceableTextures/CommandButtonsDisabled	4	21791	4	.blp:2, .png:2
Dota Mod Project/Tools/HeroWorkshop2/assets/icons/catalog/sources/icon-audit/Heroes/Magnus	12	79275	0	.blp:6, .png:6
Dota Mod Project/Tools/HeroWorkshop2/assets/icons/catalog/sources/icon-audit/Heroes/Magnus/114_Heroes_Icons	12	79275	0	.blp:6, .png:6
Dota Mod Project/Tools/HeroWorkshop2/assets/icons/catalog/sources/icon-audit/Heroes/Magnus/114_Heroes_Icons/ReplaceableTextures	12	79275	0	.blp:6, .png:6
Dota Mod Project/Tools/HeroWorkshop2/assets/icons/catalog/sources/icon-audit/Heroes/Magnus/114_Heroes_Icons/ReplaceableTextures/CommandButtons	6	43501	6	.blp:3, .png:3
Dota Mod Project/Tools/HeroWorkshop2/assets/icons/catalog/sources/icon-audit/Heroes/Magnus/114_Heroes_Icons/ReplaceableTextures/CommandButtonsDisabled	6	35774	6	.blp:3, .png:3
Dota Mod Project/Tools/HeroWorkshop2/assets/icons/catalog/sources/icon-audit/Heroes/Medusa	12	69765	0	.blp:6, .png:6
Dota Mod Project/Tools/HeroWorkshop2/assets/icons/catalog/sources/icon-audit/Heroes/Medusa/114_Heroes_Icons	12	69765	0	.blp:6, .png:6
Dota Mod Project/Tools/HeroWorkshop2/assets/icons/catalog/sources/icon-audit/Heroes/Medusa/114_Heroes_Icons/ReplaceableTextures	12	69765	0	.blp:6, .png:6
Dota Mod Project/Tools/HeroWorkshop2/assets/icons/catalog/sources/icon-audit/Heroes/Medusa/114_Heroes_Icons/ReplaceableTextures/CommandButtons	6	40850	6	.blp:3, .png:3
Dota Mod Project/Tools/HeroWorkshop2/assets/icons/catalog/sources/icon-audit/Heroes/Medusa/114_Heroes_Icons/ReplaceableTextures/CommandButtonsDisabled	6	28915	6	.blp:3, .png:3
Dota Mod Project/Tools/HeroWorkshop2/assets/icons/catalog/sources/icon-audit/Heroes/Meepo	16	113089	0	.blp:8, .png:8
Dota Mod Project/Tools/HeroWorkshop2/assets/icons/catalog/sources/icon-audit/Heroes/Meepo/114_Heroes_Icons	16	113089	0	.blp:8, .png:8
Dota Mod Project/Tools/HeroWorkshop2/assets/icons/catalog/sources/icon-audit/Heroes/Meepo/114_Heroes_Icons/ReplaceableTextures	16	113089	0	.blp:8, .png:8
Dota Mod Project/Tools/HeroWorkshop2/assets/icons/catalog/sources/icon-audit/Heroes/Meepo/114_Heroes_Icons/ReplaceableTextures/CommandButtons	6	45182	6	.blp:3, .png:3
Dota Mod Project/Tools/HeroWorkshop2/assets/icons/catalog/sources/icon-audit/Heroes/Meepo/114_Heroes_Icons/ReplaceableTextures/CommandButtonsDisabled	6	38284	6	.blp:3, .png:3
Dota Mod Project/Tools/HeroWorkshop2/assets/icons/catalog/sources/icon-audit/Heroes/Meepo/114_Heroes_Icons/ReplaceableTextures/PassiveButtons	4	29623	4	.blp:2, .png:2
Dota Mod Project/Tools/HeroWorkshop2/assets/icons/catalog/sources/icon-audit/Heroes/Morphling	32	193683	0	.blp:16, .png:16
Dota Mod Project/Tools/HeroWorkshop2/assets/icons/catalog/sources/icon-audit/Heroes/Morphling/114_Heroes_Icons	24	141979	0	.blp:12, .png:12
Dota Mod Project/Tools/HeroWorkshop2/assets/icons/catalog/sources/icon-audit/Heroes/Morphling/114_Heroes_Icons/ReplaceableTextures	24	141979	0	.blp:12, .png:12
Dota Mod Project/Tools/HeroWorkshop2/assets/icons/catalog/sources/icon-audit/Heroes/Morphling/114_Heroes_Icons/ReplaceableTextures/AutoCastButtons	4	25831	4	.blp:2, .png:2
Dota Mod Project/Tools/HeroWorkshop2/assets/icons/catalog/sources/icon-audit/Heroes/Morphling/114_Heroes_Icons/ReplaceableTextures/CommandButtons	8	55620	8	.blp:4, .png:4
Dota Mod Project/Tools/HeroWorkshop2/assets/icons/catalog/sources/icon-audit/Heroes/Morphling/114_Heroes_Icons/ReplaceableTextures/CommandButtonsDisabled	12	60528	12	.blp:6, .png:6
Dota Mod Project/Tools/HeroWorkshop2/assets/icons/catalog/sources/icon-audit/Heroes/Morphling/Dota_1_5	8	51704	0	.blp:4, .png:4
Dota Mod Project/Tools/HeroWorkshop2/assets/icons/catalog/sources/icon-audit/Heroes/Morphling/Dota_1_5/ReplaceableTextures	8	51704	0	.blp:4, .png:4
Dota Mod Project/Tools/HeroWorkshop2/assets/icons/catalog/sources/icon-audit/Heroes/Morphling/Dota_1_5/ReplaceableTextures/CommandButtons	4	30532	4	.blp:2, .png:2
Dota Mod Project/Tools/HeroWorkshop2/assets/icons/catalog/sources/icon-audit/Heroes/Morphling/Dota_1_5/ReplaceableTextures/CommandButtonsDisabled	4	21172	4	.blp:2, .png:2
Dota Mod Project/Tools/HeroWorkshop2/assets/icons/catalog/sources/icon-audit/Heroes/Naga Siren	20	137556	0	.blp:10, .png:10
Dota Mod Project/Tools/HeroWorkshop2/assets/icons/catalog/sources/icon-audit/Heroes/Naga Siren/114_Heroes_Icons	12	82293	0	.blp:6, .png:6
Dota Mod Project/Tools/HeroWorkshop2/assets/icons/catalog/sources/icon-audit/Heroes/Naga Siren/114_Heroes_Icons/ReplaceableTextures	12	82293	0	.blp:6, .png:6
Dota Mod Project/Tools/HeroWorkshop2/assets/icons/catalog/sources/icon-audit/Heroes/Naga Siren/114_Heroes_Icons/ReplaceableTextures/CommandButtons	4	29249	4	.blp:2, .png:2
Dota Mod Project/Tools/HeroWorkshop2/assets/icons/catalog/sources/icon-audit/Heroes/Naga Siren/114_Heroes_Icons/ReplaceableTextures/CommandButtonsDisabled	4	23795	4	.blp:2, .png:2
Dota Mod Project/Tools/HeroWorkshop2/assets/icons/catalog/sources/icon-audit/Heroes/Naga Siren/114_Heroes_Icons/ReplaceableTextures/PassiveButtons	4	29249	4	.blp:2, .png:2
Dota Mod Project/Tools/HeroWorkshop2/assets/icons/catalog/sources/icon-audit/Heroes/Naga Siren/Dota_1_5	8	55263	0	.blp:4, .png:4
Dota Mod Project/Tools/HeroWorkshop2/assets/icons/catalog/sources/icon-audit/Heroes/Naga Siren/Dota_1_5/ReplaceableTextures	8	55263	0	.blp:4, .png:4
Dota Mod Project/Tools/HeroWorkshop2/assets/icons/catalog/sources/icon-audit/Heroes/Naga Siren/Dota_1_5/ReplaceableTextures/CommandButtons	4	30348	4	.blp:2, .png:2
Dota Mod Project/Tools/HeroWorkshop2/assets/icons/catalog/sources/icon-audit/Heroes/Naga Siren/Dota_1_5/ReplaceableTextures/CommandButtonsDisabled	4	24915	4	.blp:2, .png:2
Dota Mod Project/Tools/HeroWorkshop2/assets/icons/catalog/sources/icon-audit/Heroes/Nature's Prophet	32	206906	0	.blp:16, .png:16
Dota Mod Project/Tools/HeroWorkshop2/assets/icons/catalog/sources/icon-audit/Heroes/Nature's Prophet/114_Heroes_Icons	16	104158	0	.blp:8, .png:8
Dota Mod Project/Tools/HeroWorkshop2/assets/icons/catalog/sources/icon-audit/Heroes/Nature's Prophet/114_Heroes_Icons/ReplaceableTextures	16	104158	0	.blp:8, .png:8
Dota Mod Project/Tools/HeroWorkshop2/assets/icons/catalog/sources/icon-audit/Heroes/Nature's Prophet/114_Heroes_Icons/ReplaceableTextures/CommandButtons	8	58279	8	.blp:4, .png:4
Dota Mod Project/Tools/HeroWorkshop2/assets/icons/catalog/sources/icon-audit/Heroes/Nature's Prophet/114_Heroes_Icons/ReplaceableTextures/CommandButtonsDisabled	8	45879	8	.blp:4, .png:4
Dota Mod Project/Tools/HeroWorkshop2/assets/icons/catalog/sources/icon-audit/Heroes/Nature's Prophet/Dota_1_5	16	102748	0	.blp:8, .png:8
Dota Mod Project/Tools/HeroWorkshop2/assets/icons/catalog/sources/icon-audit/Heroes/Nature's Prophet/Dota_1_5/ReplaceableTextures	16	102748	0	.blp:8, .png:8
Dota Mod Project/Tools/HeroWorkshop2/assets/icons/catalog/sources/icon-audit/Heroes/Nature's Prophet/Dota_1_5/ReplaceableTextures/CommandButtons	8	61474	8	.blp:4, .png:4
Dota Mod Project/Tools/HeroWorkshop2/assets/icons/catalog/sources/icon-audit/Heroes/Nature's Prophet/Dota_1_5/ReplaceableTextures/CommandButtonsDisabled	8	41274	8	.blp:4, .png:4
Dota Mod Project/Tools/HeroWorkshop2/assets/icons/catalog/sources/icon-audit/Heroes/Necrophos	32	228416	0	.blp:16, .png:16
Dota Mod Project/Tools/HeroWorkshop2/assets/icons/catalog/sources/icon-audit/Heroes/Necrophos/114_Heroes_Icons	18	119256	0	.blp:9, .png:9
Dota Mod Project/Tools/HeroWorkshop2/assets/icons/catalog/sources/icon-audit/Heroes/Necrophos/114_Heroes_Icons/ReplaceableTextures	18	119256	0	.blp:9, .png:9
Dota Mod Project/Tools/HeroWorkshop2/assets/icons/catalog/sources/icon-audit/Heroes/Necrophos/114_Heroes_Icons/ReplaceableTextures/CommandButtons	8	58255	8	.blp:4, .png:4
Dota Mod Project/Tools/HeroWorkshop2/assets/icons/catalog/sources/icon-audit/Heroes/Necrophos/114_Heroes_Icons/ReplaceableTextures/CommandButtonsDisabled	8	45696	8	.blp:4, .png:4
Dota Mod Project/Tools/HeroWorkshop2/assets/icons/catalog/sources/icon-audit/Heroes/Necrophos/114_Heroes_Icons/ReplaceableTextures/PassiveButtons	2	15305	2	.blp:1, .png:1
Dota Mod Project/Tools/HeroWorkshop2/assets/icons/catalog/sources/icon-audit/Heroes/Necrophos/Dota_1_5	14	109160	0	.blp:7, .png:7
Dota Mod Project/Tools/HeroWorkshop2/assets/icons/catalog/sources/icon-audit/Heroes/Necrophos/Dota_1_5/ReplaceableTextures	14	109160	0	.blp:7, .png:7
Dota Mod Project/Tools/HeroWorkshop2/assets/icons/catalog/sources/icon-audit/Heroes/Necrophos/Dota_1_5/ReplaceableTextures/CommandButtons	4	40426	4	.blp:2, .png:2
Dota Mod Project/Tools/HeroWorkshop2/assets/icons/catalog/sources/icon-audit/Heroes/Necrophos/Dota_1_5/ReplaceableTextures/CommandButtonsDisabled	10	68734	10	.blp:5, .png:5
Dota Mod Project/Tools/HeroWorkshop2/assets/icons/catalog/sources/icon-audit/Heroes/Night Stalker	12	68905	0	.blp:6, .png:6
Dota Mod Project/Tools/HeroWorkshop2/assets/icons/catalog/sources/icon-audit/Heroes/Night Stalker/114_Heroes_Icons	12	68905	0	.blp:6, .png:6
Dota Mod Project/Tools/HeroWorkshop2/assets/icons/catalog/sources/icon-audit/Heroes/Night Stalker/114_Heroes_Icons/ReplaceableTextures	12	68905	0	.blp:6, .png:6
Dota Mod Project/Tools/HeroWorkshop2/assets/icons/catalog/sources/icon-audit/Heroes/Night Stalker/114_Heroes_Icons/ReplaceableTextures/CommandButtons	6	39800	6	.blp:3, .png:3
Dota Mod Project/Tools/HeroWorkshop2/assets/icons/catalog/sources/icon-audit/Heroes/Night Stalker/114_Heroes_Icons/ReplaceableTextures/CommandButtonsDisabled	6	29105	6	.blp:3, .png:3
Dota Mod Project/Tools/HeroWorkshop2/assets/icons/catalog/sources/icon-audit/Heroes/Ogre Magi	6	45362	0	.blp:3, .png:3
Dota Mod Project/Tools/HeroWorkshop2/assets/icons/catalog/sources/icon-audit/Heroes/Ogre Magi/Dota_1_5	6	45362	0	.blp:3, .png:3
Dota Mod Project/Tools/HeroWorkshop2/assets/icons/catalog/sources/icon-audit/Heroes/Ogre Magi/Dota_1_5/ReplaceableTextures	6	45362	0	.blp:3, .png:3
Dota Mod Project/Tools/HeroWorkshop2/assets/icons/catalog/sources/icon-audit/Heroes/Ogre Magi/Dota_1_5/ReplaceableTextures/CommandButtons	2	19683	2	.blp:1, .png:1
Dota Mod Project/Tools/HeroWorkshop2/assets/icons/catalog/sources/icon-audit/Heroes/Ogre Magi/Dota_1_5/ReplaceableTextures/CommandButtonsDisabled	4	25679	4	.blp:2, .png:2
Dota Mod Project/Tools/HeroWorkshop2/assets/icons/catalog/sources/icon-audit/Heroes/Omniknight	14	82457	0	.blp:7, .png:7
Dota Mod Project/Tools/HeroWorkshop2/assets/icons/catalog/sources/icon-audit/Heroes/Omniknight/114_Heroes_Icons	14	82457	0	.blp:7, .png:7
Dota Mod Project/Tools/HeroWorkshop2/assets/icons/catalog/sources/icon-audit/Heroes/Omniknight/114_Heroes_Icons/ReplaceableTextures	14	82457	0	.blp:7, .png:7
Dota Mod Project/Tools/HeroWorkshop2/assets/icons/catalog/sources/icon-audit/Heroes/Omniknight/114_Heroes_Icons/ReplaceableTextures/CommandButtons	6	40377	6	.blp:3, .png:3
Dota Mod Project/Tools/HeroWorkshop2/assets/icons/catalog/sources/icon-audit/Heroes/Omniknight/114_Heroes_Icons/ReplaceableTextures/CommandButtonsDisabled	6	29975	6	.blp:3, .png:3
Dota Mod Project/Tools/HeroWorkshop2/assets/icons/catalog/sources/icon-audit/Heroes/Omniknight/114_Heroes_Icons/ReplaceableTextures/PassiveButtons	2	12105	2	.blp:1, .png:1
Dota Mod Project/Tools/HeroWorkshop2/assets/icons/catalog/sources/icon-audit/Heroes/Oracle	8	53016	0	.blp:4, .png:4
Dota Mod Project/Tools/HeroWorkshop2/assets/icons/catalog/sources/icon-audit/Heroes/Oracle/114_Heroes_Icons	8	53016	0	.blp:4, .png:4
Dota Mod Project/Tools/HeroWorkshop2/assets/icons/catalog/sources/icon-audit/Heroes/Oracle/114_Heroes_Icons/ReplaceableTextures	8	53016	0	.blp:4, .png:4
Dota Mod Project/Tools/HeroWorkshop2/assets/icons/catalog/sources/icon-audit/Heroes/Oracle/114_Heroes_Icons/ReplaceableTextures/CommandButtons	4	29284	4	.blp:2, .png:2
Dota Mod Project/Tools/HeroWorkshop2/assets/icons/catalog/sources/icon-audit/Heroes/Oracle/114_Heroes_Icons/ReplaceableTextures/CommandButtonsDisabled	4	23732	4	.blp:2, .png:2
Dota Mod Project/Tools/HeroWorkshop2/assets/icons/catalog/sources/icon-audit/Heroes/Phantom Assassin	136	886134	0	.blp:68, .png:68
Dota Mod Project/Tools/HeroWorkshop2/assets/icons/catalog/sources/icon-audit/Heroes/Phantom Assassin/114_Heroes_Icons	78	500685	0	.blp:39, .png:39
Dota Mod Project/Tools/HeroWorkshop2/assets/icons/catalog/sources/icon-audit/Heroes/Phantom Assassin/114_Heroes_Icons/ReplaceableTextures	78	500685	0	.blp:39, .png:39
Dota Mod Project/Tools/HeroWorkshop2/assets/icons/catalog/sources/icon-audit/Heroes/Phantom Assassin/114_Heroes_Icons/ReplaceableTextures/CommandButtons	14	98229	14	.blp:7, .png:7
Dota Mod Project/Tools/HeroWorkshop2/assets/icons/catalog/sources/icon-audit/Heroes/Phantom Assassin/114_Heroes_Icons/ReplaceableTextures/CommandButtonsDisabled	30	174132	30	.blp:15, .png:15
Dota Mod Project/Tools/HeroWorkshop2/assets/icons/catalog/sources/icon-audit/Heroes/Phantom Assassin/114_Heroes_Icons/ReplaceableTextures/PassiveButtons	34	228324	34	.blp:17, .png:17
Dota Mod Project/Tools/HeroWorkshop2/assets/icons/catalog/sources/icon-audit/Heroes/Phantom Assassin/Dota_1_5	58	385449	0	.blp:29, .png:29
Dota Mod Project/Tools/HeroWorkshop2/assets/icons/catalog/sources/icon-audit/Heroes/Phantom Assassin/Dota_1_5/ReplaceableTextures	58	385449	0	.blp:29, .png:29
Dota Mod Project/Tools/HeroWorkshop2/assets/icons/catalog/sources/icon-audit/Heroes/Phantom Assassin/Dota_1_5/ReplaceableTextures/CommandButtons	28	218217	28	.blp:14, .png:14
Dota Mod Project/Tools/HeroWorkshop2/assets/icons/catalog/sources/icon-audit/Heroes/Phantom Assassin/Dota_1_5/ReplaceableTextures/CommandButtonsDisabled	30	167232	30	.blp:15, .png:15
Dota Mod Project/Tools/HeroWorkshop2/assets/icons/catalog/sources/icon-audit/Heroes/Phantom Lancer	118	781374	0	.blp:59, .png:59
Dota Mod Project/Tools/HeroWorkshop2/assets/icons/catalog/sources/icon-audit/Heroes/Phantom Lancer/114_Heroes_Icons	58	348258	0	.blp:29, .png:29
Dota Mod Project/Tools/HeroWorkshop2/assets/icons/catalog/sources/icon-audit/Heroes/Phantom Lancer/114_Heroes_Icons/ReplaceableTextures	58	348258	0	.blp:29, .png:29
Dota Mod Project/Tools/HeroWorkshop2/assets/icons/catalog/sources/icon-audit/Heroes/Phantom Lancer/114_Heroes_Icons/ReplaceableTextures/CommandButtons	26	177919	26	.blp:13, .png:13
Dota Mod Project/Tools/HeroWorkshop2/assets/icons/catalog/sources/icon-audit/Heroes/Phantom Lancer/114_Heroes_Icons/ReplaceableTextures/CommandButtonsDisabled	26	132761	26	.blp:13, .png:13
Dota Mod Project/Tools/HeroWorkshop2/assets/icons/catalog/sources/icon-audit/Heroes/Phantom Lancer/114_Heroes_Icons/ReplaceableTextures/PassiveButtons	6	37578	6	.blp:3, .png:3
Dota Mod Project/Tools/HeroWorkshop2/assets/icons/catalog/sources/icon-audit/Heroes/Phantom Lancer/Dota_1_5	60	433116	0	.blp:30, .png:30
Dota Mod Project/Tools/HeroWorkshop2/assets/icons/catalog/sources/icon-audit/Heroes/Phantom Lancer/Dota_1_5/ReplaceableTextures	60	433116	0	.blp:30, .png:30
Dota Mod Project/Tools/HeroWorkshop2/assets/icons/catalog/sources/icon-audit/Heroes/Phantom Lancer/Dota_1_5/ReplaceableTextures/CommandButtons	26	226965	26	.blp:13, .png:13
Dota Mod Project/Tools/HeroWorkshop2/assets/icons/catalog/sources/icon-audit/Heroes/Phantom Lancer/Dota_1_5/ReplaceableTextures/CommandButtonsDisabled	34	206151	34	.blp:17, .png:17
Dota Mod Project/Tools/HeroWorkshop2/assets/icons/catalog/sources/icon-audit/Heroes/Phoenix	28	185229	0	.blp:14, .png:14
Dota Mod Project/Tools/HeroWorkshop2/assets/icons/catalog/sources/icon-audit/Heroes/Phoenix/114_Heroes_Icons	20	118183	0	.blp:10, .png:10
Dota Mod Project/Tools/HeroWorkshop2/assets/icons/catalog/sources/icon-audit/Heroes/Phoenix/114_Heroes_Icons/ReplaceableTextures	20	118183	0	.blp:10, .png:10
Dota Mod Project/Tools/HeroWorkshop2/assets/icons/catalog/sources/icon-audit/Heroes/Phoenix/114_Heroes_Icons/ReplaceableTextures/CommandButtons	10	68147	10	.blp:5, .png:5
Dota Mod Project/Tools/HeroWorkshop2/assets/icons/catalog/sources/icon-audit/Heroes/Phoenix/114_Heroes_Icons/ReplaceableTextures/CommandButtonsDisabled	10	50036	10	.blp:5, .png:5
Dota Mod Project/Tools/HeroWorkshop2/assets/icons/catalog/sources/icon-audit/Heroes/Phoenix/Dota_1_5	8	67046	0	.blp:4, .png:4
Dota Mod Project/Tools/HeroWorkshop2/assets/icons/catalog/sources/icon-audit/Heroes/Phoenix/Dota_1_5/ReplaceableTextures	8	67046	0	.blp:4, .png:4
Dota Mod Project/Tools/HeroWorkshop2/assets/icons/catalog/sources/icon-audit/Heroes/Phoenix/Dota_1_5/ReplaceableTextures/CommandButtons	4	40480	4	.blp:2, .png:2
Dota Mod Project/Tools/HeroWorkshop2/assets/icons/catalog/sources/icon-audit/Heroes/Phoenix/Dota_1_5/ReplaceableTextures/CommandButtonsDisabled	4	26566	4	.blp:2, .png:2
Dota Mod Project/Tools/HeroWorkshop2/assets/icons/catalog/sources/icon-audit/Heroes/Puck	16	103080	0	.blp:8, .png:8
Dota Mod Project/Tools/HeroWorkshop2/assets/icons/catalog/sources/icon-audit/Heroes/Puck/114_Heroes_Icons	16	103080	0	.blp:8, .png:8
Dota Mod Project/Tools/HeroWorkshop2/assets/icons/catalog/sources/icon-audit/Heroes/Puck/114_Heroes_Icons/ReplaceableTextures	16	103080	0	.blp:8, .png:8
Dota Mod Project/Tools/HeroWorkshop2/assets/icons/catalog/sources/icon-audit/Heroes/Puck/114_Heroes_Icons/ReplaceableTextures/CommandButtons	8	55391	8	.blp:4, .png:4
Dota Mod Project/Tools/HeroWorkshop2/assets/icons/catalog/sources/icon-audit/Heroes/Puck/114_Heroes_Icons/ReplaceableTextures/CommandButtonsDisabled	8	47689	8	.blp:4, .png:4
Dota Mod Project/Tools/HeroWorkshop2/assets/icons/catalog/sources/icon-audit/Heroes/Pudge	14	127628	0	.blp:7, .png:7
Dota Mod Project/Tools/HeroWorkshop2/assets/icons/catalog/sources/icon-audit/Heroes/Pudge/114_Heroes_Icons	14	127628	0	.blp:7, .png:7
Dota Mod Project/Tools/HeroWorkshop2/assets/icons/catalog/sources/icon-audit/Heroes/Pudge/114_Heroes_Icons/ReplaceableTextures	14	127628	0	.blp:7, .png:7
Dota Mod Project/Tools/HeroWorkshop2/assets/icons/catalog/sources/icon-audit/Heroes/Pudge/114_Heroes_Icons/ReplaceableTextures/CommandButtons	6	62068	6	.blp:3, .png:3
Dota Mod Project/Tools/HeroWorkshop2/assets/icons/catalog/sources/icon-audit/Heroes/Pudge/114_Heroes_Icons/ReplaceableTextures/CommandButtonsDisabled	6	45000	6	.blp:3, .png:3
Dota Mod Project/Tools/HeroWorkshop2/assets/icons/catalog/sources/icon-audit/Heroes/Pudge/114_Heroes_Icons/ReplaceableTextures/PassiveButtons	2	20560	2	.blp:1, .png:1
Dota Mod Project/Tools/HeroWorkshop2/assets/icons/catalog/sources/icon-audit/Heroes/Pugna	4	20837	0	.blp:2, .png:2
Dota Mod Project/Tools/HeroWorkshop2/assets/icons/catalog/sources/icon-audit/Heroes/Pugna/114_Heroes_Icons	4	20837	0	.blp:2, .png:2
Dota Mod Project/Tools/HeroWorkshop2/assets/icons/catalog/sources/icon-audit/Heroes/Pugna/114_Heroes_Icons/ReplaceableTextures	4	20837	0	.blp:2, .png:2
Dota Mod Project/Tools/HeroWorkshop2/assets/icons/catalog/sources/icon-audit/Heroes/Pugna/114_Heroes_Icons/ReplaceableTextures/CommandButtons	2	13212	2	.blp:1, .png:1
Dota Mod Project/Tools/HeroWorkshop2/assets/icons/catalog/sources/icon-audit/Heroes/Pugna/114_Heroes_Icons/ReplaceableTextures/CommandButtonsDisabled	2	7625	2	.blp:1, .png:1
Dota Mod Project/Tools/HeroWorkshop2/assets/icons/catalog/sources/icon-audit/Heroes/Queen of Pain	4	28698	0	.blp:2, .png:2
Dota Mod Project/Tools/HeroWorkshop2/assets/icons/catalog/sources/icon-audit/Heroes/Queen of Pain/Dota_1_5	4	28698	0	.blp:2, .png:2
Dota Mod Project/Tools/HeroWorkshop2/assets/icons/catalog/sources/icon-audit/Heroes/Queen of Pain/Dota_1_5/ReplaceableTextures	4	28698	0	.blp:2, .png:2
Dota Mod Project/Tools/HeroWorkshop2/assets/icons/catalog/sources/icon-audit/Heroes/Queen of Pain/Dota_1_5/ReplaceableTextures/CommandButtons	2	15716	2	.blp:1, .png:1
Dota Mod Project/Tools/HeroWorkshop2/assets/icons/catalog/sources/icon-audit/Heroes/Queen of Pain/Dota_1_5/ReplaceableTextures/CommandButtonsDisabled	2	12982	2	.blp:1, .png:1
Dota Mod Project/Tools/HeroWorkshop2/assets/icons/catalog/sources/icon-audit/Heroes/Razor	18	112862	0	.blp:9, .png:9
Dota Mod Project/Tools/HeroWorkshop2/assets/icons/catalog/sources/icon-audit/Heroes/Razor/114_Heroes_Icons	14	89264	0	.blp:7, .png:7
Dota Mod Project/Tools/HeroWorkshop2/assets/icons/catalog/sources/icon-audit/Heroes/Razor/114_Heroes_Icons/ReplaceableTextures	14	89264	0	.blp:7, .png:7
Dota Mod Project/Tools/HeroWorkshop2/assets/icons/catalog/sources/icon-audit/Heroes/Razor/114_Heroes_Icons/ReplaceableTextures/CommandButtons	6	42528	6	.blp:3, .png:3
Dota Mod Project/Tools/HeroWorkshop2/assets/icons/catalog/sources/icon-audit/Heroes/Razor/114_Heroes_Icons/ReplaceableTextures/CommandButtonsDisabled	6	31578	6	.blp:3, .png:3
Dota Mod Project/Tools/HeroWorkshop2/assets/icons/catalog/sources/icon-audit/Heroes/Razor/114_Heroes_Icons/ReplaceableTextures/PassiveButtons	2	15158	2	.blp:1, .png:1
Dota Mod Project/Tools/HeroWorkshop2/assets/icons/catalog/sources/icon-audit/Heroes/Razor/Dota_1_5	4	23598	0	.blp:2, .png:2
Dota Mod Project/Tools/HeroWorkshop2/assets/icons/catalog/sources/icon-audit/Heroes/Razor/Dota_1_5/ReplaceableTextures	4	23598	0	.blp:2, .png:2
Dota Mod Project/Tools/HeroWorkshop2/assets/icons/catalog/sources/icon-audit/Heroes/Razor/Dota_1_5/ReplaceableTextures/CommandButtons	2	14190	2	.blp:1, .png:1
Dota Mod Project/Tools/HeroWorkshop2/assets/icons/catalog/sources/icon-audit/Heroes/Razor/Dota_1_5/ReplaceableTextures/CommandButtonsDisabled	2	9408	2	.blp:1, .png:1
Dota Mod Project/Tools/HeroWorkshop2/assets/icons/catalog/sources/icon-audit/Heroes/Riki	18	106627	0	.blp:9, .png:9
Dota Mod Project/Tools/HeroWorkshop2/assets/icons/catalog/sources/icon-audit/Heroes/Riki/114_Heroes_Icons	14	84522	0	.blp:7, .png:7
Dota Mod Project/Tools/HeroWorkshop2/assets/icons/catalog/sources/icon-audit/Heroes/Riki/114_Heroes_Icons/ReplaceableTextures	14	84522	0	.blp:7, .png:7
Dota Mod Project/Tools/HeroWorkshop2/assets/icons/catalog/sources/icon-audit/Heroes/Riki/114_Heroes_Icons/ReplaceableTextures/CommandButtons	6	40144	6	.blp:3, .png:3
Dota Mod Project/Tools/HeroWorkshop2/assets/icons/catalog/sources/icon-audit/Heroes/Riki/114_Heroes_Icons/ReplaceableTextures/CommandButtonsDisabled	6	33241	6	.blp:3, .png:3
Dota Mod Project/Tools/HeroWorkshop2/assets/icons/catalog/sources/icon-audit/Heroes/Riki/114_Heroes_Icons/ReplaceableTextures/PassiveButtons	2	11137	2	.blp:1, .png:1
Dota Mod Project/Tools/HeroWorkshop2/assets/icons/catalog/sources/icon-audit/Heroes/Riki/Dota_1_5	4	22105	0	.blp:2, .png:2
Dota Mod Project/Tools/HeroWorkshop2/assets/icons/catalog/sources/icon-audit/Heroes/Riki/Dota_1_5/ReplaceableTextures	4	22105	0	.blp:2, .png:2
Dota Mod Project/Tools/HeroWorkshop2/assets/icons/catalog/sources/icon-audit/Heroes/Riki/Dota_1_5/ReplaceableTextures/CommandButtons	2	13426	2	.blp:1, .png:1
Dota Mod Project/Tools/HeroWorkshop2/assets/icons/catalog/sources/icon-audit/Heroes/Riki/Dota_1_5/ReplaceableTextures/CommandButtonsDisabled	2	8679	2	.blp:1, .png:1
Dota Mod Project/Tools/HeroWorkshop2/assets/icons/catalog/sources/icon-audit/Heroes/Rubick	16	98000	0	.blp:8, .png:8
Dota Mod Project/Tools/HeroWorkshop2/assets/icons/catalog/sources/icon-audit/Heroes/Rubick/114_Heroes_Icons	16	98000	0	.blp:8, .png:8
Dota Mod Project/Tools/HeroWorkshop2/assets/icons/catalog/sources/icon-audit/Heroes/Rubick/114_Heroes_Icons/ReplaceableTextures	16	98000	0	.blp:8, .png:8
Dota Mod Project/Tools/HeroWorkshop2/assets/icons/catalog/sources/icon-audit/Heroes/Rubick/114_Heroes_Icons/ReplaceableTextures/CommandButtons	8	54889	8	.blp:4, .png:4
Dota Mod Project/Tools/HeroWorkshop2/assets/icons/catalog/sources/icon-audit/Heroes/Rubick/114_Heroes_Icons/ReplaceableTextures/CommandButtonsDisabled	8	43111	8	.blp:4, .png:4
Dota Mod Project/Tools/HeroWorkshop2/assets/icons/catalog/sources/icon-audit/Heroes/Sand King	4	22386	0	.blp:2, .png:2
Dota Mod Project/Tools/HeroWorkshop2/assets/icons/catalog/sources/icon-audit/Heroes/Sand King/Dota_1_5	4	22386	0	.blp:2, .png:2
Dota Mod Project/Tools/HeroWorkshop2/assets/icons/catalog/sources/icon-audit/Heroes/Sand King/Dota_1_5/ReplaceableTextures	4	22386	0	.blp:2, .png:2
Dota Mod Project/Tools/HeroWorkshop2/assets/icons/catalog/sources/icon-audit/Heroes/Sand King/Dota_1_5/ReplaceableTextures/CommandButtons	2	13571	2	.blp:1, .png:1
Dota Mod Project/Tools/HeroWorkshop2/assets/icons/catalog/sources/icon-audit/Heroes/Sand King/Dota_1_5/ReplaceableTextures/CommandButtonsDisabled	2	8815	2	.blp:1, .png:1
Dota Mod Project/Tools/HeroWorkshop2/assets/icons/catalog/sources/icon-audit/Heroes/Shadow Shaman	12	78272	0	.blp:6, .png:6
Dota Mod Project/Tools/HeroWorkshop2/assets/icons/catalog/sources/icon-audit/Heroes/Shadow Shaman/114_Heroes_Icons	8	51946	0	.blp:4, .png:4
Dota Mod Project/Tools/HeroWorkshop2/assets/icons/catalog/sources/icon-audit/Heroes/Shadow Shaman/114_Heroes_Icons/ReplaceableTextures	8	51946	0	.blp:4, .png:4
Dota Mod Project/Tools/HeroWorkshop2/assets/icons/catalog/sources/icon-audit/Heroes/Shadow Shaman/114_Heroes_Icons/ReplaceableTextures/CommandButtons	4	29243	4	.blp:2, .png:2
Dota Mod Project/Tools/HeroWorkshop2/assets/icons/catalog/sources/icon-audit/Heroes/Shadow Shaman/114_Heroes_Icons/ReplaceableTextures/CommandButtonsDisabled	4	22703	4	.blp:2, .png:2
Dota Mod Project/Tools/HeroWorkshop2/assets/icons/catalog/sources/icon-audit/Heroes/Shadow Shaman/Dota_1_5	4	26326	0	.blp:2, .png:2
Dota Mod Project/Tools/HeroWorkshop2/assets/icons/catalog/sources/icon-audit/Heroes/Shadow Shaman/Dota_1_5/ReplaceableTextures	4	26326	0	.blp:2, .png:2
Dota Mod Project/Tools/HeroWorkshop2/assets/icons/catalog/sources/icon-audit/Heroes/Shadow Shaman/Dota_1_5/ReplaceableTextures/CommandButtons	2	15244	2	.blp:1, .png:1
Dota Mod Project/Tools/HeroWorkshop2/assets/icons/catalog/sources/icon-audit/Heroes/Shadow Shaman/Dota_1_5/ReplaceableTextures/CommandButtonsDisabled	2	11082	2	.blp:1, .png:1
Dota Mod Project/Tools/HeroWorkshop2/assets/icons/catalog/sources/icon-audit/Heroes/Silencer	14	108927	0	.blp:7, .png:7
Dota Mod Project/Tools/HeroWorkshop2/assets/icons/catalog/sources/icon-audit/Heroes/Silencer/114_Heroes_Icons	10	69336	0	.blp:5, .png:5
Dota Mod Project/Tools/HeroWorkshop2/assets/icons/catalog/sources/icon-audit/Heroes/Silencer/114_Heroes_Icons/ReplaceableTextures	10	69336	0	.blp:5, .png:5
Dota Mod Project/Tools/HeroWorkshop2/assets/icons/catalog/sources/icon-audit/Heroes/Silencer/114_Heroes_Icons/ReplaceableTextures/AutoCastButtons	2	15713	2	.blp:1, .png:1
Dota Mod Project/Tools/HeroWorkshop2/assets/icons/catalog/sources/icon-audit/Heroes/Silencer/114_Heroes_Icons/ReplaceableTextures/CommandButtons	4	29666	4	.blp:2, .png:2
Dota Mod Project/Tools/HeroWorkshop2/assets/icons/catalog/sources/icon-audit/Heroes/Silencer/114_Heroes_Icons/ReplaceableTextures/CommandButtonsDisabled	4	23957	4	.blp:2, .png:2
Dota Mod Project/Tools/HeroWorkshop2/assets/icons/catalog/sources/icon-audit/Heroes/Silencer/Dota_1_5	4	39591	0	.blp:2, .png:2
Dota Mod Project/Tools/HeroWorkshop2/assets/icons/catalog/sources/icon-audit/Heroes/Silencer/Dota_1_5/ReplaceableTextures	4	39591	0	.blp:2, .png:2
Dota Mod Project/Tools/HeroWorkshop2/assets/icons/catalog/sources/icon-audit/Heroes/Silencer/Dota_1_5/ReplaceableTextures/CommandButtons	2	22658	2	.blp:1, .png:1
Dota Mod Project/Tools/HeroWorkshop2/assets/icons/catalog/sources/icon-audit/Heroes/Silencer/Dota_1_5/ReplaceableTextures/CommandButtonsDisabled	2	16933	2	.blp:1, .png:1
Dota Mod Project/Tools/HeroWorkshop2/assets/icons/catalog/sources/icon-audit/Heroes/Slardar	4	27762	0	.blp:2, .png:2
Dota Mod Project/Tools/HeroWorkshop2/assets/icons/catalog/sources/icon-audit/Heroes/Slardar/Dota_1_5	4	27762	0	.blp:2, .png:2
Dota Mod Project/Tools/HeroWorkshop2/assets/icons/catalog/sources/icon-audit/Heroes/Slardar/Dota_1_5/ReplaceableTextures	4	27762	0	.blp:2, .png:2
Dota Mod Project/Tools/HeroWorkshop2/assets/icons/catalog/sources/icon-audit/Heroes/Slardar/Dota_1_5/ReplaceableTextures/CommandButtons	2	16237	2	.blp:1, .png:1
Dota Mod Project/Tools/HeroWorkshop2/assets/icons/catalog/sources/icon-audit/Heroes/Slardar/Dota_1_5/ReplaceableTextures/CommandButtonsDisabled	2	11525	2	.blp:1, .png:1
Dota Mod Project/Tools/HeroWorkshop2/assets/icons/catalog/sources/icon-audit/Heroes/Slark	4	26690	0	.blp:2, .png:2
Dota Mod Project/Tools/HeroWorkshop2/assets/icons/catalog/sources/icon-audit/Heroes/Slark/114_Heroes_Icons	4	26690	0	.blp:2, .png:2
Dota Mod Project/Tools/HeroWorkshop2/assets/icons/catalog/sources/icon-audit/Heroes/Slark/114_Heroes_Icons/ReplaceableTextures	4	26690	0	.blp:2, .png:2
Dota Mod Project/Tools/HeroWorkshop2/assets/icons/catalog/sources/icon-audit/Heroes/Slark/114_Heroes_Icons/ReplaceableTextures/CommandButtons	2	14952	2	.blp:1, .png:1
Dota Mod Project/Tools/HeroWorkshop2/assets/icons/catalog/sources/icon-audit/Heroes/Slark/114_Heroes_Icons/ReplaceableTextures/CommandButtonsDisabled	2	11738	2	.blp:1, .png:1
Dota Mod Project/Tools/HeroWorkshop2/assets/icons/catalog/sources/icon-audit/Heroes/Sniper	14	79132	0	.blp:7, .png:7
Dota Mod Project/Tools/HeroWorkshop2/assets/icons/catalog/sources/icon-audit/Heroes/Sniper/114_Heroes_Icons	14	79132	0	.blp:7, .png:7
Dota Mod Project/Tools/HeroWorkshop2/assets/icons/catalog/sources/icon-audit/Heroes/Sniper/114_Heroes_Icons/ReplaceableTextures	14	79132	0	.blp:7, .png:7
Dota Mod Project/Tools/HeroWorkshop2/assets/icons/catalog/sources/icon-audit/Heroes/Sniper/114_Heroes_Icons/ReplaceableTextures/CommandButtons	6	39392	6	.blp:3, .png:3
Dota Mod Project/Tools/HeroWorkshop2/assets/icons/catalog/sources/icon-audit/Heroes/Sniper/114_Heroes_Icons/ReplaceableTextures/CommandButtonsDisabled	6	28316	6	.blp:3, .png:3
Dota Mod Project/Tools/HeroWorkshop2/assets/icons/catalog/sources/icon-audit/Heroes/Sniper/114_Heroes_Icons/ReplaceableTextures/PassiveButtons	2	11424	2	.blp:1, .png:1
Dota Mod Project/Tools/HeroWorkshop2/assets/icons/catalog/sources/icon-audit/Heroes/Spectre	22	146885	0	.blp:11, .png:11
Dota Mod Project/Tools/HeroWorkshop2/assets/icons/catalog/sources/icon-audit/Heroes/Spectre/114_Heroes_Icons	22	146885	0	.blp:11, .png:11
Dota Mod Project/Tools/HeroWorkshop2/assets/icons/catalog/sources/icon-audit/Heroes/Spectre/114_Heroes_Icons/ReplaceableTextures	22	146885	0	.blp:11, .png:11
Dota Mod Project/Tools/HeroWorkshop2/assets/icons/catalog/sources/icon-audit/Heroes/Spectre/114_Heroes_Icons/ReplaceableTextures/CommandButtons	10	72836	10	.blp:5, .png:5
Dota Mod Project/Tools/HeroWorkshop2/assets/icons/catalog/sources/icon-audit/Heroes/Spectre/114_Heroes_Icons/ReplaceableTextures/CommandButtonsDisabled	10	57295	10	.blp:5, .png:5
Dota Mod Project/Tools/HeroWorkshop2/assets/icons/catalog/sources/icon-audit/Heroes/Spectre/114_Heroes_Icons/ReplaceableTextures/PassiveButtons	2	16754	2	.blp:1, .png:1
Dota Mod Project/Tools/HeroWorkshop2/assets/icons/catalog/sources/icon-audit/Heroes/Spirit Breaker	14	89603	0	.blp:7, .png:7
Dota Mod Project/Tools/HeroWorkshop2/assets/icons/catalog/sources/icon-audit/Heroes/Spirit Breaker/114_Heroes_Icons	14	89603	0	.blp:7, .png:7
Dota Mod Project/Tools/HeroWorkshop2/assets/icons/catalog/sources/icon-audit/Heroes/Spirit Breaker/114_Heroes_Icons/ReplaceableTextures	14	89603	0	.blp:7, .png:7
Dota Mod Project/Tools/HeroWorkshop2/assets/icons/catalog/sources/icon-audit/Heroes/Spirit Breaker/114_Heroes_Icons/ReplaceableTextures/CommandButtons	6	43059	6	.blp:3, .png:3
Dota Mod Project/Tools/HeroWorkshop2/assets/icons/catalog/sources/icon-audit/Heroes/Spirit Breaker/114_Heroes_Icons/ReplaceableTextures/CommandButtonsDisabled	6	32331	6	.blp:3, .png:3
Dota Mod Project/Tools/HeroWorkshop2/assets/icons/catalog/sources/icon-audit/Heroes/Spirit Breaker/114_Heroes_Icons/ReplaceableTextures/PassiveButtons	2	14213	2	.blp:1, .png:1
Dota Mod Project/Tools/HeroWorkshop2/assets/icons/catalog/sources/icon-audit/Heroes/Storm Spirit	82	538327	0	.blp:41, .png:41
Dota Mod Project/Tools/HeroWorkshop2/assets/icons/catalog/sources/icon-audit/Heroes/Storm Spirit/114_Heroes_Icons	44	277885	0	.blp:22, .png:22
Dota Mod Project/Tools/HeroWorkshop2/assets/icons/catalog/sources/icon-audit/Heroes/Storm Spirit/114_Heroes_Icons/ReplaceableTextures	44	277885	0	.blp:22, .png:22
Dota Mod Project/Tools/HeroWorkshop2/assets/icons/catalog/sources/icon-audit/Heroes/Storm Spirit/114_Heroes_Icons/ReplaceableTextures/CommandButtons	20	142530	20	.blp:10, .png:10
Dota Mod Project/Tools/HeroWorkshop2/assets/icons/catalog/sources/icon-audit/Heroes/Storm Spirit/114_Heroes_Icons/ReplaceableTextures/CommandButtonsDisabled	22	121084	22	.blp:11, .png:11
Dota Mod Project/Tools/HeroWorkshop2/assets/icons/catalog/sources/icon-audit/Heroes/Storm Spirit/114_Heroes_Icons/ReplaceableTextures/PassiveButtons	2	14271	2	.blp:1, .png:1
Dota Mod Project/Tools/HeroWorkshop2/assets/icons/catalog/sources/icon-audit/Heroes/Storm Spirit/Dota_1_5	38	260442	0	.blp:19, .png:19
Dota Mod Project/Tools/HeroWorkshop2/assets/icons/catalog/sources/icon-audit/Heroes/Storm Spirit/Dota_1_5/ReplaceableTextures	38	260442	0	.blp:19, .png:19
Dota Mod Project/Tools/HeroWorkshop2/assets/icons/catalog/sources/icon-audit/Heroes/Storm Spirit/Dota_1_5/ReplaceableTextures/CommandButtons	18	144327	18	.blp:9, .png:9
Dota Mod Project/Tools/HeroWorkshop2/assets/icons/catalog/sources/icon-audit/Heroes/Storm Spirit/Dota_1_5/ReplaceableTextures/CommandButtonsDisabled	20	116115	20	.blp:10, .png:10
Dota Mod Project/Tools/HeroWorkshop2/assets/icons/catalog/sources/icon-audit/Heroes/Sven	8	49155	0	.blp:4, .png:4
Dota Mod Project/Tools/HeroWorkshop2/assets/icons/catalog/sources/icon-audit/Heroes/Sven/114_Heroes_Icons	8	49155	0	.blp:4, .png:4
Dota Mod Project/Tools/HeroWorkshop2/assets/icons/catalog/sources/icon-audit/Heroes/Sven/114_Heroes_Icons/ReplaceableTextures	8	49155	0	.blp:4, .png:4
Dota Mod Project/Tools/HeroWorkshop2/assets/icons/catalog/sources/icon-audit/Heroes/Sven/114_Heroes_Icons/ReplaceableTextures/CommandButtons	4	28332	4	.blp:2, .png:2
Dota Mod Project/Tools/HeroWorkshop2/assets/icons/catalog/sources/icon-audit/Heroes/Sven/114_Heroes_Icons/ReplaceableTextures/CommandButtonsDisabled	4	20823	4	.blp:2, .png:2
Dota Mod Project/Tools/HeroWorkshop2/assets/icons/catalog/sources/icon-audit/Heroes/Terrorblade	8	47905	0	.blp:4, .png:4
Dota Mod Project/Tools/HeroWorkshop2/assets/icons/catalog/sources/icon-audit/Heroes/Terrorblade/114_Heroes_Icons	4	23773	0	.blp:2, .png:2
Dota Mod Project/Tools/HeroWorkshop2/assets/icons/catalog/sources/icon-audit/Heroes/Terrorblade/114_Heroes_Icons/ReplaceableTextures	4	23773	0	.blp:2, .png:2
Dota Mod Project/Tools/HeroWorkshop2/assets/icons/catalog/sources/icon-audit/Heroes/Terrorblade/114_Heroes_Icons/ReplaceableTextures/CommandButtons	2	13777	2	.blp:1, .png:1
Dota Mod Project/Tools/HeroWorkshop2/assets/icons/catalog/sources/icon-audit/Heroes/Terrorblade/114_Heroes_Icons/ReplaceableTextures/CommandButtonsDisabled	2	9996	2	.blp:1, .png:1
Dota Mod Project/Tools/HeroWorkshop2/assets/icons/catalog/sources/icon-audit/Heroes/Terrorblade/Dota_1_5	4	24132	0	.blp:2, .png:2
Dota Mod Project/Tools/HeroWorkshop2/assets/icons/catalog/sources/icon-audit/Heroes/Terrorblade/Dota_1_5/ReplaceableTextures	4	24132	0	.blp:2, .png:2
Dota Mod Project/Tools/HeroWorkshop2/assets/icons/catalog/sources/icon-audit/Heroes/Terrorblade/Dota_1_5/ReplaceableTextures/CommandButtons	2	14136	2	.blp:1, .png:1
Dota Mod Project/Tools/HeroWorkshop2/assets/icons/catalog/sources/icon-audit/Heroes/Terrorblade/Dota_1_5/ReplaceableTextures/CommandButtonsDisabled	2	9996	2	.blp:1, .png:1
Dota Mod Project/Tools/HeroWorkshop2/assets/icons/catalog/sources/icon-audit/Heroes/Tidehunter	12	98273	0	.blp:6, .png:6
Dota Mod Project/Tools/HeroWorkshop2/assets/icons/catalog/sources/icon-audit/Heroes/Tidehunter/114_Heroes_Icons	8	58184	0	.blp:4, .png:4
Dota Mod Project/Tools/HeroWorkshop2/assets/icons/catalog/sources/icon-audit/Heroes/Tidehunter/114_Heroes_Icons/ReplaceableTextures	8	58184	0	.blp:4, .png:4
Dota Mod Project/Tools/HeroWorkshop2/assets/icons/catalog/sources/icon-audit/Heroes/Tidehunter/114_Heroes_Icons/ReplaceableTextures/CommandButtons	4	30496	4	.blp:2, .png:2
Dota Mod Project/Tools/HeroWorkshop2/assets/icons/catalog/sources/icon-audit/Heroes/Tidehunter/114_Heroes_Icons/ReplaceableTextures/CommandButtonsDisabled	2	12082	2	.blp:1, .png:1
Dota Mod Project/Tools/HeroWorkshop2/assets/icons/catalog/sources/icon-audit/Heroes/Tidehunter/114_Heroes_Icons/ReplaceableTextures/PassiveButtons	2	15606	2	.blp:1, .png:1
Dota Mod Project/Tools/HeroWorkshop2/assets/icons/catalog/sources/icon-audit/Heroes/Tidehunter/Dota_1_5	4	40089	0	.blp:2, .png:2
Dota Mod Project/Tools/HeroWorkshop2/assets/icons/catalog/sources/icon-audit/Heroes/Tidehunter/Dota_1_5/ReplaceableTextures	4	40089	0	.blp:2, .png:2
Dota Mod Project/Tools/HeroWorkshop2/assets/icons/catalog/sources/icon-audit/Heroes/Tidehunter/Dota_1_5/ReplaceableTextures/CommandButtons	2	23494	2	.blp:1, .png:1
Dota Mod Project/Tools/HeroWorkshop2/assets/icons/catalog/sources/icon-audit/Heroes/Tidehunter/Dota_1_5/ReplaceableTextures/CommandButtonsDisabled	2	16595	2	.blp:1, .png:1
Dota Mod Project/Tools/HeroWorkshop2/assets/icons/catalog/sources/icon-audit/Heroes/Timbersaw	8	54792	0	.blp:4, .png:4
Dota Mod Project/Tools/HeroWorkshop2/assets/icons/catalog/sources/icon-audit/Heroes/Timbersaw/114_Heroes_Icons	4	26895	0	.blp:2, .png:2
Dota Mod Project/Tools/HeroWorkshop2/assets/icons/catalog/sources/icon-audit/Heroes/Timbersaw/114_Heroes_Icons/ReplaceableTextures	4	26895	0	.blp:2, .png:2
Dota Mod Project/Tools/HeroWorkshop2/assets/icons/catalog/sources/icon-audit/Heroes/Timbersaw/114_Heroes_Icons/ReplaceableTextures/CommandButtons	2	14941	2	.blp:1, .png:1
Dota Mod Project/Tools/HeroWorkshop2/assets/icons/catalog/sources/icon-audit/Heroes/Timbersaw/114_Heroes_Icons/ReplaceableTextures/CommandButtonsDisabled	2	11954	2	.blp:1, .png:1
Dota Mod Project/Tools/HeroWorkshop2/assets/icons/catalog/sources/icon-audit/Heroes/Timbersaw/Dota_1_5	4	27897	0	.blp:2, .png:2
Dota Mod Project/Tools/HeroWorkshop2/assets/icons/catalog/sources/icon-audit/Heroes/Timbersaw/Dota_1_5/ReplaceableTextures	4	27897	0	.blp:2, .png:2
Dota Mod Project/Tools/HeroWorkshop2/assets/icons/catalog/sources/icon-audit/Heroes/Timbersaw/Dota_1_5/ReplaceableTextures/CommandButtons	2	17348	2	.blp:1, .png:1
Dota Mod Project/Tools/HeroWorkshop2/assets/icons/catalog/sources/icon-audit/Heroes/Timbersaw/Dota_1_5/ReplaceableTextures/CommandButtonsDisabled	2	10549	2	.blp:1, .png:1
Dota Mod Project/Tools/HeroWorkshop2/assets/icons/catalog/sources/icon-audit/Heroes/Tinker	24	140285	0	.blp:12, .png:12
Dota Mod Project/Tools/HeroWorkshop2/assets/icons/catalog/sources/icon-audit/Heroes/Tinker/114_Heroes_Icons	16	90332	0	.blp:8, .png:8
Dota Mod Project/Tools/HeroWorkshop2/assets/icons/catalog/sources/icon-audit/Heroes/Tinker/114_Heroes_Icons/ReplaceableTextures	16	90332	0	.blp:8, .png:8
Dota Mod Project/Tools/HeroWorkshop2/assets/icons/catalog/sources/icon-audit/Heroes/Tinker/114_Heroes_Icons/ReplaceableTextures/CommandButtons	8	52664	8	.blp:4, .png:4
Dota Mod Project/Tools/HeroWorkshop2/assets/icons/catalog/sources/icon-audit/Heroes/Tinker/114_Heroes_Icons/ReplaceableTextures/CommandButtonsDisabled	8	37668	8	.blp:4, .png:4
Dota Mod Project/Tools/HeroWorkshop2/assets/icons/catalog/sources/icon-audit/Heroes/Tinker/Dota_1_5	8	49953	0	.blp:4, .png:4
Dota Mod Project/Tools/HeroWorkshop2/assets/icons/catalog/sources/icon-audit/Heroes/Tinker/Dota_1_5/ReplaceableTextures	8	49953	0	.blp:4, .png:4
Dota Mod Project/Tools/HeroWorkshop2/assets/icons/catalog/sources/icon-audit/Heroes/Tinker/Dota_1_5/ReplaceableTextures/CommandButtons	4	29424	4	.blp:2, .png:2
Dota Mod Project/Tools/HeroWorkshop2/assets/icons/catalog/sources/icon-audit/Heroes/Tinker/Dota_1_5/ReplaceableTextures/CommandButtonsDisabled	4	20529	4	.blp:2, .png:2
Dota Mod Project/Tools/HeroWorkshop2/assets/icons/catalog/sources/icon-audit/Heroes/Tiny	18	130548	0	.blp:9, .png:9
Dota Mod Project/Tools/HeroWorkshop2/assets/icons/catalog/sources/icon-audit/Heroes/Tiny/114_Heroes_Icons	14	101153	0	.blp:7, .png:7
Dota Mod Project/Tools/HeroWorkshop2/assets/icons/catalog/sources/icon-audit/Heroes/Tiny/114_Heroes_Icons/ReplaceableTextures	14	101153	0	.blp:7, .png:7
Dota Mod Project/Tools/HeroWorkshop2/assets/icons/catalog/sources/icon-audit/Heroes/Tiny/114_Heroes_Icons/ReplaceableTextures/CommandButtons	6	47467	6	.blp:3, .png:3
Dota Mod Project/Tools/HeroWorkshop2/assets/icons/catalog/sources/icon-audit/Heroes/Tiny/114_Heroes_Icons/ReplaceableTextures/CommandButtonsDisabled	6	38229	6	.blp:3, .png:3
Dota Mod Project/Tools/HeroWorkshop2/assets/icons/catalog/sources/icon-audit/Heroes/Tiny/114_Heroes_Icons/ReplaceableTextures/PassiveButtons	2	15457	2	.blp:1, .png:1
Dota Mod Project/Tools/HeroWorkshop2/assets/icons/catalog/sources/icon-audit/Heroes/Tiny/Dota_1_5	4	29395	0	.blp:2, .png:2
Dota Mod Project/Tools/HeroWorkshop2/assets/icons/catalog/sources/icon-audit/Heroes/Tiny/Dota_1_5/ReplaceableTextures	4	29395	0	.blp:2, .png:2
Dota Mod Project/Tools/HeroWorkshop2/assets/icons/catalog/sources/icon-audit/Heroes/Tiny/Dota_1_5/ReplaceableTextures/CommandButtons	2	16906	2	.blp:1, .png:1
Dota Mod Project/Tools/HeroWorkshop2/assets/icons/catalog/sources/icon-audit/Heroes/Tiny/Dota_1_5/ReplaceableTextures/CommandButtonsDisabled	2	12489	2	.blp:1, .png:1
Dota Mod Project/Tools/HeroWorkshop2/assets/icons/catalog/sources/icon-audit/Heroes/Troll Warlord	8	51794	0	.blp:4, .png:4
Dota Mod Project/Tools/HeroWorkshop2/assets/icons/catalog/sources/icon-audit/Heroes/Troll Warlord/114_Heroes_Icons	4	24289	0	.blp:2, .png:2
Dota Mod Project/Tools/HeroWorkshop2/assets/icons/catalog/sources/icon-audit/Heroes/Troll Warlord/114_Heroes_Icons/ReplaceableTextures	4	24289	0	.blp:2, .png:2
Dota Mod Project/Tools/HeroWorkshop2/assets/icons/catalog/sources/icon-audit/Heroes/Troll Warlord/114_Heroes_Icons/ReplaceableTextures/CommandButtons	2	14107	2	.blp:1, .png:1
Dota Mod Project/Tools/HeroWorkshop2/assets/icons/catalog/sources/icon-audit/Heroes/Troll Warlord/114_Heroes_Icons/ReplaceableTextures/CommandButtonsDisabled	2	10182	2	.blp:1, .png:1
Dota Mod Project/Tools/HeroWorkshop2/assets/icons/catalog/sources/icon-audit/Heroes/Troll Warlord/Dota_1_5	4	27505	0	.blp:2, .png:2
Dota Mod Project/Tools/HeroWorkshop2/assets/icons/catalog/sources/icon-audit/Heroes/Troll Warlord/Dota_1_5/ReplaceableTextures	4	27505	0	.blp:2, .png:2
Dota Mod Project/Tools/HeroWorkshop2/assets/icons/catalog/sources/icon-audit/Heroes/Troll Warlord/Dota_1_5/ReplaceableTextures/CommandButtons	2	15047	2	.blp:1, .png:1
Dota Mod Project/Tools/HeroWorkshop2/assets/icons/catalog/sources/icon-audit/Heroes/Troll Warlord/Dota_1_5/ReplaceableTextures/CommandButtonsDisabled	2	12458	2	.blp:1, .png:1
Dota Mod Project/Tools/HeroWorkshop2/assets/icons/catalog/sources/icon-audit/Heroes/Tusk	22	146855	0	.blp:11, .png:11
Dota Mod Project/Tools/HeroWorkshop2/assets/icons/catalog/sources/icon-audit/Heroes/Tusk/114_Heroes_Icons	22	146855	0	.blp:11, .png:11
Dota Mod Project/Tools/HeroWorkshop2/assets/icons/catalog/sources/icon-audit/Heroes/Tusk/114_Heroes_Icons/ReplaceableTextures	22	146855	0	.blp:11, .png:11
Dota Mod Project/Tools/HeroWorkshop2/assets/icons/catalog/sources/icon-audit/Heroes/Tusk/114_Heroes_Icons/ReplaceableTextures/AutoCastButtons	2	16657	2	.blp:1, .png:1
Dota Mod Project/Tools/HeroWorkshop2/assets/icons/catalog/sources/icon-audit/Heroes/Tusk/114_Heroes_Icons/ReplaceableTextures/CommandButtons	10	71352	10	.blp:5, .png:5
Dota Mod Project/Tools/HeroWorkshop2/assets/icons/catalog/sources/icon-audit/Heroes/Tusk/114_Heroes_Icons/ReplaceableTextures/CommandButtonsDisabled	10	58846	10	.blp:5, .png:5
Dota Mod Project/Tools/HeroWorkshop2/assets/icons/catalog/sources/icon-audit/Heroes/Ursa	8	42923	0	.blp:4, .png:4
Dota Mod Project/Tools/HeroWorkshop2/assets/icons/catalog/sources/icon-audit/Heroes/Ursa/114_Heroes_Icons	8	42923	0	.blp:4, .png:4
Dota Mod Project/Tools/HeroWorkshop2/assets/icons/catalog/sources/icon-audit/Heroes/Ursa/114_Heroes_Icons/ReplaceableTextures	8	42923	0	.blp:4, .png:4
Dota Mod Project/Tools/HeroWorkshop2/assets/icons/catalog/sources/icon-audit/Heroes/Ursa/114_Heroes_Icons/ReplaceableTextures/CommandButtons	4	25765	4	.blp:2, .png:2
Dota Mod Project/Tools/HeroWorkshop2/assets/icons/catalog/sources/icon-audit/Heroes/Ursa/114_Heroes_Icons/ReplaceableTextures/CommandButtonsDisabled	4	17158	4	.blp:2, .png:2
Dota Mod Project/Tools/HeroWorkshop2/assets/icons/catalog/sources/icon-audit/Heroes/Vengeful Spirit	8	46130	0	.blp:4, .png:4
Dota Mod Project/Tools/HeroWorkshop2/assets/icons/catalog/sources/icon-audit/Heroes/Vengeful Spirit/114_Heroes_Icons	4	22505	0	.blp:2, .png:2
Dota Mod Project/Tools/HeroWorkshop2/assets/icons/catalog/sources/icon-audit/Heroes/Vengeful Spirit/114_Heroes_Icons/ReplaceableTextures	4	22505	0	.blp:2, .png:2
Dota Mod Project/Tools/HeroWorkshop2/assets/icons/catalog/sources/icon-audit/Heroes/Vengeful Spirit/114_Heroes_Icons/ReplaceableTextures/CommandButtons	2	13528	2	.blp:1, .png:1
Dota Mod Project/Tools/HeroWorkshop2/assets/icons/catalog/sources/icon-audit/Heroes/Vengeful Spirit/114_Heroes_Icons/ReplaceableTextures/CommandButtonsDisabled	2	8977	2	.blp:1, .png:1
Dota Mod Project/Tools/HeroWorkshop2/assets/icons/catalog/sources/icon-audit/Heroes/Vengeful Spirit/Dota_1_5	4	23625	0	.blp:2, .png:2
Dota Mod Project/Tools/HeroWorkshop2/assets/icons/catalog/sources/icon-audit/Heroes/Vengeful Spirit/Dota_1_5/ReplaceableTextures	4	23625	0	.blp:2, .png:2
Dota Mod Project/Tools/HeroWorkshop2/assets/icons/catalog/sources/icon-audit/Heroes/Vengeful Spirit/Dota_1_5/ReplaceableTextures/CommandButtons	2	13209	2	.blp:1, .png:1
Dota Mod Project/Tools/HeroWorkshop2/assets/icons/catalog/sources/icon-audit/Heroes/Vengeful Spirit/Dota_1_5/ReplaceableTextures/CommandButtonsDisabled	2	10416	2	.blp:1, .png:1
Dota Mod Project/Tools/HeroWorkshop2/assets/icons/catalog/sources/icon-audit/Heroes/Venomancer	30	195159	0	.blp:15, .png:15
Dota Mod Project/Tools/HeroWorkshop2/assets/icons/catalog/sources/icon-audit/Heroes/Venomancer/114_Heroes_Icons	16	98840	0	.blp:8, .png:8
Dota Mod Project/Tools/HeroWorkshop2/assets/icons/catalog/sources/icon-audit/Heroes/Venomancer/114_Heroes_Icons/ReplaceableTextures	16	98840	0	.blp:8, .png:8
Dota Mod Project/Tools/HeroWorkshop2/assets/icons/catalog/sources/icon-audit/Heroes/Venomancer/114_Heroes_Icons/ReplaceableTextures/CommandButtons	8	56234	8	.blp:4, .png:4
Dota Mod Project/Tools/HeroWorkshop2/assets/icons/catalog/sources/icon-audit/Heroes/Venomancer/114_Heroes_Icons/ReplaceableTextures/CommandButtonsDisabled	8	42606	8	.blp:4, .png:4
Dota Mod Project/Tools/HeroWorkshop2/assets/icons/catalog/sources/icon-audit/Heroes/Venomancer/Dota_1_5	14	96319	0	.blp:7, .png:7
Dota Mod Project/Tools/HeroWorkshop2/assets/icons/catalog/sources/icon-audit/Heroes/Venomancer/Dota_1_5/ReplaceableTextures	14	96319	0	.blp:7, .png:7
Dota Mod Project/Tools/HeroWorkshop2/assets/icons/catalog/sources/icon-audit/Heroes/Venomancer/Dota_1_5/ReplaceableTextures/CommandButtons	6	50104	6	.blp:3, .png:3
Dota Mod Project/Tools/HeroWorkshop2/assets/icons/catalog/sources/icon-audit/Heroes/Venomancer/Dota_1_5/ReplaceableTextures/CommandButtonsDisabled	8	46215	8	.blp:4, .png:4
Dota Mod Project/Tools/HeroWorkshop2/assets/icons/catalog/sources/icon-audit/Heroes/Viper	10	63021	0	.blp:5, .png:5
Dota Mod Project/Tools/HeroWorkshop2/assets/icons/catalog/sources/icon-audit/Heroes/Viper/114_Heroes_Icons	10	63021	0	.blp:5, .png:5
Dota Mod Project/Tools/HeroWorkshop2/assets/icons/catalog/sources/icon-audit/Heroes/Viper/114_Heroes_Icons/ReplaceableTextures	10	63021	0	.blp:5, .png:5
Dota Mod Project/Tools/HeroWorkshop2/assets/icons/catalog/sources/icon-audit/Heroes/Viper/114_Heroes_Icons/ReplaceableTextures/CommandButtons	4	28049	4	.blp:2, .png:2
Dota Mod Project/Tools/HeroWorkshop2/assets/icons/catalog/sources/icon-audit/Heroes/Viper/114_Heroes_Icons/ReplaceableTextures/CommandButtonsDisabled	4	21637	4	.blp:2, .png:2
Dota Mod Project/Tools/HeroWorkshop2/assets/icons/catalog/sources/icon-audit/Heroes/Viper/114_Heroes_Icons/ReplaceableTextures/PassiveButtons	2	13335	2	.blp:1, .png:1
Dota Mod Project/Tools/HeroWorkshop2/assets/icons/catalog/sources/icon-audit/Heroes/Visage	4	24404	0	.blp:2, .png:2
Dota Mod Project/Tools/HeroWorkshop2/assets/icons/catalog/sources/icon-audit/Heroes/Visage/114_Heroes_Icons	4	24404	0	.blp:2, .png:2
Dota Mod Project/Tools/HeroWorkshop2/assets/icons/catalog/sources/icon-audit/Heroes/Visage/114_Heroes_Icons/ReplaceableTextures	4	24404	0	.blp:2, .png:2
Dota Mod Project/Tools/HeroWorkshop2/assets/icons/catalog/sources/icon-audit/Heroes/Visage/114_Heroes_Icons/ReplaceableTextures/CommandButtons	2	14118	2	.blp:1, .png:1
Dota Mod Project/Tools/HeroWorkshop2/assets/icons/catalog/sources/icon-audit/Heroes/Visage/114_Heroes_Icons/ReplaceableTextures/CommandButtonsDisabled	2	10286	2	.blp:1, .png:1
Dota Mod Project/Tools/HeroWorkshop2/assets/icons/catalog/sources/icon-audit/Heroes/Warlock	8	49752	0	.blp:4, .png:4
Dota Mod Project/Tools/HeroWorkshop2/assets/icons/catalog/sources/icon-audit/Heroes/Warlock/114_Heroes_Icons	8	49752	0	.blp:4, .png:4
Dota Mod Project/Tools/HeroWorkshop2/assets/icons/catalog/sources/icon-audit/Heroes/Warlock/114_Heroes_Icons/ReplaceableTextures	8	49752	0	.blp:4, .png:4
Dota Mod Project/Tools/HeroWorkshop2/assets/icons/catalog/sources/icon-audit/Heroes/Warlock/114_Heroes_Icons/ReplaceableTextures/CommandButtons	4	27455	4	.blp:2, .png:2
Dota Mod Project/Tools/HeroWorkshop2/assets/icons/catalog/sources/icon-audit/Heroes/Warlock/114_Heroes_Icons/ReplaceableTextures/CommandButtonsDisabled	4	22297	4	.blp:2, .png:2
Dota Mod Project/Tools/HeroWorkshop2/assets/icons/catalog/sources/icon-audit/Heroes/Weaver	16	104526	0	.blp:8, .png:8
Dota Mod Project/Tools/HeroWorkshop2/assets/icons/catalog/sources/icon-audit/Heroes/Weaver/114_Heroes_Icons	12	80036	0	.blp:6, .png:6
Dota Mod Project/Tools/HeroWorkshop2/assets/icons/catalog/sources/icon-audit/Heroes/Weaver/114_Heroes_Icons/ReplaceableTextures	12	80036	0	.blp:6, .png:6
Dota Mod Project/Tools/HeroWorkshop2/assets/icons/catalog/sources/icon-audit/Heroes/Weaver/114_Heroes_Icons/ReplaceableTextures/CommandButtons	6	44950	6	.blp:3, .png:3
Dota Mod Project/Tools/HeroWorkshop2/assets/icons/catalog/sources/icon-audit/Heroes/Weaver/114_Heroes_Icons/ReplaceableTextures/CommandButtonsDisabled	6	35086	6	.blp:3, .png:3
Dota Mod Project/Tools/HeroWorkshop2/assets/icons/catalog/sources/icon-audit/Heroes/Weaver/Dota_1_5	4	24490	0	.blp:2, .png:2
Dota Mod Project/Tools/HeroWorkshop2/assets/icons/catalog/sources/icon-audit/Heroes/Weaver/Dota_1_5/ReplaceableTextures	4	24490	0	.blp:2, .png:2
Dota Mod Project/Tools/HeroWorkshop2/assets/icons/catalog/sources/icon-audit/Heroes/Weaver/Dota_1_5/ReplaceableTextures/CommandButtons	2	14736	2	.blp:1, .png:1
Dota Mod Project/Tools/HeroWorkshop2/assets/icons/catalog/sources/icon-audit/Heroes/Weaver/Dota_1_5/ReplaceableTextures/CommandButtonsDisabled	2	9754	2	.blp:1, .png:1
Dota Mod Project/Tools/HeroWorkshop2/assets/icons/catalog/sources/icon-audit/Heroes/Windranger	4	27110	0	.blp:2, .png:2
Dota Mod Project/Tools/HeroWorkshop2/assets/icons/catalog/sources/icon-audit/Heroes/Windranger/Dota_1_5	4	27110	0	.blp:2, .png:2
Dota Mod Project/Tools/HeroWorkshop2/assets/icons/catalog/sources/icon-audit/Heroes/Windranger/Dota_1_5/ReplaceableTextures	4	27110	0	.blp:2, .png:2
Dota Mod Project/Tools/HeroWorkshop2/assets/icons/catalog/sources/icon-audit/Heroes/Windranger/Dota_1_5/ReplaceableTextures/CommandButtons	2	14987	2	.blp:1, .png:1
Dota Mod Project/Tools/HeroWorkshop2/assets/icons/catalog/sources/icon-audit/Heroes/Windranger/Dota_1_5/ReplaceableTextures/CommandButtonsDisabled	2	12123	2	.blp:1, .png:1
Dota Mod Project/Tools/HeroWorkshop2/assets/icons/catalog/sources/icon-audit/Heroes/Witch Doctor	10	72889	0	.blp:5, .png:5
Dota Mod Project/Tools/HeroWorkshop2/assets/icons/catalog/sources/icon-audit/Heroes/Witch Doctor/114_Heroes_Icons	6	37606	0	.blp:3, .png:3
Dota Mod Project/Tools/HeroWorkshop2/assets/icons/catalog/sources/icon-audit/Heroes/Witch Doctor/114_Heroes_Icons/ReplaceableTextures	6	37606	0	.blp:3, .png:3
Dota Mod Project/Tools/HeroWorkshop2/assets/icons/catalog/sources/icon-audit/Heroes/Witch Doctor/114_Heroes_Icons/ReplaceableTextures/CommandButtons	2	13395	2	.blp:1, .png:1
Dota Mod Project/Tools/HeroWorkshop2/assets/icons/catalog/sources/icon-audit/Heroes/Witch Doctor/114_Heroes_Icons/ReplaceableTextures/CommandButtonsDisabled	2	10816	2	.blp:1, .png:1
Dota Mod Project/Tools/HeroWorkshop2/assets/icons/catalog/sources/icon-audit/Heroes/Witch Doctor/114_Heroes_Icons/ReplaceableTextures/PassiveButtons	2	13395	2	.blp:1, .png:1
Dota Mod Project/Tools/HeroWorkshop2/assets/icons/catalog/sources/icon-audit/Heroes/Witch Doctor/Dota_1_5	4	35283	0	.blp:2, .png:2
Dota Mod Project/Tools/HeroWorkshop2/assets/icons/catalog/sources/icon-audit/Heroes/Witch Doctor/Dota_1_5/ReplaceableTextures	4	35283	0	.blp:2, .png:2
Dota Mod Project/Tools/HeroWorkshop2/assets/icons/catalog/sources/icon-audit/Heroes/Witch Doctor/Dota_1_5/ReplaceableTextures/CommandButtons	2	20908	2	.blp:1, .png:1
Dota Mod Project/Tools/HeroWorkshop2/assets/icons/catalog/sources/icon-audit/Heroes/Witch Doctor/Dota_1_5/ReplaceableTextures/CommandButtonsDisabled	2	14375	2	.blp:1, .png:1
Dota Mod Project/Tools/HeroWorkshop2/assets/icons/catalog/sources/icon-audit/Heroes/Wraith King	8	140659	0	.blp:4, .png:4
Dota Mod Project/Tools/HeroWorkshop2/assets/icons/catalog/sources/icon-audit/Heroes/Wraith King/114_Heroes_Icons	4	111388	0	.blp:2, .png:2
Dota Mod Project/Tools/HeroWorkshop2/assets/icons/catalog/sources/icon-audit/Heroes/Wraith King/114_Heroes_Icons/ReplaceableTextures	4	111388	0	.blp:2, .png:2
Dota Mod Project/Tools/HeroWorkshop2/assets/icons/catalog/sources/icon-audit/Heroes/Wraith King/114_Heroes_Icons/ReplaceableTextures/CommandButtons	2	59912	2	.blp:1, .png:1
Dota Mod Project/Tools/HeroWorkshop2/assets/icons/catalog/sources/icon-audit/Heroes/Wraith King/114_Heroes_Icons/ReplaceableTextures/CommandButtonsDisabled	2	51476	2	.blp:1, .png:1
Dota Mod Project/Tools/HeroWorkshop2/assets/icons/catalog/sources/icon-audit/Heroes/Wraith King/Dota_1_5	4	29271	0	.blp:2, .png:2
Dota Mod Project/Tools/HeroWorkshop2/assets/icons/catalog/sources/icon-audit/Heroes/Wraith King/Dota_1_5/ReplaceableTextures	4	29271	0	.blp:2, .png:2
Dota Mod Project/Tools/HeroWorkshop2/assets/icons/catalog/sources/icon-audit/Heroes/Wraith King/Dota_1_5/ReplaceableTextures/CommandButtons	2	19381	2	.blp:1, .png:1
Dota Mod Project/Tools/HeroWorkshop2/assets/icons/catalog/sources/icon-audit/Heroes/Wraith King/Dota_1_5/ReplaceableTextures/CommandButtonsDisabled	2	9890	2	.blp:1, .png:1
Dota Mod Project/Tools/HeroWorkshop2/assets/icons/catalog/sources/icon-audit/Heroes/Zeus	20	134867	0	.blp:10, .png:10
Dota Mod Project/Tools/HeroWorkshop2/assets/icons/catalog/sources/icon-audit/Heroes/Zeus/114_Heroes_Icons	16	105058	0	.blp:8, .png:8
Dota Mod Project/Tools/HeroWorkshop2/assets/icons/catalog/sources/icon-audit/Heroes/Zeus/114_Heroes_Icons/ReplaceableTextures	16	105058	0	.blp:8, .png:8
Dota Mod Project/Tools/HeroWorkshop2/assets/icons/catalog/sources/icon-audit/Heroes/Zeus/114_Heroes_Icons/ReplaceableTextures/CommandButtons	8	56462	8	.blp:4, .png:4
Dota Mod Project/Tools/HeroWorkshop2/assets/icons/catalog/sources/icon-audit/Heroes/Zeus/114_Heroes_Icons/ReplaceableTextures/CommandButtonsDisabled	8	48596	8	.blp:4, .png:4
Dota Mod Project/Tools/HeroWorkshop2/assets/icons/catalog/sources/icon-audit/Heroes/Zeus/Dota_1_5	4	29809	0	.blp:2, .png:2
Dota Mod Project/Tools/HeroWorkshop2/assets/icons/catalog/sources/icon-audit/Heroes/Zeus/Dota_1_5/ReplaceableTextures	4	29809	0	.blp:2, .png:2
Dota Mod Project/Tools/HeroWorkshop2/assets/icons/catalog/sources/icon-audit/Heroes/Zeus/Dota_1_5/ReplaceableTextures/CommandButtons	2	17072	2	.blp:1, .png:1
Dota Mod Project/Tools/HeroWorkshop2/assets/icons/catalog/sources/icon-audit/Heroes/Zeus/Dota_1_5/ReplaceableTextures/CommandButtonsDisabled	2	12737	2	.blp:1, .png:1
Dota Mod Project/Tools/HeroWorkshop2/assets/icons/catalog/sources/icon-audit/Items	388	2913660	0	.blp:194, .png:194
Dota Mod Project/Tools/HeroWorkshop2/assets/icons/catalog/sources/icon-audit/Items/114_Heroes_Icons	88	740092	0	.blp:44, .png:44
Dota Mod Project/Tools/HeroWorkshop2/assets/icons/catalog/sources/icon-audit/Items/114_Heroes_Icons/ReplaceableTextures	88	740092	0	.blp:44, .png:44
Dota Mod Project/Tools/HeroWorkshop2/assets/icons/catalog/sources/icon-audit/Items/114_Heroes_Icons/ReplaceableTextures/AutoCastButtons	2	13908	2	.blp:1, .png:1
Dota Mod Project/Tools/HeroWorkshop2/assets/icons/catalog/sources/icon-audit/Items/114_Heroes_Icons/ReplaceableTextures/CommandButtons	42	424430	42	.blp:21, .png:21
Dota Mod Project/Tools/HeroWorkshop2/assets/icons/catalog/sources/icon-audit/Items/114_Heroes_Icons/ReplaceableTextures/CommandButtonsDisabled	40	276265	40	.blp:20, .png:20
Dota Mod Project/Tools/HeroWorkshop2/assets/icons/catalog/sources/icon-audit/Items/114_Heroes_Icons/ReplaceableTextures/PassiveButtons	4	25489	4	.blp:2, .png:2
Dota Mod Project/Tools/HeroWorkshop2/assets/icons/catalog/sources/icon-audit/Items/Dota_1_5	300	2173568	0	.blp:150, .png:150
Dota Mod Project/Tools/HeroWorkshop2/assets/icons/catalog/sources/icon-audit/Items/Dota_1_5/ReplaceableTextures	300	2173568	0	.blp:150, .png:150
Dota Mod Project/Tools/HeroWorkshop2/assets/icons/catalog/sources/icon-audit/Items/Dota_1_5/ReplaceableTextures/CommandButtons	122	1087117	122	.blp:61, .png:61
Dota Mod Project/Tools/HeroWorkshop2/assets/icons/catalog/sources/icon-audit/Items/Dota_1_5/ReplaceableTextures/CommandButtonsDisabled	178	1086451	178	.blp:89, .png:89
Dota Mod Project/Tools/HeroWorkshop2/assets/icons/catalog/sources/icon-audit/Shared_or_Unassigned	2930	20038115	0	.blp:1465, .png:1465
Dota Mod Project/Tools/HeroWorkshop2/assets/icons/catalog/sources/icon-audit/Shared_or_Unassigned/114_Heroes_Icons	1000	6366694	0	.blp:500, .png:500
Dota Mod Project/Tools/HeroWorkshop2/assets/icons/catalog/sources/icon-audit/Shared_or_Unassigned/114_Heroes_Icons/ReplaceableTextures	1000	6366694	0	.blp:500, .png:500
Dota Mod Project/Tools/HeroWorkshop2/assets/icons/catalog/sources/icon-audit/Shared_or_Unassigned/114_Heroes_Icons/ReplaceableTextures/AutoCastButtons	10	62954	10	.blp:5, .png:5
Dota Mod Project/Tools/HeroWorkshop2/assets/icons/catalog/sources/icon-audit/Shared_or_Unassigned/114_Heroes_Icons/ReplaceableTextures/CommandButtons	480	3480554	480	.blp:240, .png:240
Dota Mod Project/Tools/HeroWorkshop2/assets/icons/catalog/sources/icon-audit/Shared_or_Unassigned/114_Heroes_Icons/ReplaceableTextures/CommandButtonsDisabled	460	2507477	460	.blp:230, .png:230
Dota Mod Project/Tools/HeroWorkshop2/assets/icons/catalog/sources/icon-audit/Shared_or_Unassigned/114_Heroes_Icons/ReplaceableTextures/PassiveButtons	50	315709	50	.blp:25, .png:25
Dota Mod Project/Tools/HeroWorkshop2/assets/icons/catalog/sources/icon-audit/Shared_or_Unassigned/Dota_1_5	1930	13671421	0	.blp:965, .png:965
Dota Mod Project/Tools/HeroWorkshop2/assets/icons/catalog/sources/icon-audit/Shared_or_Unassigned/Dota_1_5/ReplaceableTextures	1930	13671421	0	.blp:965, .png:965
Dota Mod Project/Tools/HeroWorkshop2/assets/icons/catalog/sources/icon-audit/Shared_or_Unassigned/Dota_1_5/ReplaceableTextures/CommandButtons	900	7595915	900	.blp:450, .png:450
Dota Mod Project/Tools/HeroWorkshop2/assets/icons/catalog/sources/icon-audit/Shared_or_Unassigned/Dota_1_5/ReplaceableTextures/CommandButtonsDisabled	1030	6075506	1030	.blp:515, .png:515
Dota Mod Project/Tools/HeroWorkshop2/assets/icons/catalog/sources/map-ui	110	11795783	0	.blp:52, .png:52, .mdx:4, .slk:2
Dota Mod Project/Tools/HeroWorkshop2/assets/icons/catalog/sources/map-ui/D85_01_DotaHeroesV2	13	59218	0	.blp:6, .png:6, .mdx:1
Dota Mod Project/Tools/HeroWorkshop2/assets/icons/catalog/sources/map-ui/D85_01_DotaHeroesV2/Interface	1	6204	1	.mdx:1
Dota Mod Project/Tools/HeroWorkshop2/assets/icons/catalog/sources/map-ui/D85_01_DotaHeroesV2/PassiveButtons	6	40115	6	.blp:3, .png:3
Dota Mod Project/Tools/HeroWorkshop2/assets/icons/catalog/sources/map-ui/D85_01_DotaHeroesV2/UI	6	12899	0	.blp:3, .png:3
Dota Mod Project/Tools/HeroWorkshop2/assets/icons/catalog/sources/map-ui/D85_01_DotaHeroesV2/UI/Minimap	6	12899	6	.blp:3, .png:3
Dota Mod Project/Tools/HeroWorkshop2/assets/icons/catalog/sources/map-ui/D85_03_Wardota2	13	59218	0	.blp:6, .png:6, .mdx:1
Dota Mod Project/Tools/HeroWorkshop2/assets/icons/catalog/sources/map-ui/D85_03_Wardota2/Interface	1	6204	1	.mdx:1
Dota Mod Project/Tools/HeroWorkshop2/assets/icons/catalog/sources/map-ui/D85_03_Wardota2/PassiveButtons	6	40115	6	.blp:3, .png:3
Dota Mod Project/Tools/HeroWorkshop2/assets/icons/catalog/sources/map-ui/D85_03_Wardota2/UI	6	12899	0	.blp:3, .png:3
Dota Mod Project/Tools/HeroWorkshop2/assets/icons/catalog/sources/map-ui/D85_03_Wardota2/UI/Minimap	6	12899	6	.blp:3, .png:3
Dota Mod Project/Tools/HeroWorkshop2/assets/icons/catalog/sources/map-ui/D85_04_SelectedMix	71	11618129	0	.blp:34, .png:34, .slk:2, .mdx:1
Dota Mod Project/Tools/HeroWorkshop2/assets/icons/catalog/sources/map-ui/D85_04_SelectedMix/Interface	1	6204	1	.mdx:1
Dota Mod Project/Tools/HeroWorkshop2/assets/icons/catalog/sources/map-ui/D85_04_SelectedMix/PassiveButtons	6	40115	6	.blp:3, .png:3
Dota Mod Project/Tools/HeroWorkshop2/assets/icons/catalog/sources/map-ui/D85_04_SelectedMix/UI	64	11571810	0	.blp:31, .png:31, .slk:2
Dota Mod Project/Tools/HeroWorkshop2/assets/icons/catalog/sources/map-ui/D85_04_SelectedMix/UI/Console	40	9441242	0	.blp:20, .png:20
Dota Mod Project/Tools/HeroWorkshop2/assets/icons/catalog/sources/map-ui/D85_04_SelectedMix/UI/Console/NightElf	20	4720621	20	.blp:10, .png:10
Dota Mod Project/Tools/HeroWorkshop2/assets/icons/catalog/sources/map-ui/D85_04_SelectedMix/UI/Console/Undead	20	4720621	20	.blp:10, .png:10
Dota Mod Project/Tools/HeroWorkshop2/assets/icons/catalog/sources/map-ui/D85_04_SelectedMix/UI/Cursor	6	313551	6	.blp:3, .png:3
Dota Mod Project/Tools/HeroWorkshop2/assets/icons/catalog/sources/map-ui/D85_04_SelectedMix/UI/Feedback	2	6020	0	.blp:1, .png:1
Dota Mod Project/Tools/HeroWorkshop2/assets/icons/catalog/sources/map-ui/D85_04_SelectedMix/UI/Feedback/Resources	2	6020	2	.blp:1, .png:1
Dota Mod Project/Tools/HeroWorkshop2/assets/icons/catalog/sources/map-ui/D85_04_SelectedMix/UI/Minimap	6	9481	6	.blp:3, .png:3
Dota Mod Project/Tools/HeroWorkshop2/assets/icons/catalog/sources/map-ui/D85_04_SelectedMix/UI/SoundInfo	2	1388448	2	.slk:2
Dota Mod Project/Tools/HeroWorkshop2/assets/icons/catalog/sources/map-ui/D85_04_SelectedMix/UI/Widgets	8	413068	0	.blp:4, .png:4
Dota Mod Project/Tools/HeroWorkshop2/assets/icons/catalog/sources/map-ui/D85_04_SelectedMix/UI/Widgets/Console	8	413068	0	.blp:4, .png:4
Dota Mod Project/Tools/HeroWorkshop2/assets/icons/catalog/sources/map-ui/D85_04_SelectedMix/UI/Widgets/Console/NightElf	4	206534	4	.blp:2, .png:2
Dota Mod Project/Tools/HeroWorkshop2/assets/icons/catalog/sources/map-ui/D85_04_SelectedMix/UI/Widgets/Console/Undead	4	206534	4	.blp:2, .png:2
Dota Mod Project/Tools/HeroWorkshop2/assets/icons/catalog/sources/map-ui/D85_05_WardotaDecor	13	59218	0	.blp:6, .png:6, .mdx:1
Dota Mod Project/Tools/HeroWorkshop2/assets/icons/catalog/sources/map-ui/D85_05_WardotaDecor/Interface	1	6204	1	.mdx:1
Dota Mod Project/Tools/HeroWorkshop2/assets/icons/catalog/sources/map-ui/D85_05_WardotaDecor/PassiveButtons	6	40115	6	.blp:3, .png:3
Dota Mod Project/Tools/HeroWorkshop2/assets/icons/catalog/sources/map-ui/D85_05_WardotaDecor/UI	6	12899	0	.blp:3, .png:3
Dota Mod Project/Tools/HeroWorkshop2/assets/icons/catalog/sources/map-ui/D85_05_WardotaDecor/UI/Minimap	6	12899	6	.blp:3, .png:3
Dota Mod Project/Tools/HeroWorkshop2/assets/icons/catalog/sources/ui-scripts	1	518	1	.fdf:1
Dota Mod Project/Tools/HeroWorkshop2/assets/icons/heroes	8	68373	0	.png:8
Dota Mod Project/Tools/HeroWorkshop2/assets/icons/heroes/Kunkka__H06S	8	68373	0	.png:8
Dota Mod Project/Tools/HeroWorkshop2/assets/icons/heroes/Kunkka__H06S/slots	8	68373	0	.png:8
Dota Mod Project/Tools/HeroWorkshop2/assets/icons/heroes/Kunkka__H06S/slots/01_A136	2	15039	2	.png:2
Dota Mod Project/Tools/HeroWorkshop2/assets/icons/heroes/Kunkka__H06S/slots/02_A13T	2	18586	2	.png:2
Dota Mod Project/Tools/HeroWorkshop2/assets/icons/heroes/Kunkka__H06S/slots/03_Z008	2	14714	2	.png:2
Dota Mod Project/Tools/HeroWorkshop2/assets/icons/heroes/Kunkka__H06S/slots/04_A11K	2	20034	2	.png:2
Dota Mod Project/Tools/HeroWorkshop2/data	2	28993	2	.json:2
Dota Mod Project/Tools/HeroWorkshop2/heroes	2059	115518	0	.txt:1824, .json:235
Dota Mod Project/Tools/HeroWorkshop2/heroes/Abaddon__Udea	14	812	2	.txt:12, .json:2
Dota Mod Project/Tools/HeroWorkshop2/heroes/Abaddon__Udea/slots	12	0	0	.txt:12
Dota Mod Project/Tools/HeroWorkshop2/heroes/Abaddon__Udea/slots/01_A0NS	2	0	2	.txt:2
Dota Mod Project/Tools/HeroWorkshop2/heroes/Abaddon__Udea/slots/02_A0MG	2	0	2	.txt:2
Dota Mod Project/Tools/HeroWorkshop2/heroes/Abaddon__Udea/slots/03_A0I3	2	0	2	.txt:2
Dota Mod Project/Tools/HeroWorkshop2/heroes/Abaddon__Udea/slots/04_A0MF	2	0	2	.txt:2
Dota Mod Project/Tools/HeroWorkshop2/heroes/Abaddon__Udea/slots/05_A0NR	2	0	2	.txt:2
Dota Mod Project/Tools/HeroWorkshop2/heroes/Abaddon__Udea/slots/06_AInv	2	0	2	.txt:2
Dota Mod Project/Tools/HeroWorkshop2/heroes/Alchemist__N01I	14	801	2	.txt:12, .json:2
Dota Mod Project/Tools/HeroWorkshop2/heroes/Alchemist__N01I/slots	12	0	0	.txt:12
Dota Mod Project/Tools/HeroWorkshop2/heroes/Alchemist__N01I/slots/01_A0NR	2	0	2	.txt:2
Dota Mod Project/Tools/HeroWorkshop2/heroes/Alchemist__N01I/slots/02_A1NI	2	0	2	.txt:2
Dota Mod Project/Tools/HeroWorkshop2/heroes/Alchemist__N01I/slots/03_A0IL	2	0	2	.txt:2
Dota Mod Project/Tools/HeroWorkshop2/heroes/Alchemist__N01I/slots/04_A0O3	2	0	2	.txt:2
Dota Mod Project/Tools/HeroWorkshop2/heroes/Alchemist__N01I/slots/05_ANcr	2	0	2	.txt:2
Dota Mod Project/Tools/HeroWorkshop2/heroes/Alchemist__N01I/slots/06_AInv	2	0	2	.txt:2
Dota Mod Project/Tools/HeroWorkshop2/heroes/Ancient_Apparition__N0HP	16	901	2	.txt:14, .json:2
Dota Mod Project/Tools/HeroWorkshop2/heroes/Ancient_Apparition__N0HP/slots	14	0	0	.txt:14
Dota Mod Project/Tools/HeroWorkshop2/heroes/Ancient_Apparition__N0HP/slots/01_A0NR	2	0	2	.txt:2
Dota Mod Project/Tools/HeroWorkshop2/heroes/Ancient_Apparition__N0HP/slots/02_A1HS	2	0	2	.txt:2
Dota Mod Project/Tools/HeroWorkshop2/heroes/Ancient_Apparition__N0HP/slots/03_A1MG	2	0	2	.txt:2
Dota Mod Project/Tools/HeroWorkshop2/heroes/Ancient_Apparition__N0HP/slots/04_A1MI	2	0	2	.txt:2
Dota Mod Project/Tools/HeroWorkshop2/heroes/Ancient_Apparition__N0HP/slots/05_A1HQ	2	0	2	.txt:2
Dota Mod Project/Tools/HeroWorkshop2/heroes/Ancient_Apparition__N0HP/slots/06_AInv	2	0	2	.txt:2
Dota Mod Project/Tools/HeroWorkshop2/heroes/Ancient_Apparition__N0HP/slots/07_A3FF	2	0	2	.txt:2
Dota Mod Project/Tools/HeroWorkshop2/heroes/Anti_Mage__Edem	14	827	2	.txt:12, .json:2
Dota Mod Project/Tools/HeroWorkshop2/heroes/Anti_Mage__Edem/slots	12	0	0	.txt:12
Dota Mod Project/Tools/HeroWorkshop2/heroes/Anti_Mage__Edem/slots/01_A0NR	2	0	2	.txt:2
Dota Mod Project/Tools/HeroWorkshop2/heroes/Anti_Mage__Edem/slots/02_A0KY	2	0	2	.txt:2
Dota Mod Project/Tools/HeroWorkshop2/heroes/Anti_Mage__Edem/slots/03_A022	2	0	2	.txt:2
Dota Mod Project/Tools/HeroWorkshop2/heroes/Anti_Mage__Edem/slots/04_AEbl	2	0	2	.txt:2
Dota Mod Project/Tools/HeroWorkshop2/heroes/Anti_Mage__Edem/slots/05_A2WE	2	0	2	.txt:2
Dota Mod Project/Tools/HeroWorkshop2/heroes/Anti_Mage__Edem/slots/06_AInv	2	0	2	.txt:2
Dota Mod Project/Tools/HeroWorkshop2/heroes/Arc_Warden__N0MK	16	924	2	.txt:14, .json:2
Dota Mod Project/Tools/HeroWorkshop2/heroes/Arc_Warden__N0MK/slots	14	0	0	.txt:14
Dota Mod Project/Tools/HeroWorkshop2/heroes/Arc_Warden__N0MK/slots/01_A0NR	2	0	2	.txt:2
Dota Mod Project/Tools/HeroWorkshop2/heroes/Arc_Warden__N0MK/slots/02_A2LL	2	0	2	.txt:2
Dota Mod Project/Tools/HeroWorkshop2/heroes/Arc_Warden__N0MK/slots/03_A2LM	2	0	2	.txt:2
Dota Mod Project/Tools/HeroWorkshop2/heroes/Arc_Warden__N0MK/slots/04_A2M0	2	0	2	.txt:2
Dota Mod Project/Tools/HeroWorkshop2/heroes/Arc_Warden__N0MK/slots/05_A2M1	2	0	2	.txt:2
Dota Mod Project/Tools/HeroWorkshop2/heroes/Arc_Warden__N0MK/slots/06_AInv	2	0	2	.txt:2
Dota Mod Project/Tools/HeroWorkshop2/heroes/Arc_Warden__N0MK/slots/07_A3FF	2	0	2	.txt:2
Dota Mod Project/Tools/HeroWorkshop2/heroes/Axe__Opgh	14	813	2	.txt:12, .json:2
Dota Mod Project/Tools/HeroWorkshop2/heroes/Axe__Opgh/slots	12	0	0	.txt:12
Dota Mod Project/Tools/HeroWorkshop2/heroes/Axe__Opgh/slots/01_A0NR	2	0	2	.txt:2
Dota Mod Project/Tools/HeroWorkshop2/heroes/Axe__Opgh/slots/02_A0I6	2	0	2	.txt:2
Dota Mod Project/Tools/HeroWorkshop2/heroes/Axe__Opgh/slots/03_A0S1	2	0	2	.txt:2
Dota Mod Project/Tools/HeroWorkshop2/heroes/Axe__Opgh/slots/04_A0C6	2	0	2	.txt:2
Dota Mod Project/Tools/HeroWorkshop2/heroes/Axe__Opgh/slots/05_A0E2	2	0	2	.txt:2
Dota Mod Project/Tools/HeroWorkshop2/heroes/Axe__Opgh/slots/06_AInv	2	0	2	.txt:2
Dota Mod Project/Tools/HeroWorkshop2/heroes/Bane__Oshd	16	899	2	.txt:14, .json:2
Dota Mod Project/Tools/HeroWorkshop2/heroes/Bane__Oshd/slots	14	0	0	.txt:14
Dota Mod Project/Tools/HeroWorkshop2/heroes/Bane__Oshd/slots/01_A02Q	2	0	2	.txt:2
Dota Mod Project/Tools/HeroWorkshop2/heroes/Bane__Oshd/slots/02_A0GK	2	0	2	.txt:2
Dota Mod Project/Tools/HeroWorkshop2/heroes/Bane__Oshd/slots/03_A2OI	2	0	2	.txt:2
Dota Mod Project/Tools/HeroWorkshop2/heroes/Bane__Oshd/slots/04_A04Y	2	0	2	.txt:2
Dota Mod Project/Tools/HeroWorkshop2/heroes/Bane__Oshd/slots/05_A0NR	2	0	2	.txt:2
Dota Mod Project/Tools/HeroWorkshop2/heroes/Bane__Oshd/slots/06_AInv	2	0	2	.txt:2
Dota Mod Project/Tools/HeroWorkshop2/heroes/Bane__Oshd/slots/07_A3FF	2	0	2	.txt:2
Dota Mod Project/Tools/HeroWorkshop2/heroes/Batrider__O016	16	893	2	.txt:14, .json:2
Dota Mod Project/Tools/HeroWorkshop2/heroes/Batrider__O016/slots	14	0	0	.txt:14
Dota Mod Project/Tools/HeroWorkshop2/heroes/Batrider__O016/slots/01_A1EL	2	0	2	.txt:2
Dota Mod Project/Tools/HeroWorkshop2/heroes/Batrider__O016/slots/02_A19V	2	0	2	.txt:2
Dota Mod Project/Tools/HeroWorkshop2/heroes/Batrider__O016/slots/03_A19Z	2	0	2	.txt:2
Dota Mod Project/Tools/HeroWorkshop2/heroes/Batrider__O016/slots/04_A19O	2	0	2	.txt:2
Dota Mod Project/Tools/HeroWorkshop2/heroes/Batrider__O016/slots/05_A0NR	2	0	2	.txt:2
Dota Mod Project/Tools/HeroWorkshop2/heroes/Batrider__O016/slots/06_AInv	2	0	2	.txt:2
Dota Mod Project/Tools/HeroWorkshop2/heroes/Batrider__O016/slots/07_A3JI	2	0	2	.txt:2
Dota Mod Project/Tools/HeroWorkshop2/heroes/Beastmaster__H00D	14	830	2	.txt:12, .json:2
Dota Mod Project/Tools/HeroWorkshop2/heroes/Beastmaster__H00D/slots	12	0	0	.txt:12
Dota Mod Project/Tools/HeroWorkshop2/heroes/Beastmaster__H00D/slots/01_A0OO	2	0	2	.txt:2
Dota Mod Project/Tools/HeroWorkshop2/heroes/Beastmaster__H00D/slots/02_A0O1	2	0	2	.txt:2
Dota Mod Project/Tools/HeroWorkshop2/heroes/Beastmaster__H00D/slots/03_A0NR	2	0	2	.txt:2
Dota Mod Project/Tools/HeroWorkshop2/heroes/Beastmaster__H00D/slots/04_A0BD	2	0	2	.txt:2
Dota Mod Project/Tools/HeroWorkshop2/heroes/Beastmaster__H00D/slots/05_A0O2	2	0	2	.txt:2
Dota Mod Project/Tools/HeroWorkshop2/heroes/Beastmaster__H00D/slots/06_AInv	2	0	2	.txt:2
Dota Mod Project/Tools/HeroWorkshop2/heroes/Bloodseeker__Hvsh	16	925	2	.txt:14, .json:2
Dota Mod Project/Tools/HeroWorkshop2/heroes/Bloodseeker__Hvsh/slots	14	0	0	.txt:14
Dota Mod Project/Tools/HeroWorkshop2/heroes/Bloodseeker__Hvsh/slots/01_A0LH	2	0	2	.txt:2
Dota Mod Project/Tools/HeroWorkshop2/heroes/Bloodseeker__Hvsh/slots/02_A0I8	2	0	2	.txt:2
Dota Mod Project/Tools/HeroWorkshop2/heroes/Bloodseeker__Hvsh/slots/03_A2X9	2	0	2	.txt:2
Dota Mod Project/Tools/HeroWorkshop2/heroes/Bloodseeker__Hvsh/slots/04_A0NR	2	0	2	.txt:2
Dota Mod Project/Tools/HeroWorkshop2/heroes/Bloodseeker__Hvsh/slots/05_A2X8	2	0	2	.txt:2
Dota Mod Project/Tools/HeroWorkshop2/heroes/Bloodseeker__Hvsh/slots/06_AInv	2	0	2	.txt:2
Dota Mod Project/Tools/HeroWorkshop2/heroes/Bloodseeker__Hvsh/slots/07_A3FF	2	0	2	.txt:2
Dota Mod Project/Tools/HeroWorkshop2/heroes/Bounty_Hunter__Naka	14	830	2	.txt:12, .json:2
Dota Mod Project/Tools/HeroWorkshop2/heroes/Bounty_Hunter__Naka/slots	12	0	0	.txt:12
Dota Mod Project/Tools/HeroWorkshop2/heroes/Bounty_Hunter__Naka/slots/01_A0NR	2	0	2	.txt:2
Dota Mod Project/Tools/HeroWorkshop2/heroes/Bounty_Hunter__Naka/slots/02_A1IQ	2	0	2	.txt:2
Dota Mod Project/Tools/HeroWorkshop2/heroes/Bounty_Hunter__Naka/slots/03_A07A	2	0	2	.txt:2
Dota Mod Project/Tools/HeroWorkshop2/heroes/Bounty_Hunter__Naka/slots/04_A004	2	0	2	.txt:2
Dota Mod Project/Tools/HeroWorkshop2/heroes/Bounty_Hunter__Naka/slots/05_A0B4	2	0	2	.txt:2
Dota Mod Project/Tools/HeroWorkshop2/heroes/Bounty_Hunter__Naka/slots/06_AInv	2	0	2	.txt:2
Dota Mod Project/Tools/HeroWorkshop2/heroes/Brewmaster__Npbm	14	826	2	.txt:12, .json:2
Dota Mod Project/Tools/HeroWorkshop2/heroes/Brewmaster__Npbm/slots	12	0	0	.txt:12
Dota Mod Project/Tools/HeroWorkshop2/heroes/Brewmaster__Npbm/slots/01_A06M	2	0	2	.txt:2
Dota Mod Project/Tools/HeroWorkshop2/heroes/Brewmaster__Npbm/slots/02_Acdh	2	0	2	.txt:2
Dota Mod Project/Tools/HeroWorkshop2/heroes/Brewmaster__Npbm/slots/03_A0MX	2	0	2	.txt:2
Dota Mod Project/Tools/HeroWorkshop2/heroes/Brewmaster__Npbm/slots/04_A0MQ	2	0	2	.txt:2
Dota Mod Project/Tools/HeroWorkshop2/heroes/Brewmaster__Npbm/slots/05_A0NR	2	0	2	.txt:2
Dota Mod Project/Tools/HeroWorkshop2/heroes/Brewmaster__Npbm/slots/06_AInv	2	0	2	.txt:2
Dota Mod Project/Tools/HeroWorkshop2/heroes/Bristleback__H008	16	921	2	.txt:14, .json:2
Dota Mod Project/Tools/HeroWorkshop2/heroes/Bristleback__H008/slots	14	0	0	.txt:14
Dota Mod Project/Tools/HeroWorkshop2/heroes/Bristleback__H008/slots/01_A0FV	2	0	2	.txt:2
Dota Mod Project/Tools/HeroWorkshop2/heroes/Bristleback__H008/slots/02_A0M3	2	0	2	.txt:2
Dota Mod Project/Tools/HeroWorkshop2/heroes/Bristleback__H008/slots/03_A0GP	2	0	2	.txt:2
Dota Mod Project/Tools/HeroWorkshop2/heroes/Bristleback__H008/slots/04_A0FW	2	0	2	.txt:2
Dota Mod Project/Tools/HeroWorkshop2/heroes/Bristleback__H008/slots/05_A0NR	2	0	2	.txt:2
Dota Mod Project/Tools/HeroWorkshop2/heroes/Bristleback__H008/slots/06_AInv	2	0	2	.txt:2
Dota Mod Project/Tools/HeroWorkshop2/heroes/Bristleback__H008/slots/07_A3FF	2	0	2	.txt:2
Dota Mod Project/Tools/HeroWorkshop2/heroes/Broodmother__U006	16	930	2	.txt:14, .json:2
Dota Mod Project/Tools/HeroWorkshop2/heroes/Broodmother__U006/slots	14	0	0	.txt:14
Dota Mod Project/Tools/HeroWorkshop2/heroes/Broodmother__U006/slots/01_A0WQ	2	0	2	.txt:2
Dota Mod Project/Tools/HeroWorkshop2/heroes/Broodmother__U006/slots/02_A0BK	2	0	2	.txt:2
Dota Mod Project/Tools/HeroWorkshop2/heroes/Broodmother__U006/slots/03_A0BH	2	0	2	.txt:2
Dota Mod Project/Tools/HeroWorkshop2/heroes/Broodmother__U006/slots/04_A0NR	2	0	2	.txt:2
Dota Mod Project/Tools/HeroWorkshop2/heroes/Broodmother__U006/slots/05_A0BG	2	0	2	.txt:2
Dota Mod Project/Tools/HeroWorkshop2/heroes/Broodmother__U006/slots/06_AInv	2	0	2	.txt:2
Dota Mod Project/Tools/HeroWorkshop2/heroes/Broodmother__U006/slots/07_A3FF	2	0	2	.txt:2
Dota Mod Project/Tools/HeroWorkshop2/heroes/Centaur_Warrunner__H000	16	935	2	.txt:14, .json:2
Dota Mod Project/Tools/HeroWorkshop2/heroes/Centaur_Warrunner__H000/slots	14	0	0	.txt:14
Dota Mod Project/Tools/HeroWorkshop2/heroes/Centaur_Warrunner__H000/slots/01_A0NR	2	0	2	.txt:2
Dota Mod Project/Tools/HeroWorkshop2/heroes/Centaur_Warrunner__H000/slots/02_A2ON	2	0	2	.txt:2
Dota Mod Project/Tools/HeroWorkshop2/heroes/Centaur_Warrunner__H000/slots/03_A00V	2	0	2	.txt:2
Dota Mod Project/Tools/HeroWorkshop2/heroes/Centaur_Warrunner__H000/slots/04_A00S	2	0	2	.txt:2
Dota Mod Project/Tools/HeroWorkshop2/heroes/Centaur_Warrunner__H000/slots/05_A2O6	2	0	2	.txt:2
Dota Mod Project/Tools/HeroWorkshop2/heroes/Centaur_Warrunner__H000/slots/06_AInv	2	0	2	.txt:2
Dota Mod Project/Tools/HeroWorkshop2/heroes/Centaur_Warrunner__H000/slots/07_A3FF	2	0	2	.txt:2
Dota Mod Project/Tools/HeroWorkshop2/heroes/Chaos_Knight__U00A	18	1012	2	.txt:16, .json:2
Dota Mod Project/Tools/HeroWorkshop2/heroes/Chaos_Knight__U00A/slots	16	0	0	.txt:16
Dota Mod Project/Tools/HeroWorkshop2/heroes/Chaos_Knight__U00A/slots/01_A03O	2	0	2	.txt:2
Dota Mod Project/Tools/HeroWorkshop2/heroes/Chaos_Knight__U00A/slots/02_A03N	2	0	2	.txt:2
Dota Mod Project/Tools/HeroWorkshop2/heroes/Chaos_Knight__U00A/slots/03_A0RW	2	0	2	.txt:2
Dota Mod Project/Tools/HeroWorkshop2/heroes/Chaos_Knight__U00A/slots/04_A055	2	0	2	.txt:2
Dota Mod Project/Tools/HeroWorkshop2/heroes/Chaos_Knight__U00A/slots/05_A0NR	2	0	2	.txt:2
Dota Mod Project/Tools/HeroWorkshop2/heroes/Chaos_Knight__U00A/slots/06_A00R	2	0	2	.txt:2
Dota Mod Project/Tools/HeroWorkshop2/heroes/Chaos_Knight__U00A/slots/07_AInv	2	0	2	.txt:2
Dota Mod Project/Tools/HeroWorkshop2/heroes/Chaos_Knight__U00A/slots/08_A3FF	2	0	2	.txt:2
Dota Mod Project/Tools/HeroWorkshop2/heroes/Chen__H00A	14	820	2	.txt:12, .json:2
Dota Mod Project/Tools/HeroWorkshop2/heroes/Chen__H00A/slots	12	0	0	.txt:12
Dota Mod Project/Tools/HeroWorkshop2/heroes/Chen__H00A/slots/01_A0LV	2	0	2	.txt:2
Dota Mod Project/Tools/HeroWorkshop2/heroes/Chen__H00A/slots/02_A28T	2	0	2	.txt:2
Dota Mod Project/Tools/HeroWorkshop2/heroes/Chen__H00A/slots/03_A0LT	2	0	2	.txt:2
Dota Mod Project/Tools/HeroWorkshop2/heroes/Chen__H00A/slots/04_A0NR	2	0	2	.txt:2
Dota Mod Project/Tools/HeroWorkshop2/heroes/Chen__H00A/slots/05_A0KM	2	0	2	.txt:2
Dota Mod Project/Tools/HeroWorkshop2/heroes/Chen__H00A/slots/06_AInv	2	0	2	.txt:2
Dota Mod Project/Tools/HeroWorkshop2/heroes/Clinkz__E004	18	1025	2	.txt:16, .json:2
Dota Mod Project/Tools/HeroWorkshop2/heroes/Clinkz__E004/slots	16	0	0	.txt:16
Dota Mod Project/Tools/HeroWorkshop2/heroes/Clinkz__E004/slots/01_A04Q	2	0	2	.txt:2
Dota Mod Project/Tools/HeroWorkshop2/heroes/Clinkz__E004/slots/02_A025	2	0	2	.txt:2
Dota Mod Project/Tools/HeroWorkshop2/heroes/Clinkz__E004/slots/03_A030	2	0	2	.txt:2
Dota Mod Project/Tools/HeroWorkshop2/heroes/Clinkz__E004/slots/04_A0NR	2	0	2	.txt:2
Dota Mod Project/Tools/HeroWorkshop2/heroes/Clinkz__E004/slots/05_A2UO	2	0	2	.txt:2
Dota Mod Project/Tools/HeroWorkshop2/heroes/Clinkz__E004/slots/06_AInv	2	0	2	.txt:2
Dota Mod Project/Tools/HeroWorkshop2/heroes/Clinkz__E004/slots/07_AHfa	2	0	2	.txt:2
Dota Mod Project/Tools/HeroWorkshop2/heroes/Clinkz__E004/slots/08_A3FF	2	0	2	.txt:2
Dota Mod Project/Tools/HeroWorkshop2/heroes/Clockwerk__H00T	16	903	2	.txt:14, .json:2
Dota Mod Project/Tools/HeroWorkshop2/heroes/Clockwerk__H00T/slots	14	0	0	.txt:14
Dota Mod Project/Tools/HeroWorkshop2/heroes/Clockwerk__H00T/slots/01_A0Z8	2	0	2	.txt:2
Dota Mod Project/Tools/HeroWorkshop2/heroes/Clockwerk__H00T/slots/02_A0Z6	2	0	2	.txt:2
Dota Mod Project/Tools/HeroWorkshop2/heroes/Clockwerk__H00T/slots/03_A0Z5	2	0	2	.txt:2
Dota Mod Project/Tools/HeroWorkshop2/heroes/Clockwerk__H00T/slots/04_A0NR	2	0	2	.txt:2
Dota Mod Project/Tools/HeroWorkshop2/heroes/Clockwerk__H00T/slots/05_A0Z4	2	0	2	.txt:2
Dota Mod Project/Tools/HeroWorkshop2/heroes/Clockwerk__H00T/slots/06_AInv	2	0	2	.txt:2
Dota Mod Project/Tools/HeroWorkshop2/heroes/Clockwerk__H00T/slots/07_A3FF	2	0	2	.txt:2
Dota Mod Project/Tools/HeroWorkshop2/heroes/Crystal_Maiden__Hjai	14	834	2	.txt:12, .json:2
Dota Mod Project/Tools/HeroWorkshop2/heroes/Crystal_Maiden__Hjai/slots	12	0	0	.txt:12
Dota Mod Project/Tools/HeroWorkshop2/heroes/Crystal_Maiden__Hjai/slots/01_A0NR	2	0	2	.txt:2
Dota Mod Project/Tools/HeroWorkshop2/heroes/Crystal_Maiden__Hjai/slots/02_A1E9	2	0	2	.txt:2
Dota Mod Project/Tools/HeroWorkshop2/heroes/Crystal_Maiden__Hjai/slots/03_A04C	2	0	2	.txt:2
Dota Mod Project/Tools/HeroWorkshop2/heroes/Crystal_Maiden__Hjai/slots/04_AHab	2	0	2	.txt:2
Dota Mod Project/Tools/HeroWorkshop2/heroes/Crystal_Maiden__Hjai/slots/05_A03R	2	0	2	.txt:2
Dota Mod Project/Tools/HeroWorkshop2/heroes/Crystal_Maiden__Hjai/slots/06_AInv	2	0	2	.txt:2
Dota Mod Project/Tools/HeroWorkshop2/heroes/Dark_Seer__H00N	16	919	2	.txt:14, .json:2
Dota Mod Project/Tools/HeroWorkshop2/heroes/Dark_Seer__H00N/slots	14	0	0	.txt:14
Dota Mod Project/Tools/HeroWorkshop2/heroes/Dark_Seer__H00N/slots/01_A0QK	2	0	2	.txt:2
Dota Mod Project/Tools/HeroWorkshop2/heroes/Dark_Seer__H00N/slots/02_A0R7	2	0	2	.txt:2
Dota Mod Project/Tools/HeroWorkshop2/heroes/Dark_Seer__H00N/slots/03_A0QG	2	0	2	.txt:2
Dota Mod Project/Tools/HeroWorkshop2/heroes/Dark_Seer__H00N/slots/04_A0NR	2	0	2	.txt:2
Dota Mod Project/Tools/HeroWorkshop2/heroes/Dark_Seer__H00N/slots/05_A0QE	2	0	2	.txt:2
Dota Mod Project/Tools/HeroWorkshop2/heroes/Dark_Seer__H00N/slots/06_AInv	2	0	2	.txt:2
Dota Mod Project/Tools/HeroWorkshop2/heroes/Dark_Seer__H00N/slots/07_A3FF	2	0	2	.txt:2
Dota Mod Project/Tools/HeroWorkshop2/heroes/Dazzle__N01W	16	893	2	.txt:14, .json:2
Dota Mod Project/Tools/HeroWorkshop2/heroes/Dazzle__N01W/slots	14	0	0	.txt:14
Dota Mod Project/Tools/HeroWorkshop2/heroes/Dazzle__N01W/slots/01_A10L	2	0	2	.txt:2
Dota Mod Project/Tools/HeroWorkshop2/heroes/Dazzle__N01W/slots/02_A0OR	2	0	2	.txt:2
Dota Mod Project/Tools/HeroWorkshop2/heroes/Dazzle__N01W/slots/03_A10Q	2	0	2	.txt:2
Dota Mod Project/Tools/HeroWorkshop2/heroes/Dazzle__N01W/slots/04_A0NR	2	0	2	.txt:2
Dota Mod Project/Tools/HeroWorkshop2/heroes/Dazzle__N01W/slots/05_A2X6	2	0	2	.txt:2
Dota Mod Project/Tools/HeroWorkshop2/heroes/Dazzle__N01W/slots/06_AInv	2	0	2	.txt:2
Dota Mod Project/Tools/HeroWorkshop2/heroes/Dazzle__N01W/slots/07_A3FF	2	0	2	.txt:2
Dota Mod Project/Tools/HeroWorkshop2/heroes/Death_Prophet__UC76	15	928	1	.txt:14, .json:1
Dota Mod Project/Tools/HeroWorkshop2/heroes/Death_Prophet__UC76/slots	14	0	0	.txt:14
Dota Mod Project/Tools/HeroWorkshop2/heroes/Death_Prophet__UC76/slots/01_A02C	2	0	2	.txt:2
Dota Mod Project/Tools/HeroWorkshop2/heroes/Death_Prophet__UC76/slots/02_A0NR	2	0	2	.txt:2
Dota Mod Project/Tools/HeroWorkshop2/heroes/Death_Prophet__UC76/slots/03_A02M	2	0	2	.txt:2
Dota Mod Project/Tools/HeroWorkshop2/heroes/Death_Prophet__UC76/slots/04_A0P6	2	0	2	.txt:2
Dota Mod Project/Tools/HeroWorkshop2/heroes/Death_Prophet__UC76/slots/05_A073	2	0	2	.txt:2
Dota Mod Project/Tools/HeroWorkshop2/heroes/Death_Prophet__UC76/slots/06_AInv	2	0	2	.txt:2
Dota Mod Project/Tools/HeroWorkshop2/heroes/Death_Prophet__UC76/slots/07_A3FF	2	0	2	.txt:2
Dota Mod Project/Tools/HeroWorkshop2/heroes/Disruptor__E02J	14	797	2	.txt:12, .json:2
Dota Mod Project/Tools/HeroWorkshop2/heroes/Disruptor__E02J/slots	12	0	0	.txt:12
Dota Mod Project/Tools/HeroWorkshop2/heroes/Disruptor__E02J/slots/01_A0NR	2	0	2	.txt:2
Dota Mod Project/Tools/HeroWorkshop2/heroes/Disruptor__E02J/slots/02_A1SU	2	0	2	.txt:2
Dota Mod Project/Tools/HeroWorkshop2/heroes/Disruptor__E02J/slots/03_A1TV	2	0	2	.txt:2
Dota Mod Project/Tools/HeroWorkshop2/heroes/Disruptor__E02J/slots/04_A1SW	2	0	2	.txt:2
Dota Mod Project/Tools/HeroWorkshop2/heroes/Disruptor__E02J/slots/05_A1U6	2	0	2	.txt:2
Dota Mod Project/Tools/HeroWorkshop2/heroes/Disruptor__E02J/slots/06_AInv	2	0	2	.txt:2
Dota Mod Project/Tools/HeroWorkshop2/heroes/Doom__UC42	16	879	2	.txt:14, .json:2
Dota Mod Project/Tools/HeroWorkshop2/heroes/Doom__UC42/slots	14	0	0	.txt:14
Dota Mod Project/Tools/HeroWorkshop2/heroes/Doom__UC42/slots/01_A0NR	2	0	2	.txt:2
Dota Mod Project/Tools/HeroWorkshop2/heroes/Doom__UC42/slots/02_A094	2	0	2	.txt:2
Dota Mod Project/Tools/HeroWorkshop2/heroes/Doom__UC42/slots/03_A35D	2	0	2	.txt:2
Dota Mod Project/Tools/HeroWorkshop2/heroes/Doom__UC42/slots/04_A1OP	2	0	2	.txt:2
Dota Mod Project/Tools/HeroWorkshop2/heroes/Doom__UC42/slots/05_A0MU	2	0	2	.txt:2
Dota Mod Project/Tools/HeroWorkshop2/heroes/Doom__UC42/slots/06_AInv	2	0	2	.txt:2
Dota Mod Project/Tools/HeroWorkshop2/heroes/Doom__UC42/slots/07_A3FF	2	0	2	.txt:2
Dota Mod Project/Tools/HeroWorkshop2/heroes/Dragon_Knight__Hlgr	16	945	2	.txt:14, .json:2
Dota Mod Project/Tools/HeroWorkshop2/heroes/Dragon_Knight__Hlgr/slots	14	0	0	.txt:14
Dota Mod Project/Tools/HeroWorkshop2/heroes/Dragon_Knight__Hlgr/slots/01_A03G	2	0	2	.txt:2
Dota Mod Project/Tools/HeroWorkshop2/heroes/Dragon_Knight__Hlgr/slots/02_A03F	2	0	2	.txt:2
Dota Mod Project/Tools/HeroWorkshop2/heroes/Dragon_Knight__Hlgr/slots/03_A0NR	2	0	2	.txt:2
Dota Mod Project/Tools/HeroWorkshop2/heroes/Dragon_Knight__Hlgr/slots/04_A2AI	2	0	2	.txt:2
Dota Mod Project/Tools/HeroWorkshop2/heroes/Dragon_Knight__Hlgr/slots/05_A0CL	2	0	2	.txt:2
Dota Mod Project/Tools/HeroWorkshop2/heroes/Dragon_Knight__Hlgr/slots/06_AInv	2	0	2	.txt:2
Dota Mod Project/Tools/HeroWorkshop2/heroes/Dragon_Knight__Hlgr/slots/07_A3FF	2	0	2	.txt:2
Dota Mod Project/Tools/HeroWorkshop2/heroes/Drow_Ranger__Nbrn	13	824	1	.txt:12, .json:1
Dota Mod Project/Tools/HeroWorkshop2/heroes/Drow_Ranger__Nbrn/slots	12	0	0	.txt:12
Dota Mod Project/Tools/HeroWorkshop2/heroes/Drow_Ranger__Nbrn/slots/01_A2WF	2	0	2	.txt:2
Dota Mod Project/Tools/HeroWorkshop2/heroes/Drow_Ranger__Nbrn/slots/02_A0NR	2	0	2	.txt:2
Dota Mod Project/Tools/HeroWorkshop2/heroes/Drow_Ranger__Nbrn/slots/03_A2O2	2	0	2	.txt:2
Dota Mod Project/Tools/HeroWorkshop2/heroes/Drow_Ranger__Nbrn/slots/04_A026	2	0	2	.txt:2
Dota Mod Project/Tools/HeroWorkshop2/heroes/Drow_Ranger__Nbrn/slots/05_A0VC	2	0	2	.txt:2
Dota Mod Project/Tools/HeroWorkshop2/heroes/Drow_Ranger__Nbrn/slots/06_AInv	2	0	2	.txt:2
Dota Mod Project/Tools/HeroWorkshop2/heroes/Earth_Spirit__N0MU	14	829	2	.txt:12, .json:2
Dota Mod Project/Tools/HeroWorkshop2/heroes/Earth_Spirit__N0MU/slots	12	0	0	.txt:12
Dota Mod Project/Tools/HeroWorkshop2/heroes/Earth_Spirit__N0MU/slots/01_A2TJ	2	0	2	.txt:2
Dota Mod Project/Tools/HeroWorkshop2/heroes/Earth_Spirit__N0MU/slots/02_A2QI	2	0	2	.txt:2
Dota Mod Project/Tools/HeroWorkshop2/heroes/Earth_Spirit__N0MU/slots/03_A2UU	2	0	2	.txt:2
Dota Mod Project/Tools/HeroWorkshop2/heroes/Earth_Spirit__N0MU/slots/04_A0NR	2	0	2	.txt:2
Dota Mod Project/Tools/HeroWorkshop2/heroes/Earth_Spirit__N0MU/slots/05_A2TI	2	0	2	.txt:2
Dota Mod Project/Tools/HeroWorkshop2/heroes/Earth_Spirit__N0MU/slots/06_AInv	2	0	2	.txt:2
Dota Mod Project/Tools/HeroWorkshop2/heroes/Earthshaker__Otch	16	929	2	.txt:14, .json:2
Dota Mod Project/Tools/HeroWorkshop2/heroes/Earthshaker__Otch/slots	14	0	0	.txt:14
Dota Mod Project/Tools/HeroWorkshop2/heroes/Earthshaker__Otch/slots/01_A0DH	2	0	2	.txt:2
Dota Mod Project/Tools/HeroWorkshop2/heroes/Earthshaker__Otch/slots/02_A0DL	2	0	2	.txt:2
Dota Mod Project/Tools/HeroWorkshop2/heroes/Earthshaker__Otch/slots/03_A0SK	2	0	2	.txt:2
Dota Mod Project/Tools/HeroWorkshop2/heroes/Earthshaker__Otch/slots/04_A0DJ	2	0	2	.txt:2
Dota Mod Project/Tools/HeroWorkshop2/heroes/Earthshaker__Otch/slots/05_A0NR	2	0	2	.txt:2
Dota Mod Project/Tools/HeroWorkshop2/heroes/Earthshaker__Otch/slots/06_AInv	2	0	2	.txt:2
Dota Mod Project/Tools/HeroWorkshop2/heroes/Earthshaker__Otch/slots/07_A3FF	2	0	2	.txt:2
Dota Mod Project/Tools/HeroWorkshop2/heroes/Elder_Titan__O015	14	823	2	.txt:12, .json:2
Dota Mod Project/Tools/HeroWorkshop2/heroes/Elder_Titan__O015/slots	12	0	0	.txt:12
Dota Mod Project/Tools/HeroWorkshop2/heroes/Elder_Titan__O015/slots/01_A1CD	2	0	2	.txt:2
Dota Mod Project/Tools/HeroWorkshop2/heroes/Elder_Titan__O015/slots/02_A1AA	2	0	2	.txt:2
Dota Mod Project/Tools/HeroWorkshop2/heroes/Elder_Titan__O015/slots/03_A1A8	2	0	2	.txt:2
Dota Mod Project/Tools/HeroWorkshop2/heroes/Elder_Titan__O015/slots/04_A1A1	2	0	2	.txt:2
Dota Mod Project/Tools/HeroWorkshop2/heroes/Elder_Titan__O015/slots/05_A0NR	2	0	2	.txt:2
Dota Mod Project/Tools/HeroWorkshop2/heroes/Elder_Titan__O015/slots/06_AInv	2	0	2	.txt:2
Dota Mod Project/Tools/HeroWorkshop2/heroes/Ember_Spirit__N0M0	14	844	2	.txt:12, .json:2
Dota Mod Project/Tools/HeroWorkshop2/heroes/Ember_Spirit__N0M0/slots	12	0	0	.txt:12
Dota Mod Project/Tools/HeroWorkshop2/heroes/Ember_Spirit__N0M0/slots/01_A0NR	2	0	2	.txt:2
Dota Mod Project/Tools/HeroWorkshop2/heroes/Ember_Spirit__N0M0/slots/02_A2H0	2	0	2	.txt:2
Dota Mod Project/Tools/HeroWorkshop2/heroes/Ember_Spirit__N0M0/slots/03_A2H3	2	0	2	.txt:2
Dota Mod Project/Tools/HeroWorkshop2/heroes/Ember_Spirit__N0M0/slots/04_A2HS	2	0	2	.txt:2
Dota Mod Project/Tools/HeroWorkshop2/heroes/Ember_Spirit__N0M0/slots/05_A2JK	2	0	2	.txt:2
Dota Mod Project/Tools/HeroWorkshop2/heroes/Ember_Spirit__N0M0/slots/06_AInv	2	0	2	.txt:2
Dota Mod Project/Tools/HeroWorkshop2/heroes/Enchantress__Emoo	16	932	2	.txt:14, .json:2
Dota Mod Project/Tools/HeroWorkshop2/heroes/Enchantress__Emoo/slots	14	0	0	.txt:14
Dota Mod Project/Tools/HeroWorkshop2/heroes/Enchantress__Emoo/slots/01_A0DX	2	0	2	.txt:2
Dota Mod Project/Tools/HeroWorkshop2/heroes/Enchantress__Emoo/slots/02_A01B	2	0	2	.txt:2
Dota Mod Project/Tools/HeroWorkshop2/heroes/Enchantress__Emoo/slots/03_A0DW	2	0	2	.txt:2
Dota Mod Project/Tools/HeroWorkshop2/heroes/Enchantress__Emoo/slots/04_A0DY	2	0	2	.txt:2
Dota Mod Project/Tools/HeroWorkshop2/heroes/Enchantress__Emoo/slots/05_A0NR	2	0	2	.txt:2
Dota Mod Project/Tools/HeroWorkshop2/heroes/Enchantress__Emoo/slots/06_AInv	2	0	2	.txt:2
Dota Mod Project/Tools/HeroWorkshop2/heroes/Enchantress__Emoo/slots/07_A3FF	2	0	2	.txt:2
Dota Mod Project/Tools/HeroWorkshop2/heroes/Enigma__Uktl	16	911	2	.txt:14, .json:2
Dota Mod Project/Tools/HeroWorkshop2/heroes/Enigma__Uktl/slots	14	0	0	.txt:14
Dota Mod Project/Tools/HeroWorkshop2/heroes/Enigma__Uktl/slots/01_A0NR	2	0	2	.txt:2
Dota Mod Project/Tools/HeroWorkshop2/heroes/Enigma__Uktl/slots/02_A0I7	2	0	2	.txt:2
Dota Mod Project/Tools/HeroWorkshop2/heroes/Enigma__Uktl/slots/03_A180	2	0	2	.txt:2
Dota Mod Project/Tools/HeroWorkshop2/heroes/Enigma__Uktl/slots/04_A0B1	2	0	2	.txt:2
Dota Mod Project/Tools/HeroWorkshop2/heroes/Enigma__Uktl/slots/05_A1BX	2	0	2	.txt:2
Dota Mod Project/Tools/HeroWorkshop2/heroes/Enigma__Uktl/slots/06_AInv	2	0	2	.txt:2
Dota Mod Project/Tools/HeroWorkshop2/heroes/Enigma__Uktl/slots/07_A3FF	2	0	2	.txt:2
Dota Mod Project/Tools/HeroWorkshop2/heroes/Faceless_Void__EC45	16	920	2	.txt:14, .json:2
Dota Mod Project/Tools/HeroWorkshop2/heroes/Faceless_Void__EC45/slots	14	0	0	.txt:14
Dota Mod Project/Tools/HeroWorkshop2/heroes/Faceless_Void__EC45/slots/01_A081	2	0	2	.txt:2
Dota Mod Project/Tools/HeroWorkshop2/heroes/Faceless_Void__EC45/slots/02_A0NR	2	0	2	.txt:2
Dota Mod Project/Tools/HeroWorkshop2/heroes/Faceless_Void__EC45/slots/03_A0CZ	2	0	2	.txt:2
Dota Mod Project/Tools/HeroWorkshop2/heroes/Faceless_Void__EC45/slots/04_A0LK	2	0	2	.txt:2
Dota Mod Project/Tools/HeroWorkshop2/heroes/Faceless_Void__EC45/slots/05_A0J1	2	0	2	.txt:2
Dota Mod Project/Tools/HeroWorkshop2/heroes/Faceless_Void__EC45/slots/06_AInv	2	0	2	.txt:2
Dota Mod Project/Tools/HeroWorkshop2/heroes/Faceless_Void__EC45/slots/07_A3FF	2	0	2	.txt:2
Dota Mod Project/Tools/HeroWorkshop2/heroes/Gyrocopter__E02N	15	927	1	.txt:14, .json:1
Dota Mod Project/Tools/HeroWorkshop2/heroes/Gyrocopter__E02N/slots	14	0	0	.txt:14
Dota Mod Project/Tools/HeroWorkshop2/heroes/Gyrocopter__E02N/slots/01_A0NR	2	0	2	.txt:2
Dota Mod Project/Tools/HeroWorkshop2/heroes/Gyrocopter__E02N/slots/02_A1SO	2	0	2	.txt:2
Dota Mod Project/Tools/HeroWorkshop2/heroes/Gyrocopter__E02N/slots/03_A1SQ	2	0	2	.txt:2
Dota Mod Project/Tools/HeroWorkshop2/heroes/Gyrocopter__E02N/slots/04_A229	2	0	2	.txt:2
Dota Mod Project/Tools/HeroWorkshop2/heroes/Gyrocopter__E02N/slots/05_A1T5	2	0	2	.txt:2
Dota Mod Project/Tools/HeroWorkshop2/heroes/Gyrocopter__E02N/slots/06_AInv	2	0	2	.txt:2
Dota Mod Project/Tools/HeroWorkshop2/heroes/Gyrocopter__E02N/slots/07_A3JI	2	0	2	.txt:2
Dota Mod Project/Tools/HeroWorkshop2/heroes/Huskar__H00Q	16	928	2	.txt:14, .json:2
Dota Mod Project/Tools/HeroWorkshop2/heroes/Huskar__H00Q/slots	14	0	0	.txt:14
Dota Mod Project/Tools/HeroWorkshop2/heroes/Huskar__H00Q/slots/01_A0QR	2	0	2	.txt:2
Dota Mod Project/Tools/HeroWorkshop2/heroes/Huskar__H00Q/slots/02_A0QQ	2	0	2	.txt:2
Dota Mod Project/Tools/HeroWorkshop2/heroes/Huskar__H00Q/slots/03_A0QN	2	0	2	.txt:2
Dota Mod Project/Tools/HeroWorkshop2/heroes/Huskar__H00Q/slots/04_A0QP	2	0	2	.txt:2
Dota Mod Project/Tools/HeroWorkshop2/heroes/Huskar__H00Q/slots/05_A0NR	2	0	2	.txt:2
Dota Mod Project/Tools/HeroWorkshop2/heroes/Huskar__H00Q/slots/06_AInv	2	0	2	.txt:2
Dota Mod Project/Tools/HeroWorkshop2/heroes/Huskar__H00Q/slots/07_A3FF	2	0	2	.txt:2
Dota Mod Project/Tools/HeroWorkshop2/heroes/Invoker__H00U	12	727	2	.txt:10, .json:2
Dota Mod Project/Tools/HeroWorkshop2/heroes/Invoker__H00U/slots	10	0	0	.txt:10
Dota Mod Project/Tools/HeroWorkshop2/heroes/Invoker__H00U/slots/01_A21Y	2	0	2	.txt:2
Dota Mod Project/Tools/HeroWorkshop2/heroes/Invoker__H00U/slots/02_A21X	2	0	2	.txt:2
Dota Mod Project/Tools/HeroWorkshop2/heroes/Invoker__H00U/slots/03_A21W	2	0	2	.txt:2
Dota Mod Project/Tools/HeroWorkshop2/heroes/Invoker__H00U/slots/04_A21V	2	0	2	.txt:2
Dota Mod Project/Tools/HeroWorkshop2/heroes/Invoker__H00U/slots/05_AInv	2	0	2	.txt:2
Dota Mod Project/Tools/HeroWorkshop2/heroes/Io__O01F	16	938	2	.txt:14, .json:2
Dota Mod Project/Tools/HeroWorkshop2/heroes/Io__O01F/slots	14	0	0	.txt:14
Dota Mod Project/Tools/HeroWorkshop2/heroes/Io__O01F/slots/01_A0NR	2	0	2	.txt:2
Dota Mod Project/Tools/HeroWorkshop2/heroes/Io__O01F/slots/02_A1T8	2	0	2	.txt:2
Dota Mod Project/Tools/HeroWorkshop2/heroes/Io__O01F/slots/03_A35G	2	0	2	.txt:2
Dota Mod Project/Tools/HeroWorkshop2/heroes/Io__O01F/slots/04_A1TB	2	0	2	.txt:2
Dota Mod Project/Tools/HeroWorkshop2/heroes/Io__O01F/slots/05_A28Q	2	0	2	.txt:2
Dota Mod Project/Tools/HeroWorkshop2/heroes/Io__O01F/slots/06_AInv	2	0	2	.txt:2
Dota Mod Project/Tools/HeroWorkshop2/heroes/Io__O01F/slots/07_A3JI	2	0	2	.txt:2
Dota Mod Project/Tools/HeroWorkshop2/heroes/Jakiro__E00P	16	892	2	.txt:14, .json:2
Dota Mod Project/Tools/HeroWorkshop2/heroes/Jakiro__E00P/slots	14	0	0	.txt:14
Dota Mod Project/Tools/HeroWorkshop2/heroes/Jakiro__E00P/slots/01_A0O7	2	0	2	.txt:2
Dota Mod Project/Tools/HeroWorkshop2/heroes/Jakiro__E00P/slots/02_A0O6	2	0	2	.txt:2
Dota Mod Project/Tools/HeroWorkshop2/heroes/Jakiro__E00P/slots/03_A2VO	2	0	2	.txt:2
Dota Mod Project/Tools/HeroWorkshop2/heroes/Jakiro__E00P/slots/04_A0O5	2	0	2	.txt:2
Dota Mod Project/Tools/HeroWorkshop2/heroes/Jakiro__E00P/slots/05_A0NR	2	0	2	.txt:2
Dota Mod Project/Tools/HeroWorkshop2/heroes/Jakiro__E00P/slots/06_AInv	2	0	2	.txt:2
Dota Mod Project/Tools/HeroWorkshop2/heroes/Jakiro__E00P/slots/07_A3JI	2	0	2	.txt:2
Dota Mod Project/Tools/HeroWorkshop2/heroes/Juggernaut__Nbbc	14	846	2	.txt:12, .json:2
Dota Mod Project/Tools/HeroWorkshop2/heroes/Juggernaut__Nbbc/slots	12	0	0	.txt:12
Dota Mod Project/Tools/HeroWorkshop2/heroes/Juggernaut__Nbbc/slots/01_A0NR	2	0	2	.txt:2
Dota Mod Project/Tools/HeroWorkshop2/heroes/Juggernaut__Nbbc/slots/02_A338	2	0	2	.txt:2
Dota Mod Project/Tools/HeroWorkshop2/heroes/Juggernaut__Nbbc/slots/03_A05G	2	0	2	.txt:2
Dota Mod Project/Tools/HeroWorkshop2/heroes/Juggernaut__Nbbc/slots/04_A00K	2	0	2	.txt:2
Dota Mod Project/Tools/HeroWorkshop2/heroes/Juggernaut__Nbbc/slots/05_A0M1	2	0	2	.txt:2
Dota Mod Project/Tools/HeroWorkshop2/heroes/Juggernaut__Nbbc/slots/06_AInv	2	0	2	.txt:2
Dota Mod Project/Tools/HeroWorkshop2/heroes/Keeper_of_the_Light__Hblm	14	810	2	.txt:12, .json:2
Dota Mod Project/Tools/HeroWorkshop2/heroes/Keeper_of_the_Light__Hblm/slots	12	0	0	.txt:12
Dota Mod Project/Tools/HeroWorkshop2/heroes/Keeper_of_the_Light__Hblm/slots/01_A085	2	0	2	.txt:2
Dota Mod Project/Tools/HeroWorkshop2/heroes/Keeper_of_the_Light__Hblm/slots/02_A10X	2	0	2	.txt:2
Dota Mod Project/Tools/HeroWorkshop2/heroes/Keeper_of_the_Light__Hblm/slots/03_A2XQ	2	0	2	.txt:2
Dota Mod Project/Tools/HeroWorkshop2/heroes/Keeper_of_the_Light__Hblm/slots/04_A112	2	0	2	.txt:2
Dota Mod Project/Tools/HeroWorkshop2/heroes/Keeper_of_the_Light__Hblm/slots/05_A0NR	2	0	2	.txt:2
Dota Mod Project/Tools/HeroWorkshop2/heroes/Keeper_of_the_Light__Hblm/slots/06_AInv	2	0	2	.txt:2
Dota Mod Project/Tools/HeroWorkshop2/heroes/Kunkka__H06S	14	833	2	.txt:12, .json:2
Dota Mod Project/Tools/HeroWorkshop2/heroes/Kunkka__H06S/slots	12	0	0	.txt:12
Dota Mod Project/Tools/HeroWorkshop2/heroes/Kunkka__H06S/slots/01_A136	2	0	2	.txt:2
Dota Mod Project/Tools/HeroWorkshop2/heroes/Kunkka__H06S/slots/02_A13T	2	0	2	.txt:2
Dota Mod Project/Tools/HeroWorkshop2/heroes/Kunkka__H06S/slots/03_Z008	2	0	2	.txt:2
Dota Mod Project/Tools/HeroWorkshop2/heroes/Kunkka__H06S/slots/04_A11K	2	0	2	.txt:2
Dota Mod Project/Tools/HeroWorkshop2/heroes/Kunkka__H06S/slots/05_A0NR	2	0	2	.txt:2
Dota Mod Project/Tools/HeroWorkshop2/heroes/Kunkka__H06S/slots/06_AInv	2	0	2	.txt:2
Dota Mod Project/Tools/HeroWorkshop2/heroes/Legion_Commander__E02K	14	803	2	.txt:12, .json:2
Dota Mod Project/Tools/HeroWorkshop2/heroes/Legion_Commander__E02K/slots	12	0	0	.txt:12
Dota Mod Project/Tools/HeroWorkshop2/heroes/Legion_Commander__E02K/slots/01_A0NR	2	0	2	.txt:2
Dota Mod Project/Tools/HeroWorkshop2/heroes/Legion_Commander__E02K/slots/02_A2CI	2	0	2	.txt:2
Dota Mod Project/Tools/HeroWorkshop2/heroes/Legion_Commander__E02K/slots/03_A2EY	2	0	2	.txt:2
Dota Mod Project/Tools/HeroWorkshop2/heroes/Legion_Commander__E02K/slots/04_A2J2	2	0	2	.txt:2
Dota Mod Project/Tools/HeroWorkshop2/heroes/Legion_Commander__E02K/slots/05_A2JB	2	0	2	.txt:2
Dota Mod Project/Tools/HeroWorkshop2/heroes/Legion_Commander__E02K/slots/06_AInv	2	0	2	.txt:2
Dota Mod Project/Tools/HeroWorkshop2/heroes/Leshrac__Ekee	14	823	2	.txt:12, .json:2
Dota Mod Project/Tools/HeroWorkshop2/heroes/Leshrac__Ekee/slots	12	0	0	.txt:12
Dota Mod Project/Tools/HeroWorkshop2/heroes/Leshrac__Ekee/slots/01_A0NR	2	0	2	.txt:2
Dota Mod Project/Tools/HeroWorkshop2/heroes/Leshrac__Ekee/slots/02_A20T	2	0	2	.txt:2
Dota Mod Project/Tools/HeroWorkshop2/heroes/Leshrac__Ekee/slots/03_A06W	2	0	2	.txt:2
Dota Mod Project/Tools/HeroWorkshop2/heroes/Leshrac__Ekee/slots/04_A06V	2	0	2	.txt:2
Dota Mod Project/Tools/HeroWorkshop2/heroes/Leshrac__Ekee/slots/05_A21F	2	0	2	.txt:2
Dota Mod Project/Tools/HeroWorkshop2/heroes/Leshrac__Ekee/slots/06_AInv	2	0	2	.txt:2
Dota Mod Project/Tools/HeroWorkshop2/heroes/Lich__Ulic	14	792	2	.txt:12, .json:2
Dota Mod Project/Tools/HeroWorkshop2/heroes/Lich__Ulic/slots	12	0	0	.txt:12
Dota Mod Project/Tools/HeroWorkshop2/heroes/Lich__Ulic/slots/01_A0NR	2	0	2	.txt:2
Dota Mod Project/Tools/HeroWorkshop2/heroes/Lich__Ulic/slots/02_A053	2	0	2	.txt:2
Dota Mod Project/Tools/HeroWorkshop2/heroes/Lich__Ulic/slots/03_A07F	2	0	2	.txt:2
Dota Mod Project/Tools/HeroWorkshop2/heroes/Lich__Ulic/slots/04_A08R	2	0	2	.txt:2
Dota Mod Project/Tools/HeroWorkshop2/heroes/Lich__Ulic/slots/05_A05T	2	0	2	.txt:2
Dota Mod Project/Tools/HeroWorkshop2/heroes/Lich__Ulic/slots/06_AInv	2	0	2	.txt:2
Dota Mod Project/Tools/HeroWorkshop2/heroes/Lifestealer__U00C	18	1036	2	.txt:16, .json:2
Dota Mod Project/Tools/HeroWorkshop2/heroes/Lifestealer__U00C/slots	16	0	0	.txt:16
Dota Mod Project/Tools/HeroWorkshop2/heroes/Lifestealer__U00C/slots/01_A0SW	2	0	2	.txt:2
Dota Mod Project/Tools/HeroWorkshop2/heroes/Lifestealer__U00C/slots/02_A0NR	2	0	2	.txt:2
Dota Mod Project/Tools/HeroWorkshop2/heroes/Lifestealer__U00C/slots/03_A0SS	2	0	2	.txt:2
Dota Mod Project/Tools/HeroWorkshop2/heroes/Lifestealer__U00C/slots/04_A2TT	2	0	2	.txt:2
Dota Mod Project/Tools/HeroWorkshop2/heroes/Lifestealer__U00C/slots/05_A194	2	0	2	.txt:2
Dota Mod Project/Tools/HeroWorkshop2/heroes/Lifestealer__U00C/slots/06_AInv	2	0	2	.txt:2
Dota Mod Project/Tools/HeroWorkshop2/heroes/Lifestealer__U00C/slots/07_A3DO	2	0	2	.txt:2
Dota Mod Project/Tools/HeroWorkshop2/heroes/Lifestealer__U00C/slots/08_A3FF	2	0	2	.txt:2
Dota Mod Project/Tools/HeroWorkshop2/heroes/Lina__H004	18	1028	2	.txt:16, .json:2
Dota Mod Project/Tools/HeroWorkshop2/heroes/Lina__H004/slots	16	0	0	.txt:16
Dota Mod Project/Tools/HeroWorkshop2/heroes/Lina__H004/slots/01_A0NR	2	0	2	.txt:2
Dota Mod Project/Tools/HeroWorkshop2/heroes/Lina__H004/slots/02_A01F	2	0	2	.txt:2
Dota Mod Project/Tools/HeroWorkshop2/heroes/Lina__H004/slots/03_A027	2	0	2	.txt:2
Dota Mod Project/Tools/HeroWorkshop2/heroes/Lina__H004/slots/04_A18X	2	0	2	.txt:2
Dota Mod Project/Tools/HeroWorkshop2/heroes/Lina__H004/slots/05_A01P	2	0	2	.txt:2
Dota Mod Project/Tools/HeroWorkshop2/heroes/Lina__H004/slots/06_A0YR	2	0	2	.txt:2
Dota Mod Project/Tools/HeroWorkshop2/heroes/Lina__H004/slots/07_A01R	2	0	2	.txt:2
Dota Mod Project/Tools/HeroWorkshop2/heroes/Lina__H004/slots/08_AInv	2	0	2	.txt:2
Dota Mod Project/Tools/HeroWorkshop2/heroes/Lion__UC18	16	890	2	.txt:14, .json:2
Dota Mod Project/Tools/HeroWorkshop2/heroes/Lion__UC18/slots	14	0	0	.txt:14
Dota Mod Project/Tools/HeroWorkshop2/heroes/Lion__UC18/slots/01_A0NR	2	0	2	.txt:2
Dota Mod Project/Tools/HeroWorkshop2/heroes/Lion__UC18/slots/02_A0X5	2	0	2	.txt:2
Dota Mod Project/Tools/HeroWorkshop2/heroes/Lion__UC18/slots/03_A0MN	2	0	2	.txt:2
Dota Mod Project/Tools/HeroWorkshop2/heroes/Lion__UC18/slots/04_A02N	2	0	2	.txt:2
Dota Mod Project/Tools/HeroWorkshop2/heroes/Lion__UC18/slots/05_A095	2	0	2	.txt:2
Dota Mod Project/Tools/HeroWorkshop2/heroes/Lion__UC18/slots/06_AInv	2	0	2	.txt:2
Dota Mod Project/Tools/HeroWorkshop2/heroes/Lion__UC18/slots/07_A3FF	2	0	2	.txt:2
Dota Mod Project/Tools/HeroWorkshop2/heroes/Lone_Druid__N01O	18	1017	2	.txt:16, .json:2
Dota Mod Project/Tools/HeroWorkshop2/heroes/Lone_Druid__N01O/slots	16	0	0	.txt:16
Dota Mod Project/Tools/HeroWorkshop2/heroes/Lone_Druid__N01O/slots/01_A0NR	2	0	2	.txt:2
Dota Mod Project/Tools/HeroWorkshop2/heroes/Lone_Druid__N01O/slots/02_A0A5	2	0	2	.txt:2
Dota Mod Project/Tools/HeroWorkshop2/heroes/Lone_Druid__N01O/slots/03_A0A8	2	0	2	.txt:2
Dota Mod Project/Tools/HeroWorkshop2/heroes/Lone_Druid__N01O/slots/04_A1EF	2	0	2	.txt:2
Dota Mod Project/Tools/HeroWorkshop2/heroes/Lone_Druid__N01O/slots/05_A0AG	2	0	2	.txt:2
Dota Mod Project/Tools/HeroWorkshop2/heroes/Lone_Druid__N01O/slots/06_AInv	2	0	2	.txt:2
Dota Mod Project/Tools/HeroWorkshop2/heroes/Lone_Druid__N01O/slots/07_A3FF	2	0	2	.txt:2
Dota Mod Project/Tools/HeroWorkshop2/heroes/Lone_Druid__N01O/slots/08_A1EC	2	0	2	.txt:2
Dota Mod Project/Tools/HeroWorkshop2/heroes/Luna__E005	15	913	1	.txt:14, .json:1
Dota Mod Project/Tools/HeroWorkshop2/heroes/Luna__E005/slots	14	0	0	.txt:14
Dota Mod Project/Tools/HeroWorkshop2/heroes/Luna__E005/slots/01_A062	2	0	2	.txt:2
Dota Mod Project/Tools/HeroWorkshop2/heroes/Luna__E005/slots/02_A042	2	0	2	.txt:2
Dota Mod Project/Tools/HeroWorkshop2/heroes/Luna__E005/slots/03_A054	2	0	2	.txt:2
Dota Mod Project/Tools/HeroWorkshop2/heroes/Luna__E005/slots/04_A0NR	2	0	2	.txt:2
Dota Mod Project/Tools/HeroWorkshop2/heroes/Luna__E005/slots/05_A041	2	0	2	.txt:2
Dota Mod Project/Tools/HeroWorkshop2/heroes/Luna__E005/slots/06_AInv	2	0	2	.txt:2
Dota Mod Project/Tools/HeroWorkshop2/heroes/Luna__E005/slots/07_A3FF	2	0	2	.txt:2
Dota Mod Project/Tools/HeroWorkshop2/heroes/Lycan__U008	14	811	2	.txt:12, .json:2
Dota Mod Project/Tools/HeroWorkshop2/heroes/Lycan__U008/slots	12	0	0	.txt:12
Dota Mod Project/Tools/HeroWorkshop2/heroes/Lycan__U008/slots/01_A0NR	2	0	2	.txt:2
Dota Mod Project/Tools/HeroWorkshop2/heroes/Lycan__U008/slots/02_A03E	2	0	2	.txt:2
Dota Mod Project/Tools/HeroWorkshop2/heroes/Lycan__U008/slots/03_A0ZF	2	0	2	.txt:2
Dota Mod Project/Tools/HeroWorkshop2/heroes/Lycan__U008/slots/04_A093	2	0	2	.txt:2
Dota Mod Project/Tools/HeroWorkshop2/heroes/Lycan__U008/slots/05_A03D	2	0	2	.txt:2
Dota Mod Project/Tools/HeroWorkshop2/heroes/Lycan__U008/slots/06_AInv	2	0	2	.txt:2
Dota Mod Project/Tools/HeroWorkshop2/heroes/Magnus__UC11	16	915	2	.txt:14, .json:2
Dota Mod Project/Tools/HeroWorkshop2/heroes/Magnus__UC11/slots	14	0	0	.txt:14
Dota Mod Project/Tools/HeroWorkshop2/heroes/Magnus__UC11/slots/01_A0NR	2	0	2	.txt:2
Dota Mod Project/Tools/HeroWorkshop2/heroes/Magnus__UC11/slots/02_A02S	2	0	2	.txt:2
Dota Mod Project/Tools/HeroWorkshop2/heroes/Magnus__UC11/slots/03_A037	2	0	2	.txt:2
Dota Mod Project/Tools/HeroWorkshop2/heroes/Magnus__UC11/slots/04_A1RD	2	0	2	.txt:2
Dota Mod Project/Tools/HeroWorkshop2/heroes/Magnus__UC11/slots/05_A29L	2	0	2	.txt:2
Dota Mod Project/Tools/HeroWorkshop2/heroes/Magnus__UC11/slots/06_AInv	2	0	2	.txt:2
Dota Mod Project/Tools/HeroWorkshop2/heroes/Magnus__UC11/slots/07_A3FF	2	0	2	.txt:2
Dota Mod Project/Tools/HeroWorkshop2/heroes/Medusa__H00V	13	829	1	.txt:12, .json:1
Dota Mod Project/Tools/HeroWorkshop2/heroes/Medusa__H00V/slots	12	0	0	.txt:12
Dota Mod Project/Tools/HeroWorkshop2/heroes/Medusa__H00V/slots/01_A1AT	2	0	2	.txt:2
Dota Mod Project/Tools/HeroWorkshop2/heroes/Medusa__H00V/slots/02_A0G2	2	0	2	.txt:2
Dota Mod Project/Tools/HeroWorkshop2/heroes/Medusa__H00V/slots/03_A0MP	2	0	2	.txt:2
Dota Mod Project/Tools/HeroWorkshop2/heroes/Medusa__H00V/slots/04_A1C0	2	0	2	.txt:2
Dota Mod Project/Tools/HeroWorkshop2/heroes/Medusa__H00V/slots/05_A0NR	2	0	2	.txt:2
Dota Mod Project/Tools/HeroWorkshop2/heroes/Medusa__H00V/slots/06_AInv	2	0	2	.txt:2
Dota Mod Project/Tools/HeroWorkshop2/heroes/Meepo__H00I	15	938	1	.txt:14, .json:1
Dota Mod Project/Tools/HeroWorkshop2/heroes/Meepo__H00I/slots	14	0	0	.txt:14
Dota Mod Project/Tools/HeroWorkshop2/heroes/Meepo__H00I/slots/01_A0NR	2	0	2	.txt:2
Dota Mod Project/Tools/HeroWorkshop2/heroes/Meepo__H00I/slots/02_A0N8	2	0	2	.txt:2
Dota Mod Project/Tools/HeroWorkshop2/heroes/Meepo__H00I/slots/03_A0NB	2	0	2	.txt:2
Dota Mod Project/Tools/HeroWorkshop2/heroes/Meepo__H00I/slots/04_A0N7	2	0	2	.txt:2
Dota Mod Project/Tools/HeroWorkshop2/heroes/Meepo__H00I/slots/05_A0MW	2	0	2	.txt:2
Dota Mod Project/Tools/HeroWorkshop2/heroes/Meepo__H00I/slots/06_AInv	2	0	2	.txt:2
Dota Mod Project/Tools/HeroWorkshop2/heroes/Meepo__H00I/slots/07_A3FF	2	0	2	.txt:2
Dota Mod Project/Tools/HeroWorkshop2/heroes/Mirana__N01V	14	822	2	.txt:12, .json:2
Dota Mod Project/Tools/HeroWorkshop2/heroes/Mirana__N01V/slots	12	0	0	.txt:12
Dota Mod Project/Tools/HeroWorkshop2/heroes/Mirana__N01V/slots/01_A0L8	2	0	2	.txt:2
Dota Mod Project/Tools/HeroWorkshop2/heroes/Mirana__N01V/slots/02_A0LN	2	0	2	.txt:2
Dota Mod Project/Tools/HeroWorkshop2/heroes/Mirana__N01V/slots/03_A0KV	2	0	2	.txt:2
Dota Mod Project/Tools/HeroWorkshop2/heroes/Mirana__N01V/slots/04_A0NR	2	0	2	.txt:2
Dota Mod Project/Tools/HeroWorkshop2/heroes/Mirana__N01V/slots/05_A0KU	2	0	2	.txt:2
Dota Mod Project/Tools/HeroWorkshop2/heroes/Mirana__N01V/slots/06_AInv	2	0	2	.txt:2
Dota Mod Project/Tools/HeroWorkshop2/heroes/Morphling__O00P	16	939	2	.txt:14, .json:2
Dota Mod Project/Tools/HeroWorkshop2/heroes/Morphling__O00P/slots	14	0	0	.txt:14
Dota Mod Project/Tools/HeroWorkshop2/heroes/Morphling__O00P/slots/01_A0G6	2	0	2	.txt:2
Dota Mod Project/Tools/HeroWorkshop2/heroes/Morphling__O00P/slots/02_A0G8	2	0	2	.txt:2
Dota Mod Project/Tools/HeroWorkshop2/heroes/Morphling__O00P/slots/03_A0NR	2	0	2	.txt:2
Dota Mod Project/Tools/HeroWorkshop2/heroes/Morphling__O00P/slots/04_A0KX	2	0	2	.txt:2
Dota Mod Project/Tools/HeroWorkshop2/heroes/Morphling__O00P/slots/05_A0FN	2	0	2	.txt:2
Dota Mod Project/Tools/HeroWorkshop2/heroes/Morphling__O00P/slots/06_AInv	2	0	2	.txt:2
Dota Mod Project/Tools/HeroWorkshop2/heroes/Morphling__O00P/slots/07_A3FF	2	0	2	.txt:2
Dota Mod Project/Tools/HeroWorkshop2/heroes/Naga_Siren__HC49	16	939	2	.txt:14, .json:2
Dota Mod Project/Tools/HeroWorkshop2/heroes/Naga_Siren__HC49/slots	14	0	0	.txt:14
Dota Mod Project/Tools/HeroWorkshop2/heroes/Naga_Siren__HC49/slots/01_A0NR	2	0	2	.txt:2
Dota Mod Project/Tools/HeroWorkshop2/heroes/Naga_Siren__HC49/slots/02_A2KU	2	0	2	.txt:2
Dota Mod Project/Tools/HeroWorkshop2/heroes/Naga_Siren__HC49/slots/03_A24D	2	0	2	.txt:2
Dota Mod Project/Tools/HeroWorkshop2/heroes/Naga_Siren__HC49/slots/04_A063	2	0	2	.txt:2
Dota Mod Project/Tools/HeroWorkshop2/heroes/Naga_Siren__HC49/slots/05_A07U	2	0	2	.txt:2
Dota Mod Project/Tools/HeroWorkshop2/heroes/Naga_Siren__HC49/slots/06_AInv	2	0	2	.txt:2
Dota Mod Project/Tools/HeroWorkshop2/heroes/Naga_Siren__HC49/slots/07_A3FF	2	0	2	.txt:2
Dota Mod Project/Tools/HeroWorkshop2/heroes/Nature_s_Prophet__Emns	14	848	2	.txt:12, .json:2
Dota Mod Project/Tools/HeroWorkshop2/heroes/Nature_s_Prophet__Emns/slots	12	0	0	.txt:12
Dota Mod Project/Tools/HeroWorkshop2/heroes/Nature_s_Prophet__Emns/slots/01_A0NR	2	0	2	.txt:2
Dota Mod Project/Tools/HeroWorkshop2/heroes/Nature_s_Prophet__Emns/slots/02_A21E	2	0	2	.txt:2
Dota Mod Project/Tools/HeroWorkshop2/heroes/Nature_s_Prophet__Emns/slots/03_A01O	2	0	2	.txt:2
Dota Mod Project/Tools/HeroWorkshop2/heroes/Nature_s_Prophet__Emns/slots/04_AEfn	2	0	2	.txt:2
Dota Mod Project/Tools/HeroWorkshop2/heroes/Nature_s_Prophet__Emns/slots/05_A1W8	2	0	2	.txt:2
Dota Mod Project/Tools/HeroWorkshop2/heroes/Nature_s_Prophet__Emns/slots/06_AInv	2	0	2	.txt:2
Dota Mod Project/Tools/HeroWorkshop2/heroes/Necrophos__U00E	16	918	2	.txt:14, .json:2
Dota Mod Project/Tools/HeroWorkshop2/heroes/Necrophos__U00E/slots	14	0	0	.txt:14
Dota Mod Project/Tools/HeroWorkshop2/heroes/Necrophos__U00E/slots/01_A067	2	0	2	.txt:2
Dota Mod Project/Tools/HeroWorkshop2/heroes/Necrophos__U00E/slots/02_A05V	2	0	2	.txt:2
Dota Mod Project/Tools/HeroWorkshop2/heroes/Necrophos__U00E/slots/03_A060	2	0	2	.txt:2
Dota Mod Project/Tools/HeroWorkshop2/heroes/Necrophos__U00E/slots/04_A01N	2	0	2	.txt:2
Dota Mod Project/Tools/HeroWorkshop2/heroes/Necrophos__U00E/slots/05_A0NR	2	0	2	.txt:2
Dota Mod Project/Tools/HeroWorkshop2/heroes/Necrophos__U00E/slots/06_AInv	2	0	2	.txt:2
Dota Mod Project/Tools/HeroWorkshop2/heroes/Necrophos__U00E/slots/07_A3FF	2	0	2	.txt:2
Dota Mod Project/Tools/HeroWorkshop2/heroes/Night_Stalker__Udre	14	829	2	.txt:12, .json:2
Dota Mod Project/Tools/HeroWorkshop2/heroes/Night_Stalker__Udre/slots	12	0	0	.txt:12
Dota Mod Project/Tools/HeroWorkshop2/heroes/Night_Stalker__Udre/slots/01_A086	2	0	2	.txt:2
Dota Mod Project/Tools/HeroWorkshop2/heroes/Night_Stalker__Udre/slots/02_A08E	2	0	2	.txt:2
Dota Mod Project/Tools/HeroWorkshop2/heroes/Night_Stalker__Udre/slots/03_A03K	2	0	2	.txt:2
Dota Mod Project/Tools/HeroWorkshop2/heroes/Night_Stalker__Udre/slots/04_A0NR	2	0	2	.txt:2
Dota Mod Project/Tools/HeroWorkshop2/heroes/Night_Stalker__Udre/slots/05_A02H	2	0	2	.txt:2
Dota Mod Project/Tools/HeroWorkshop2/heroes/Night_Stalker__Udre/slots/06_AInv	2	0	2	.txt:2
Dota Mod Project/Tools/HeroWorkshop2/heroes/Nyx_Assassin__U000	13	823	1	.txt:12, .json:1
Dota Mod Project/Tools/HeroWorkshop2/heroes/Nyx_Assassin__U000/slots	12	0	0	.txt:12
Dota Mod Project/Tools/HeroWorkshop2/heroes/Nyx_Assassin__U000/slots/01_A0NR	2	0	2	.txt:2
Dota Mod Project/Tools/HeroWorkshop2/heroes/Nyx_Assassin__U000/slots/02_A0X7	2	0	2	.txt:2
Dota Mod Project/Tools/HeroWorkshop2/heroes/Nyx_Assassin__U000/slots/03_A09U	2	0	2	.txt:2
Dota Mod Project/Tools/HeroWorkshop2/heroes/Nyx_Assassin__U000/slots/04_A1H5	2	0	2	.txt:2
Dota Mod Project/Tools/HeroWorkshop2/heroes/Nyx_Assassin__U000/slots/05_A2KO	2	0	2	.txt:2
Dota Mod Project/Tools/HeroWorkshop2/heroes/Nyx_Assassin__U000/slots/06_AInv	2	0	2	.txt:2
Dota Mod Project/Tools/HeroWorkshop2/heroes/Ogre_Magi__Hmkg	16	937	2	.txt:14, .json:2
Dota Mod Project/Tools/HeroWorkshop2/heroes/Ogre_Magi__Hmkg/slots	14	0	0	.txt:14
Dota Mod Project/Tools/HeroWorkshop2/heroes/Ogre_Magi__Hmkg/slots/01_A011	2	0	2	.txt:2
Dota Mod Project/Tools/HeroWorkshop2/heroes/Ogre_Magi__Hmkg/slots/02_A04W	2	0	2	.txt:2
Dota Mod Project/Tools/HeroWorkshop2/heroes/Ogre_Magi__Hmkg/slots/03_A083	2	0	2	.txt:2
Dota Mod Project/Tools/HeroWorkshop2/heroes/Ogre_Magi__Hmkg/slots/04_A088	2	0	2	.txt:2
Dota Mod Project/Tools/HeroWorkshop2/heroes/Ogre_Magi__Hmkg/slots/05_A0NR	2	0	2	.txt:2
Dota Mod Project/Tools/HeroWorkshop2/heroes/Ogre_Magi__Hmkg/slots/06_AInv	2	0	2	.txt:2
Dota Mod Project/Tools/HeroWorkshop2/heroes/Ogre_Magi__Hmkg/slots/07_A3FF	2	0	2	.txt:2
Dota Mod Project/Tools/HeroWorkshop2/heroes/Omniknight__Harf	14	814	2	.txt:12, .json:2
Dota Mod Project/Tools/HeroWorkshop2/heroes/Omniknight__Harf/slots	12	0	0	.txt:12
Dota Mod Project/Tools/HeroWorkshop2/heroes/Omniknight__Harf/slots/01_A08N	2	0	2	.txt:2
Dota Mod Project/Tools/HeroWorkshop2/heroes/Omniknight__Harf/slots/02_A08V	2	0	2	.txt:2
Dota Mod Project/Tools/HeroWorkshop2/heroes/Omniknight__Harf/slots/03_A0ER	2	0	2	.txt:2
Dota Mod Project/Tools/HeroWorkshop2/heroes/Omniknight__Harf/slots/04_A06A	2	0	2	.txt:2
Dota Mod Project/Tools/HeroWorkshop2/heroes/Omniknight__Harf/slots/05_A0NR	2	0	2	.txt:2
Dota Mod Project/Tools/HeroWorkshop2/heroes/Omniknight__Harf/slots/06_AInv	2	0	2	.txt:2
Dota Mod Project/Tools/HeroWorkshop2/heroes/Oracle__N0MD	16	926	2	.txt:14, .json:2
Dota Mod Project/Tools/HeroWorkshop2/heroes/Oracle__N0MD/slots	14	0	0	.txt:14
Dota Mod Project/Tools/HeroWorkshop2/heroes/Oracle__N0MD/slots/01_A0NR	2	0	2	.txt:2
Dota Mod Project/Tools/HeroWorkshop2/heroes/Oracle__N0MD/slots/02_A2TF	2	0	2	.txt:2
Dota Mod Project/Tools/HeroWorkshop2/heroes/Oracle__N0MD/slots/03_A2QT	2	0	2	.txt:2
Dota Mod Project/Tools/HeroWorkshop2/heroes/Oracle__N0MD/slots/04_A2T5	2	0	2	.txt:2
Dota Mod Project/Tools/HeroWorkshop2/heroes/Oracle__N0MD/slots/05_A2SG	2	0	2	.txt:2
Dota Mod Project/Tools/HeroWorkshop2/heroes/Oracle__N0MD/slots/06_AInv	2	0	2	.txt:2
Dota Mod Project/Tools/HeroWorkshop2/heroes/Oracle__N0MD/slots/07_A3FF	2	0	2	.txt:2
Dota Mod Project/Tools/HeroWorkshop2/heroes/Outworld_Devourer__U00P	16	931	2	.txt:14, .json:2
Dota Mod Project/Tools/HeroWorkshop2/heroes/Outworld_Devourer__U00P/slots	14	0	0	.txt:14
Dota Mod Project/Tools/HeroWorkshop2/heroes/Outworld_Devourer__U00P/slots/01_A0NR	2	0	2	.txt:2
Dota Mod Project/Tools/HeroWorkshop2/heroes/Outworld_Devourer__U00P/slots/02_A0OK	2	0	2	.txt:2
Dota Mod Project/Tools/HeroWorkshop2/heroes/Outworld_Devourer__U00P/slots/03_A0OJ	2	0	2	.txt:2
Dota Mod Project/Tools/HeroWorkshop2/heroes/Outworld_Devourer__U00P/slots/04_A0OI	2	0	2	.txt:2
Dota Mod Project/Tools/HeroWorkshop2/heroes/Outworld_Devourer__U00P/slots/05_A0IF	2	0	2	.txt:2
Dota Mod Project/Tools/HeroWorkshop2/heroes/Outworld_Devourer__U00P/slots/06_AInv	2	0	2	.txt:2
Dota Mod Project/Tools/HeroWorkshop2/heroes/Outworld_Devourer__U00P/slots/07_A3FF	2	0	2	.txt:2
Dota Mod Project/Tools/HeroWorkshop2/heroes/Phantom_Assassin__Ewar	14	826	2	.txt:12, .json:2
Dota Mod Project/Tools/HeroWorkshop2/heroes/Phantom_Assassin__Ewar/slots	12	0	0	.txt:12
Dota Mod Project/Tools/HeroWorkshop2/heroes/Phantom_Assassin__Ewar/slots/01_A0YM	2	0	2	.txt:2
Dota Mod Project/Tools/HeroWorkshop2/heroes/Phantom_Assassin__Ewar/slots/02_A0PL	2	0	2	.txt:2
Dota Mod Project/Tools/HeroWorkshop2/heroes/Phantom_Assassin__Ewar/slots/03_A03P	2	0	2	.txt:2
Dota Mod Project/Tools/HeroWorkshop2/heroes/Phantom_Assassin__Ewar/slots/04_A03Q	2	0	2	.txt:2
Dota Mod Project/Tools/HeroWorkshop2/heroes/Phantom_Assassin__Ewar/slots/05_A0NR	2	0	2	.txt:2
Dota Mod Project/Tools/HeroWorkshop2/heroes/Phantom_Assassin__Ewar/slots/06_AInv	2	0	2	.txt:2
Dota Mod Project/Tools/HeroWorkshop2/heroes/Phantom_Lancer__Ogrh	14	840	2	.txt:12, .json:2
Dota Mod Project/Tools/HeroWorkshop2/heroes/Phantom_Lancer__Ogrh/slots	12	0	0	.txt:12
Dota Mod Project/Tools/HeroWorkshop2/heroes/Phantom_Lancer__Ogrh/slots/01_A30X	2	0	2	.txt:2
Dota Mod Project/Tools/HeroWorkshop2/heroes/Phantom_Lancer__Ogrh/slots/02_A10D	2	0	2	.txt:2
Dota Mod Project/Tools/HeroWorkshop2/heroes/Phantom_Lancer__Ogrh/slots/03_A313	2	0	2	.txt:2
Dota Mod Project/Tools/HeroWorkshop2/heroes/Phantom_Lancer__Ogrh/slots/04_A0DB	2	0	2	.txt:2
Dota Mod Project/Tools/HeroWorkshop2/heroes/Phantom_Lancer__Ogrh/slots/05_A0NR	2	0	2	.txt:2
Dota Mod Project/Tools/HeroWorkshop2/heroes/Phantom_Lancer__Ogrh/slots/06_AInv	2	0	2	.txt:2
Dota Mod Project/Tools/HeroWorkshop2/heroes/Phoenix__E02F	16	935	2	.txt:14, .json:2
Dota Mod Project/Tools/HeroWorkshop2/heroes/Phoenix__E02F/slots	14	0	0	.txt:14
Dota Mod Project/Tools/HeroWorkshop2/heroes/Phoenix__E02F/slots/01_A0NR	2	0	2	.txt:2
Dota Mod Project/Tools/HeroWorkshop2/heroes/Phoenix__E02F/slots/02_A35E	2	0	2	.txt:2
Dota Mod Project/Tools/HeroWorkshop2/heroes/Phoenix__E02F/slots/03_A1RK	2	0	2	.txt:2
Dota Mod Project/Tools/HeroWorkshop2/heroes/Phoenix__E02F/slots/04_A1YY	2	0	2	.txt:2
Dota Mod Project/Tools/HeroWorkshop2/heroes/Phoenix__E02F/slots/05_A1RJ	2	0	2	.txt:2
Dota Mod Project/Tools/HeroWorkshop2/heroes/Phoenix__E02F/slots/06_AInv	2	0	2	.txt:2
Dota Mod Project/Tools/HeroWorkshop2/heroes/Phoenix__E02F/slots/07_A3JI	2	0	2	.txt:2
Dota Mod Project/Tools/HeroWorkshop2/heroes/Puck__N00B	16	931	2	.txt:14, .json:2
Dota Mod Project/Tools/HeroWorkshop2/heroes/Puck__N00B/slots	14	0	0	.txt:14
Dota Mod Project/Tools/HeroWorkshop2/heroes/Puck__N00B/slots/01_A0S8	2	0	2	.txt:2
Dota Mod Project/Tools/HeroWorkshop2/heroes/Puck__N00B/slots/02_A0SC	2	0	2	.txt:2
Dota Mod Project/Tools/HeroWorkshop2/heroes/Puck__N00B/slots/03_A0SB	2	0	2	.txt:2
Dota Mod Project/Tools/HeroWorkshop2/heroes/Puck__N00B/slots/04_A0S9	2	0	2	.txt:2
Dota Mod Project/Tools/HeroWorkshop2/heroes/Puck__N00B/slots/05_A0NR	2	0	2	.txt:2
Dota Mod Project/Tools/HeroWorkshop2/heroes/Puck__N00B/slots/06_AInv	2	0	2	.txt:2
Dota Mod Project/Tools/HeroWorkshop2/heroes/Puck__N00B/slots/07_A3JI	2	0	2	.txt:2
Dota Mod Project/Tools/HeroWorkshop2/heroes/Pudge__U00F	16	921	2	.txt:14, .json:2
Dota Mod Project/Tools/HeroWorkshop2/heroes/Pudge__U00F/slots	14	0	0	.txt:14
Dota Mod Project/Tools/HeroWorkshop2/heroes/Pudge__U00F/slots/01_A06I	2	0	2	.txt:2
Dota Mod Project/Tools/HeroWorkshop2/heroes/Pudge__U00F/slots/02_A06D	2	0	2	.txt:2
Dota Mod Project/Tools/HeroWorkshop2/heroes/Pudge__U00F/slots/03_A0FL	2	0	2	.txt:2
Dota Mod Project/Tools/HeroWorkshop2/heroes/Pudge__U00F/slots/04_A06K	2	0	2	.txt:2
Dota Mod Project/Tools/HeroWorkshop2/heroes/Pudge__U00F/slots/05_A0NR	2	0	2	.txt:2
Dota Mod Project/Tools/HeroWorkshop2/heroes/Pudge__U00F/slots/06_AInv	2	0	2	.txt:2
Dota Mod Project/Tools/HeroWorkshop2/heroes/Pudge__U00F/slots/07_A3FF	2	0	2	.txt:2
Dota Mod Project/Tools/HeroWorkshop2/heroes/Pugna__H00H	16	921	2	.txt:14, .json:2
Dota Mod Project/Tools/HeroWorkshop2/heroes/Pugna__H00H/slots	14	0	0	.txt:14
Dota Mod Project/Tools/HeroWorkshop2/heroes/Pugna__H00H/slots/01_A0NR	2	0	2	.txt:2
Dota Mod Project/Tools/HeroWorkshop2/heroes/Pugna__H00H/slots/02_A09D	2	0	2	.txt:2
Dota Mod Project/Tools/HeroWorkshop2/heroes/Pugna__H00H/slots/03_A0MT	2	0	2	.txt:2
Dota Mod Project/Tools/HeroWorkshop2/heroes/Pugna__H00H/slots/04_A2TD	2	0	2	.txt:2
Dota Mod Project/Tools/HeroWorkshop2/heroes/Pugna__H00H/slots/05_A0CC	2	0	2	.txt:2
Dota Mod Project/Tools/HeroWorkshop2/heroes/Pugna__H00H/slots/06_AInv	2	0	2	.txt:2
Dota Mod Project/Tools/HeroWorkshop2/heroes/Pugna__H00H/slots/07_A3FF	2	0	2	.txt:2
Dota Mod Project/Tools/HeroWorkshop2/heroes/Queen_of_Pain__UC01	16	932	2	.txt:14, .json:2
Dota Mod Project/Tools/HeroWorkshop2/heroes/Queen_of_Pain__UC01/slots	14	0	0	.txt:14
Dota Mod Project/Tools/HeroWorkshop2/heroes/Queen_of_Pain__UC01/slots/01_A0NR	2	0	2	.txt:2
Dota Mod Project/Tools/HeroWorkshop2/heroes/Queen_of_Pain__UC01/slots/02_A0Q7	2	0	2	.txt:2
Dota Mod Project/Tools/HeroWorkshop2/heroes/Queen_of_Pain__UC01/slots/03_A0ME	2	0	2	.txt:2
Dota Mod Project/Tools/HeroWorkshop2/heroes/Queen_of_Pain__UC01/slots/04_A04A	2	0	2	.txt:2
Dota Mod Project/Tools/HeroWorkshop2/heroes/Queen_of_Pain__UC01/slots/05_A28R	2	0	2	.txt:2
Dota Mod Project/Tools/HeroWorkshop2/heroes/Queen_of_Pain__UC01/slots/06_AInv	2	0	2	.txt:2
Dota Mod Project/Tools/HeroWorkshop2/heroes/Queen_of_Pain__UC01/slots/07_A3FF	2	0	2	.txt:2
Dota Mod Project/Tools/HeroWorkshop2/heroes/Razor__E002	18	1008	2	.txt:16, .json:2
Dota Mod Project/Tools/HeroWorkshop2/heroes/Razor__E002/slots	16	0	0	.txt:16
Dota Mod Project/Tools/HeroWorkshop2/heroes/Razor__E002/slots/01_A1E7	2	0	2	.txt:2
Dota Mod Project/Tools/HeroWorkshop2/heroes/Razor__E002/slots/02_A1DP	2	0	2	.txt:2
Dota Mod Project/Tools/HeroWorkshop2/heroes/Razor__E002/slots/03_A1E6	2	0	2	.txt:2
Dota Mod Project/Tools/HeroWorkshop2/heroes/Razor__E002/slots/04_A1AO	2	0	2	.txt:2
Dota Mod Project/Tools/HeroWorkshop2/heroes/Razor__E002/slots/05_A0NR	2	0	2	.txt:2
Dota Mod Project/Tools/HeroWorkshop2/heroes/Razor__E002/slots/06_A00W	2	0	2	.txt:2
Dota Mod Project/Tools/HeroWorkshop2/heroes/Razor__E002/slots/07_AInv	2	0	2	.txt:2
Dota Mod Project/Tools/HeroWorkshop2/heroes/Razor__E002/slots/08_A3FF	2	0	2	.txt:2
Dota Mod Project/Tools/HeroWorkshop2/heroes/Riki__HC92	24	1312	2	.txt:22, .json:2
Dota Mod Project/Tools/HeroWorkshop2/heroes/Riki__HC92/slots	22	0	0	.txt:22
Dota Mod Project/Tools/HeroWorkshop2/heroes/Riki__HC92/slots/01_A0NR	2	0	2	.txt:2
Dota Mod Project/Tools/HeroWorkshop2/heroes/Riki__HC92/slots/02_A0DZ	2	0	2	.txt:2
Dota Mod Project/Tools/HeroWorkshop2/heroes/Riki__HC92/slots/03_A0K9	2	0	2	.txt:2
Dota Mod Project/Tools/HeroWorkshop2/heroes/Riki__HC92/slots/04_A0MB	2	0	2	.txt:2
Dota Mod Project/Tools/HeroWorkshop2/heroes/Riki__HC92/slots/05_A0RG	2	0	2	.txt:2
Dota Mod Project/Tools/HeroWorkshop2/heroes/Riki__HC92/slots/06_AInv	2	0	2	.txt:2
Dota Mod Project/Tools/HeroWorkshop2/heroes/Riki__HC92/slots/07_A37L	2	0	2	.txt:2
Dota Mod Project/Tools/HeroWorkshop2/heroes/Riki__HC92/slots/08_A37M	2	0	2	.txt:2
Dota Mod Project/Tools/HeroWorkshop2/heroes/Riki__HC92/slots/09_A37N	2	0	2	.txt:2
Dota Mod Project/Tools/HeroWorkshop2/heroes/Riki__HC92/slots/10_A37O	2	0	2	.txt:2
Dota Mod Project/Tools/HeroWorkshop2/heroes/Riki__HC92/slots/11_A3FF	2	0	2	.txt:2
Dota Mod Project/Tools/HeroWorkshop2/heroes/Rubick__E02X	22	1250	2	.txt:20, .json:2
Dota Mod Project/Tools/HeroWorkshop2/heroes/Rubick__E02X/slots	20	0	0	.txt:20
Dota Mod Project/Tools/HeroWorkshop2/heroes/Rubick__E02X/slots/01_A0NR	2	0	2	.txt:2
Dota Mod Project/Tools/HeroWorkshop2/heroes/Rubick__E02X/slots/02_A27F	2	0	2	.txt:2
Dota Mod Project/Tools/HeroWorkshop2/heroes/Rubick__E02X/slots/03_A27G	2	0	2	.txt:2
Dota Mod Project/Tools/HeroWorkshop2/heroes/Rubick__E02X/slots/04_A27H	2	0	2	.txt:2
Dota Mod Project/Tools/HeroWorkshop2/heroes/Rubick__E02X/slots/05_A27V	2	0	2	.txt:2
Dota Mod Project/Tools/HeroWorkshop2/heroes/Rubick__E02X/slots/06_AInv	2	0	2	.txt:2
Dota Mod Project/Tools/HeroWorkshop2/heroes/Rubick__E02X/slots/07_A27I	2	0	2	.txt:2
Dota Mod Project/Tools/HeroWorkshop2/heroes/Rubick__E02X/slots/08_A27K	2	0	2	.txt:2
Dota Mod Project/Tools/HeroWorkshop2/heroes/Rubick__E02X/slots/09_A27J	2	0	2	.txt:2
Dota Mod Project/Tools/HeroWorkshop2/heroes/Rubick__E02X/slots/10_A3FF	2	0	2	.txt:2
Dota Mod Project/Tools/HeroWorkshop2/heroes/Sand_King__U00K	16	926	2	.txt:14, .json:2
Dota Mod Project/Tools/HeroWorkshop2/heroes/Sand_King__U00K/slots	14	0	0	.txt:14
Dota Mod Project/Tools/HeroWorkshop2/heroes/Sand_King__U00K/slots/01_A06R	2	0	2	.txt:2
Dota Mod Project/Tools/HeroWorkshop2/heroes/Sand_King__U00K/slots/02_A0H0	2	0	2	.txt:2
Dota Mod Project/Tools/HeroWorkshop2/heroes/Sand_King__U00K/slots/03_A06O	2	0	2	.txt:2
Dota Mod Project/Tools/HeroWorkshop2/heroes/Sand_King__U00K/slots/04_A0FA	2	0	2	.txt:2
Dota Mod Project/Tools/HeroWorkshop2/heroes/Sand_King__U00K/slots/05_A0NR	2	0	2	.txt:2
Dota Mod Project/Tools/HeroWorkshop2/heroes/Sand_King__U00K/slots/06_AInv	2	0	2	.txt:2
Dota Mod Project/Tools/HeroWorkshop2/heroes/Sand_King__U00K/slots/07_A3FF	2	0	2	.txt:2
Dota Mod Project/Tools/HeroWorkshop2/heroes/Shadow_Demon__E02H	14	800	2	.txt:12, .json:2
Dota Mod Project/Tools/HeroWorkshop2/heroes/Shadow_Demon__E02H/slots	12	0	0	.txt:12
Dota Mod Project/Tools/HeroWorkshop2/heroes/Shadow_Demon__E02H/slots/01_A0NR	2	0	2	.txt:2
Dota Mod Project/Tools/HeroWorkshop2/heroes/Shadow_Demon__E02H/slots/02_A1S4	2	0	2	.txt:2
Dota Mod Project/Tools/HeroWorkshop2/heroes/Shadow_Demon__E02H/slots/03_A1S8	2	0	2	.txt:2
Dota Mod Project/Tools/HeroWorkshop2/heroes/Shadow_Demon__E02H/slots/04_A31F	2	0	2	.txt:2
Dota Mod Project/Tools/HeroWorkshop2/heroes/Shadow_Demon__E02H/slots/05_A1SB	2	0	2	.txt:2
Dota Mod Project/Tools/HeroWorkshop2/heroes/Shadow_Demon__E02H/slots/06_AInv	2	0	2	.txt:2
Dota Mod Project/Tools/HeroWorkshop2/heroes/Shadow_Fiend__Nfir	14	794	2	.txt:12, .json:2
Dota Mod Project/Tools/HeroWorkshop2/heroes/Shadow_Fiend__Nfir/slots	12	0	0	.txt:12
Dota Mod Project/Tools/HeroWorkshop2/heroes/Shadow_Fiend__Nfir/slots/01_A0FU	2	0	2	.txt:2
Dota Mod Project/Tools/HeroWorkshop2/heroes/Shadow_Fiend__Nfir/slots/02_A0BR	2	0	2	.txt:2
Dota Mod Project/Tools/HeroWorkshop2/heroes/Shadow_Fiend__Nfir/slots/03_A29J	2	0	2	.txt:2
Dota Mod Project/Tools/HeroWorkshop2/heroes/Shadow_Fiend__Nfir/slots/04_A0EY	2	0	2	.txt:2
Dota Mod Project/Tools/HeroWorkshop2/heroes/Shadow_Fiend__Nfir/slots/05_A0NR	2	0	2	.txt:2
Dota Mod Project/Tools/HeroWorkshop2/heroes/Shadow_Fiend__Nfir/slots/06_AInv	2	0	2	.txt:2
Dota Mod Project/Tools/HeroWorkshop2/heroes/Shadow_Shaman__Orkn	14	844	2	.txt:12, .json:2
Dota Mod Project/Tools/HeroWorkshop2/heroes/Shadow_Shaman__Orkn/slots	12	0	0	.txt:12
Dota Mod Project/Tools/HeroWorkshop2/heroes/Shadow_Shaman__Orkn/slots/01_A0NR	2	0	2	.txt:2
Dota Mod Project/Tools/HeroWorkshop2/heroes/Shadow_Shaman__Orkn/slots/02_A00P	2	0	2	.txt:2
Dota Mod Project/Tools/HeroWorkshop2/heroes/Shadow_Shaman__Orkn/slots/03_A0RX	2	0	2	.txt:2
Dota Mod Project/Tools/HeroWorkshop2/heroes/Shadow_Shaman__Orkn/slots/04_A010	2	0	2	.txt:2
Dota Mod Project/Tools/HeroWorkshop2/heroes/Shadow_Shaman__Orkn/slots/05_A00H	2	0	2	.txt:2
Dota Mod Project/Tools/HeroWorkshop2/heroes/Shadow_Shaman__Orkn/slots/06_AInv	2	0	2	.txt:2
Dota Mod Project/Tools/HeroWorkshop2/heroes/Silencer__N01A	18	1040	2	.txt:16, .json:2
Dota Mod Project/Tools/HeroWorkshop2/heroes/Silencer__N01A/slots	16	0	0	.txt:16
Dota Mod Project/Tools/HeroWorkshop2/heroes/Silencer__N01A/slots/01_A0LZ	2	0	2	.txt:2
Dota Mod Project/Tools/HeroWorkshop2/heroes/Silencer__N01A/slots/02_A2NT	2	0	2	.txt:2
Dota Mod Project/Tools/HeroWorkshop2/heroes/Silencer__N01A/slots/03_A14L	2	0	2	.txt:2
Dota Mod Project/Tools/HeroWorkshop2/heroes/Silencer__N01A/slots/04_A0L3	2	0	2	.txt:2
Dota Mod Project/Tools/HeroWorkshop2/heroes/Silencer__N01A/slots/05_A0NR	2	0	2	.txt:2
Dota Mod Project/Tools/HeroWorkshop2/heroes/Silencer__N01A/slots/06_AInv	2	0	2	.txt:2
Dota Mod Project/Tools/HeroWorkshop2/heroes/Silencer__N01A/slots/07_A3FF	2	0	2	.txt:2
Dota Mod Project/Tools/HeroWorkshop2/heroes/Silencer__N01A/slots/08_A3HQ	2	0	2	.txt:2
Dota Mod Project/Tools/HeroWorkshop2/heroes/Skywrath_Mage__H0DO	15	921	1	.txt:14, .json:1
Dota Mod Project/Tools/HeroWorkshop2/heroes/Skywrath_Mage__H0DO/slots	14	0	0	.txt:14
Dota Mod Project/Tools/HeroWorkshop2/heroes/Skywrath_Mage__H0DO/slots/01_A0NR	2	0	2	.txt:2
Dota Mod Project/Tools/HeroWorkshop2/heroes/Skywrath_Mage__H0DO/slots/02_A2BE	2	0	2	.txt:2
Dota Mod Project/Tools/HeroWorkshop2/heroes/Skywrath_Mage__H0DO/slots/03_A2HN	2	0	2	.txt:2
Dota Mod Project/Tools/HeroWorkshop2/heroes/Skywrath_Mage__H0DO/slots/04_A2BG	2	0	2	.txt:2
Dota Mod Project/Tools/HeroWorkshop2/heroes/Skywrath_Mage__H0DO/slots/05_A2IT	2	0	2	.txt:2
Dota Mod Project/Tools/HeroWorkshop2/heroes/Skywrath_Mage__H0DO/slots/06_AInv	2	0	2	.txt:2
Dota Mod Project/Tools/HeroWorkshop2/heroes/Skywrath_Mage__H0DO/slots/07_A3JI	2	0	2	.txt:2
Dota Mod Project/Tools/HeroWorkshop2/heroes/Slardar__UC91	16	924	2	.txt:14, .json:2
Dota Mod Project/Tools/HeroWorkshop2/heroes/Slardar__UC91/slots	14	0	0	.txt:14
Dota Mod Project/Tools/HeroWorkshop2/heroes/Slardar__UC91/slots/01_A0NR	2	0	2	.txt:2
Dota Mod Project/Tools/HeroWorkshop2/heroes/Slardar__UC91/slots/02_A05C	2	0	2	.txt:2
Dota Mod Project/Tools/HeroWorkshop2/heroes/Slardar__UC91/slots/03_A29K	2	0	2	.txt:2
Dota Mod Project/Tools/HeroWorkshop2/heroes/Slardar__UC91/slots/04_A0JJ	2	0	2	.txt:2
Dota Mod Project/Tools/HeroWorkshop2/heroes/Slardar__UC91/slots/05_A034	2	0	2	.txt:2
Dota Mod Project/Tools/HeroWorkshop2/heroes/Slardar__UC91/slots/06_AInv	2	0	2	.txt:2
Dota Mod Project/Tools/HeroWorkshop2/heroes/Slardar__UC91/slots/07_A3FF	2	0	2	.txt:2
Dota Mod Project/Tools/HeroWorkshop2/heroes/Slark__H071	15	915	1	.txt:14, .json:1
Dota Mod Project/Tools/HeroWorkshop2/heroes/Slark__H071/slots	14	0	0	.txt:14
Dota Mod Project/Tools/HeroWorkshop2/heroes/Slark__H071/slots/01_A1IM	2	0	2	.txt:2
Dota Mod Project/Tools/HeroWorkshop2/heroes/Slark__H071/slots/02_A1HR	2	0	2	.txt:2
Dota Mod Project/Tools/HeroWorkshop2/heroes/Slark__H071/slots/03_A0NR	2	0	2	.txt:2
Dota Mod Project/Tools/HeroWorkshop2/heroes/Slark__H071/slots/04_A1IN	2	0	2	.txt:2
Dota Mod Project/Tools/HeroWorkshop2/heroes/Slark__H071/slots/05_A1J7	2	0	2	.txt:2
Dota Mod Project/Tools/HeroWorkshop2/heroes/Slark__H071/slots/06_AInv	2	0	2	.txt:2
Dota Mod Project/Tools/HeroWorkshop2/heroes/Slark__H071/slots/07_A3FF	2	0	2	.txt:2
Dota Mod Project/Tools/HeroWorkshop2/heroes/Sniper__Usyl	16	919	2	.txt:14, .json:2
Dota Mod Project/Tools/HeroWorkshop2/heroes/Sniper__Usyl/slots	14	0	0	.txt:14
Dota Mod Project/Tools/HeroWorkshop2/heroes/Sniper__Usyl/slots/01_A04P	2	0	2	.txt:2
Dota Mod Project/Tools/HeroWorkshop2/heroes/Sniper__Usyl/slots/02_A0NR	2	0	2	.txt:2
Dota Mod Project/Tools/HeroWorkshop2/heroes/Sniper__Usyl/slots/03_A03U	2	0	2	.txt:2
Dota Mod Project/Tools/HeroWorkshop2/heroes/Sniper__Usyl/slots/04_A03S	2	0	2	.txt:2
Dota Mod Project/Tools/HeroWorkshop2/heroes/Sniper__Usyl/slots/05_A064	2	0	2	.txt:2
Dota Mod Project/Tools/HeroWorkshop2/heroes/Sniper__Usyl/slots/06_AInv	2	0	2	.txt:2
Dota Mod Project/Tools/HeroWorkshop2/heroes/Sniper__Usyl/slots/07_A3FF	2	0	2	.txt:2
Dota Mod Project/Tools/HeroWorkshop2/heroes/Spectre__E01B	14	845	2	.txt:12, .json:2
Dota Mod Project/Tools/HeroWorkshop2/heroes/Spectre__E01B/slots	12	0	0	.txt:12
Dota Mod Project/Tools/HeroWorkshop2/heroes/Spectre__E01B/slots/01_A0FX	2	0	2	.txt:2
Dota Mod Project/Tools/HeroWorkshop2/heroes/Spectre__E01B/slots/02_A0NA	2	0	2	.txt:2
Dota Mod Project/Tools/HeroWorkshop2/heroes/Spectre__E01B/slots/03_A0HW	2	0	2	.txt:2
Dota Mod Project/Tools/HeroWorkshop2/heroes/Spectre__E01B/slots/04_A0H9	2	0	2	.txt:2
Dota Mod Project/Tools/HeroWorkshop2/heroes/Spectre__E01B/slots/05_A0NR	2	0	2	.txt:2
Dota Mod Project/Tools/HeroWorkshop2/heroes/Spectre__E01B/slots/06_AInv	2	0	2	.txt:2
Dota Mod Project/Tools/HeroWorkshop2/heroes/Spirit_Breaker__O00J	16	898	2	.txt:14, .json:2
Dota Mod Project/Tools/HeroWorkshop2/heroes/Spirit_Breaker__O00J/slots	14	0	0	.txt:14
Dota Mod Project/Tools/HeroWorkshop2/heroes/Spirit_Breaker__O00J/slots/01_A0NR	2	0	2	.txt:2
Dota Mod Project/Tools/HeroWorkshop2/heroes/Spirit_Breaker__O00J/slots/02_A1P8	2	0	2	.txt:2
Dota Mod Project/Tools/HeroWorkshop2/heroes/Spirit_Breaker__O00J/slots/03_A0G4	2	0	2	.txt:2
Dota Mod Project/Tools/HeroWorkshop2/heroes/Spirit_Breaker__O00J/slots/04_A0G5	2	0	2	.txt:2
Dota Mod Project/Tools/HeroWorkshop2/heroes/Spirit_Breaker__O00J/slots/05_A0ES	2	0	2	.txt:2
Dota Mod Project/Tools/HeroWorkshop2/heroes/Spirit_Breaker__O00J/slots/06_AInv	2	0	2	.txt:2
Dota Mod Project/Tools/HeroWorkshop2/heroes/Spirit_Breaker__O00J/slots/07_A3FF	2	0	2	.txt:2
Dota Mod Project/Tools/HeroWorkshop2/heroes/Storm_Spirit__H00S	14	844	2	.txt:12, .json:2
Dota Mod Project/Tools/HeroWorkshop2/heroes/Storm_Spirit__H00S/slots	12	0	0	.txt:12
Dota Mod Project/Tools/HeroWorkshop2/heroes/Storm_Spirit__H00S/slots/01_A14R	2	0	2	.txt:2
Dota Mod Project/Tools/HeroWorkshop2/heroes/Storm_Spirit__H00S/slots/02_A14P	2	0	2	.txt:2
Dota Mod Project/Tools/HeroWorkshop2/heroes/Storm_Spirit__H00S/slots/03_A14O	2	0	2	.txt:2
Dota Mod Project/Tools/HeroWorkshop2/heroes/Storm_Spirit__H00S/slots/04_A0NR	2	0	2	.txt:2
Dota Mod Project/Tools/HeroWorkshop2/heroes/Storm_Spirit__H00S/slots/05_A0QW	2	0	2	.txt:2
Dota Mod Project/Tools/HeroWorkshop2/heroes/Storm_Spirit__H00S/slots/06_AInv	2	0	2	.txt:2
Dota Mod Project/Tools/HeroWorkshop2/heroes/Sven__H001	16	903	2	.txt:14, .json:2
Dota Mod Project/Tools/HeroWorkshop2/heroes/Sven__H001/slots	14	0	0	.txt:14
Dota Mod Project/Tools/HeroWorkshop2/heroes/Sven__H001/slots/01_A0NR	2	0	2	.txt:2
Dota Mod Project/Tools/HeroWorkshop2/heroes/Sven__H001/slots/02_A190	2	0	2	.txt:2
Dota Mod Project/Tools/HeroWorkshop2/heroes/Sven__H001/slots/03_A01K	2	0	2	.txt:2
Dota Mod Project/Tools/HeroWorkshop2/heroes/Sven__H001/slots/04_A2IS	2	0	2	.txt:2
Dota Mod Project/Tools/HeroWorkshop2/heroes/Sven__H001/slots/05_A1WH	2	0	2	.txt:2
Dota Mod Project/Tools/HeroWorkshop2/heroes/Sven__H001/slots/06_AInv	2	0	2	.txt:2
Dota Mod Project/Tools/HeroWorkshop2/heroes/Sven__H001/slots/07_A3FF	2	0	2	.txt:2
Dota Mod Project/Tools/HeroWorkshop2/heroes/TX24__TX24	17	1010	1	.txt:16, .json:1
Dota Mod Project/Tools/HeroWorkshop2/heroes/TX24__TX24/slots	16	0	0	.txt:16
Dota Mod Project/Tools/HeroWorkshop2/heroes/TX24__TX24/slots/01_A0NR	2	0	2	.txt:2
Dota Mod Project/Tools/HeroWorkshop2/heroes/TX24__TX24/slots/02_A01F	2	0	2	.txt:2
Dota Mod Project/Tools/HeroWorkshop2/heroes/TX24__TX24/slots/03_A027	2	0	2	.txt:2
Dota Mod Project/Tools/HeroWorkshop2/heroes/TX24__TX24/slots/04_A18X	2	0	2	.txt:2
Dota Mod Project/Tools/HeroWorkshop2/heroes/TX24__TX24/slots/05_A01P	2	0	2	.txt:2
Dota Mod Project/Tools/HeroWorkshop2/heroes/TX24__TX24/slots/06_A0YR	2	0	2	.txt:2
Dota Mod Project/Tools/HeroWorkshop2/heroes/TX24__TX24/slots/07_A01R	2	0	2	.txt:2
Dota Mod Project/Tools/HeroWorkshop2/heroes/TX24__TX24/slots/08_AInv	2	0	2	.txt:2
Dota Mod Project/Tools/HeroWorkshop2/heroes/TX26__TX26	13	814	1	.txt:12, .json:1
Dota Mod Project/Tools/HeroWorkshop2/heroes/TX26__TX26/slots	12	0	0	.txt:12
Dota Mod Project/Tools/HeroWorkshop2/heroes/TX26__TX26/slots/01_A0NR	2	0	2	.txt:2
Dota Mod Project/Tools/HeroWorkshop2/heroes/TX26__TX26/slots/02_A0I6	2	0	2	.txt:2
Dota Mod Project/Tools/HeroWorkshop2/heroes/TX26__TX26/slots/03_A0S1	2	0	2	.txt:2
Dota Mod Project/Tools/HeroWorkshop2/heroes/TX26__TX26/slots/04_A0C6	2	0	2	.txt:2
Dota Mod Project/Tools/HeroWorkshop2/heroes/TX26__TX26/slots/05_A0E2	2	0	2	.txt:2
Dota Mod Project/Tools/HeroWorkshop2/heroes/TX26__TX26/slots/06_AInv	2	0	2	.txt:2
Dota Mod Project/Tools/HeroWorkshop2/heroes/TX32__TX32	15	912	1	.txt:14, .json:1
Dota Mod Project/Tools/HeroWorkshop2/heroes/TX32__TX32/slots	14	0	0	.txt:14
Dota Mod Project/Tools/HeroWorkshop2/heroes/TX32__TX32/slots/01_A0NR	2	0	2	.txt:2
Dota Mod Project/Tools/HeroWorkshop2/heroes/TX32__TX32/slots/02_A094	2	0	2	.txt:2
Dota Mod Project/Tools/HeroWorkshop2/heroes/TX32__TX32/slots/03_A35D	2	0	2	.txt:2
Dota Mod Project/Tools/HeroWorkshop2/heroes/TX32__TX32/slots/04_A1OP	2	0	2	.txt:2
Dota Mod Project/Tools/HeroWorkshop2/heroes/TX32__TX32/slots/05_A0MU	2	0	2	.txt:2
Dota Mod Project/Tools/HeroWorkshop2/heroes/TX32__TX32/slots/06_AInv	2	0	2	.txt:2
Dota Mod Project/Tools/HeroWorkshop2/heroes/TX32__TX32/slots/07_A3FF	2	0	2	.txt:2
Dota Mod Project/Tools/HeroWorkshop2/heroes/TX34__TX34	13	814	1	.txt:12, .json:1
Dota Mod Project/Tools/HeroWorkshop2/heroes/TX34__TX34/slots	12	0	0	.txt:12
Dota Mod Project/Tools/HeroWorkshop2/heroes/TX34__TX34/slots/01_A0NR	2	0	2	.txt:2
Dota Mod Project/Tools/HeroWorkshop2/heroes/TX34__TX34/slots/02_A0KY	2	0	2	.txt:2
Dota Mod Project/Tools/HeroWorkshop2/heroes/TX34__TX34/slots/03_A022	2	0	2	.txt:2
Dota Mod Project/Tools/HeroWorkshop2/heroes/TX34__TX34/slots/04_AEbl	2	0	2	.txt:2
Dota Mod Project/Tools/HeroWorkshop2/heroes/TX34__TX34/slots/05_A2WE	2	0	2	.txt:2
Dota Mod Project/Tools/HeroWorkshop2/heroes/TX34__TX34/slots/06_AInv	2	0	2	.txt:2
Dota Mod Project/Tools/HeroWorkshop2/heroes/Techies__H00K	15	915	1	.txt:14, .json:1
Dota Mod Project/Tools/HeroWorkshop2/heroes/Techies__H00K/slots	14	0	0	.txt:14
Dota Mod Project/Tools/HeroWorkshop2/heroes/Techies__H00K/slots/01_A0NR	2	0	2	.txt:2
Dota Mod Project/Tools/HeroWorkshop2/heroes/Techies__H00K/slots/02_A06H	2	0	2	.txt:2
Dota Mod Project/Tools/HeroWorkshop2/heroes/Techies__H00K/slots/03_A05J	2	0	2	.txt:2
Dota Mod Project/Tools/HeroWorkshop2/heroes/Techies__H00K/slots/04_A06B	2	0	2	.txt:2
Dota Mod Project/Tools/HeroWorkshop2/heroes/Techies__H00K/slots/05_A0AK	2	0	2	.txt:2
Dota Mod Project/Tools/HeroWorkshop2/heroes/Techies__H00K/slots/06_AInv	2	0	2	.txt:2
Dota Mod Project/Tools/HeroWorkshop2/heroes/Techies__H00K/slots/07_A3FF	2	0	2	.txt:2
Dota Mod Project/Tools/HeroWorkshop2/heroes/Templar_Assassin__E01Y	16	930	2	.txt:14, .json:2
Dota Mod Project/Tools/HeroWorkshop2/heroes/Templar_Assassin__E01Y/slots	14	0	0	.txt:14
Dota Mod Project/Tools/HeroWorkshop2/heroes/Templar_Assassin__E01Y/slots/01_A0RP	2	0	2	.txt:2
Dota Mod Project/Tools/HeroWorkshop2/heroes/Templar_Assassin__E01Y/slots/02_A0RO	2	0	2	.txt:2
Dota Mod Project/Tools/HeroWorkshop2/heroes/Templar_Assassin__E01Y/slots/03_A1EA	2	0	2	.txt:2
Dota Mod Project/Tools/HeroWorkshop2/heroes/Templar_Assassin__E01Y/slots/04_A0NR	2	0	2	.txt:2
Dota Mod Project/Tools/HeroWorkshop2/heroes/Templar_Assassin__E01Y/slots/05_A0RV	2	0	2	.txt:2
Dota Mod Project/Tools/HeroWorkshop2/heroes/Templar_Assassin__E01Y/slots/06_AInv	2	0	2	.txt:2
Dota Mod Project/Tools/HeroWorkshop2/heroes/Templar_Assassin__E01Y/slots/07_A3FF	2	0	2	.txt:2
Dota Mod Project/Tools/HeroWorkshop2/heroes/Terrorblade__Eevi	16	916	2	.txt:14, .json:2
Dota Mod Project/Tools/HeroWorkshop2/heroes/Terrorblade__Eevi/slots	14	0	0	.txt:14
Dota Mod Project/Tools/HeroWorkshop2/heroes/Terrorblade__Eevi/slots/01_A0NR	2	0	2	.txt:2
Dota Mod Project/Tools/HeroWorkshop2/heroes/Terrorblade__Eevi/slots/02_A07Q	2	0	2	.txt:2
Dota Mod Project/Tools/HeroWorkshop2/heroes/Terrorblade__Eevi/slots/03_A1RI	2	0	2	.txt:2
Dota Mod Project/Tools/HeroWorkshop2/heroes/Terrorblade__Eevi/slots/04_A2KZ	2	0	2	.txt:2
Dota Mod Project/Tools/HeroWorkshop2/heroes/Terrorblade__Eevi/slots/05_A0H4	2	0	2	.txt:2
Dota Mod Project/Tools/HeroWorkshop2/heroes/Terrorblade__Eevi/slots/06_AInv	2	0	2	.txt:2
Dota Mod Project/Tools/HeroWorkshop2/heroes/Terrorblade__Eevi/slots/07_A3FI	2	0	2	.txt:2
Dota Mod Project/Tools/HeroWorkshop2/heroes/Tidehunter__Ofar	16	924	2	.txt:14, .json:2
Dota Mod Project/Tools/HeroWorkshop2/heroes/Tidehunter__Ofar/slots	14	0	0	.txt:14
Dota Mod Project/Tools/HeroWorkshop2/heroes/Tidehunter__Ofar/slots/01_A29I	2	0	2	.txt:2
Dota Mod Project/Tools/HeroWorkshop2/heroes/Tidehunter__Ofar/slots/02_A226	2	0	2	.txt:2
Dota Mod Project/Tools/HeroWorkshop2/heroes/Tidehunter__Ofar/slots/03_A0NR	2	0	2	.txt:2
Dota Mod Project/Tools/HeroWorkshop2/heroes/Tidehunter__Ofar/slots/04_A046	2	0	2	.txt:2
Dota Mod Project/Tools/HeroWorkshop2/heroes/Tidehunter__Ofar/slots/05_A04E	2	0	2	.txt:2
Dota Mod Project/Tools/HeroWorkshop2/heroes/Tidehunter__Ofar/slots/06_AInv	2	0	2	.txt:2
Dota Mod Project/Tools/HeroWorkshop2/heroes/Tidehunter__Ofar/slots/07_A3FF	2	0	2	.txt:2
Dota Mod Project/Tools/HeroWorkshop2/heroes/Timbersaw__E032	16	914	2	.txt:14, .json:2
Dota Mod Project/Tools/HeroWorkshop2/heroes/Timbersaw__E032/slots	14	0	0	.txt:14
Dota Mod Project/Tools/HeroWorkshop2/heroes/Timbersaw__E032/slots/01_A0NR	2	0	2	.txt:2
Dota Mod Project/Tools/HeroWorkshop2/heroes/Timbersaw__E032/slots/02_A2FK	2	0	2	.txt:2
Dota Mod Project/Tools/HeroWorkshop2/heroes/Timbersaw__E032/slots/03_A2E3	2	0	2	.txt:2
Dota Mod Project/Tools/HeroWorkshop2/heroes/Timbersaw__E032/slots/04_A2E4	2	0	2	.txt:2
Dota Mod Project/Tools/HeroWorkshop2/heroes/Timbersaw__E032/slots/05_A2E5	2	0	2	.txt:2
Dota Mod Project/Tools/HeroWorkshop2/heroes/Timbersaw__E032/slots/06_AInv	2	0	2	.txt:2
Dota Mod Project/Tools/HeroWorkshop2/heroes/Timbersaw__E032/slots/07_A3FF	2	0	2	.txt:2
Dota Mod Project/Tools/HeroWorkshop2/heroes/Tinker__Ntin	13	838	1	.txt:12, .json:1
Dota Mod Project/Tools/HeroWorkshop2/heroes/Tinker__Ntin/slots	12	0	0	.txt:12
Dota Mod Project/Tools/HeroWorkshop2/heroes/Tinker__Ntin/slots/01_A065	2	0	2	.txt:2
Dota Mod Project/Tools/HeroWorkshop2/heroes/Tinker__Ntin/slots/02_A049	2	0	2	.txt:2
Dota Mod Project/Tools/HeroWorkshop2/heroes/Tinker__Ntin/slots/03_A05E	2	0	2	.txt:2
Dota Mod Project/Tools/HeroWorkshop2/heroes/Tinker__Ntin/slots/04_A0NR	2	0	2	.txt:2
Dota Mod Project/Tools/HeroWorkshop2/heroes/Tinker__Ntin/slots/05_A0BQ	2	0	2	.txt:2
Dota Mod Project/Tools/HeroWorkshop2/heroes/Tinker__Ntin/slots/06_AInv	2	0	2	.txt:2
Dota Mod Project/Tools/HeroWorkshop2/heroes/Tiny__Ucrl	16	923	2	.txt:14, .json:2
Dota Mod Project/Tools/HeroWorkshop2/heroes/Tiny__Ucrl/slots	14	0	0	.txt:14
Dota Mod Project/Tools/HeroWorkshop2/heroes/Tiny__Ucrl/slots/01_A19Q	2	0	2	.txt:2
Dota Mod Project/Tools/HeroWorkshop2/heroes/Tiny__Ucrl/slots/02_A0CY	2	0	2	.txt:2
Dota Mod Project/Tools/HeroWorkshop2/heroes/Tiny__Ucrl/slots/03_A0NR	2	0	2	.txt:2
Dota Mod Project/Tools/HeroWorkshop2/heroes/Tiny__Ucrl/slots/04_A0LL	2	0	2	.txt:2
Dota Mod Project/Tools/HeroWorkshop2/heroes/Tiny__Ucrl/slots/05_A0BZ	2	0	2	.txt:2
Dota Mod Project/Tools/HeroWorkshop2/heroes/Tiny__Ucrl/slots/06_AInv	2	0	2	.txt:2
Dota Mod Project/Tools/HeroWorkshop2/heroes/Tiny__Ucrl/slots/07_A3FF	2	0	2	.txt:2
Dota Mod Project/Tools/HeroWorkshop2/heroes/Treant_Protector__Hamg	16	930	2	.txt:14, .json:2
Dota Mod Project/Tools/HeroWorkshop2/heroes/Treant_Protector__Hamg/slots	14	0	0	.txt:14
Dota Mod Project/Tools/HeroWorkshop2/heroes/Treant_Protector__Hamg/slots/01_A07Z	2	0	2	.txt:2
Dota Mod Project/Tools/HeroWorkshop2/heroes/Treant_Protector__Hamg/slots/02_A2ML	2	0	2	.txt:2
Dota Mod Project/Tools/HeroWorkshop2/heroes/Treant_Protector__Hamg/slots/03_A26N	2	0	2	.txt:2
Dota Mod Project/Tools/HeroWorkshop2/heroes/Treant_Protector__Hamg/slots/04_A0NR	2	0	2	.txt:2
Dota Mod Project/Tools/HeroWorkshop2/heroes/Treant_Protector__Hamg/slots/05_Z008	2	0	2	.txt:2
Dota Mod Project/Tools/HeroWorkshop2/heroes/Treant_Protector__Hamg/slots/06_AInv	2	0	2	.txt:2
Dota Mod Project/Tools/HeroWorkshop2/heroes/Treant_Protector__Hamg/slots/07_A3FF	2	0	2	.txt:2
Dota Mod Project/Tools/HeroWorkshop2/heroes/Troll_Warlord__N016	18	1043	2	.txt:16, .json:2
Dota Mod Project/Tools/HeroWorkshop2/heroes/Troll_Warlord__N016/slots	16	0	0	.txt:16
Dota Mod Project/Tools/HeroWorkshop2/heroes/Troll_Warlord__N016/slots/01_A0NR	2	0	2	.txt:2
Dota Mod Project/Tools/HeroWorkshop2/heroes/Troll_Warlord__N016/slots/02_A0BE	2	0	2	.txt:2
Dota Mod Project/Tools/HeroWorkshop2/heroes/Troll_Warlord__N016/slots/03_A21L	2	0	2	.txt:2
Dota Mod Project/Tools/HeroWorkshop2/heroes/Troll_Warlord__N016/slots/04_A0O0	2	0	2	.txt:2
Dota Mod Project/Tools/HeroWorkshop2/heroes/Troll_Warlord__N016/slots/05_A1EJ	2	0	2	.txt:2
Dota Mod Project/Tools/HeroWorkshop2/heroes/Troll_Warlord__N016/slots/06_AInv	2	0	2	.txt:2
Dota Mod Project/Tools/HeroWorkshop2/heroes/Troll_Warlord__N016/slots/07_A3FF	2	0	2	.txt:2
Dota Mod Project/Tools/HeroWorkshop2/heroes/Troll_Warlord__N016/slots/08_A3FH	2	0	2	.txt:2
Dota Mod Project/Tools/HeroWorkshop2/heroes/Tusk__E02I	16	895	2	.txt:14, .json:2
Dota Mod Project/Tools/HeroWorkshop2/heroes/Tusk__E02I/slots	14	0	0	.txt:14
Dota Mod Project/Tools/HeroWorkshop2/heroes/Tusk__E02I/slots/01_A0NR	2	0	2	.txt:2
Dota Mod Project/Tools/HeroWorkshop2/heroes/Tusk__E02I/slots/02_A1YO	2	0	2	.txt:2
Dota Mod Project/Tools/HeroWorkshop2/heroes/Tusk__E02I/slots/03_A1YQ	2	0	2	.txt:2
Dota Mod Project/Tools/HeroWorkshop2/heroes/Tusk__E02I/slots/04_A1S7	2	0	2	.txt:2
Dota Mod Project/Tools/HeroWorkshop2/heroes/Tusk__E02I/slots/05_A1YR	2	0	2	.txt:2
Dota Mod Project/Tools/HeroWorkshop2/heroes/Tusk__E02I/slots/06_AInv	2	0	2	.txt:2
Dota Mod Project/Tools/HeroWorkshop2/heroes/Tusk__E02I/slots/07_A3FF	2	0	2	.txt:2
Dota Mod Project/Tools/HeroWorkshop2/heroes/Underlord__N00R	14	797	2	.txt:12, .json:2
Dota Mod Project/Tools/HeroWorkshop2/heroes/Underlord__N00R/slots	12	0	0	.txt:12
Dota Mod Project/Tools/HeroWorkshop2/heroes/Underlord__N00R/slots/01_A0NR	2	0	2	.txt:2
Dota Mod Project/Tools/HeroWorkshop2/heroes/Underlord__N00R/slots/02_A0RA	2	0	2	.txt:2
Dota Mod Project/Tools/HeroWorkshop2/heroes/Underlord__N00R/slots/03_A01I	2	0	2	.txt:2
Dota Mod Project/Tools/HeroWorkshop2/heroes/Underlord__N00R/slots/04_A0R0	2	0	2	.txt:2
Dota Mod Project/Tools/HeroWorkshop2/heroes/Underlord__N00R/slots/05_AIcd	2	0	2	.txt:2
Dota Mod Project/Tools/HeroWorkshop2/heroes/Underlord__N00R/slots/06_AInv	2	0	2	.txt:2
Dota Mod Project/Tools/HeroWorkshop2/heroes/Undying__H00R	16	921	2	.txt:14, .json:2
Dota Mod Project/Tools/HeroWorkshop2/heroes/Undying__H00R/slots	14	0	0	.txt:14
Dota Mod Project/Tools/HeroWorkshop2/heroes/Undying__H00R/slots/01_A15S	2	0	2	.txt:2
Dota Mod Project/Tools/HeroWorkshop2/heroes/Undying__H00R/slots/02_A0R5	2	0	2	.txt:2
Dota Mod Project/Tools/HeroWorkshop2/heroes/Undying__H00R/slots/03_A15V	2	0	2	.txt:2
Dota Mod Project/Tools/HeroWorkshop2/heroes/Undying__H00R/slots/04_A15J	2	0	2	.txt:2
Dota Mod Project/Tools/HeroWorkshop2/heroes/Undying__H00R/slots/05_A0NR	2	0	2	.txt:2
Dota Mod Project/Tools/HeroWorkshop2/heroes/Undying__H00R/slots/06_AInv	2	0	2	.txt:2
Dota Mod Project/Tools/HeroWorkshop2/heroes/Undying__H00R/slots/07_A3FF	2	0	2	.txt:2
Dota Mod Project/Tools/HeroWorkshop2/heroes/Ursa__Huth	16	924	2	.txt:14, .json:2
Dota Mod Project/Tools/HeroWorkshop2/heroes/Ursa__Huth/slots	14	0	0	.txt:14
Dota Mod Project/Tools/HeroWorkshop2/heroes/Ursa__Huth/slots/01_A1P9	2	0	2	.txt:2
Dota Mod Project/Tools/HeroWorkshop2/heroes/Ursa__Huth/slots/02_A0LC	2	0	2	.txt:2
Dota Mod Project/Tools/HeroWorkshop2/heroes/Ursa__Huth/slots/03_A03Y	2	0	2	.txt:2
Dota Mod Project/Tools/HeroWorkshop2/heroes/Ursa__Huth/slots/04_A0NR	2	0	2	.txt:2
Dota Mod Project/Tools/HeroWorkshop2/heroes/Ursa__Huth/slots/05_A2X2	2	0	2	.txt:2
Dota Mod Project/Tools/HeroWorkshop2/heroes/Ursa__Huth/slots/06_AInv	2	0	2	.txt:2
Dota Mod Project/Tools/HeroWorkshop2/heroes/Ursa__Huth/slots/07_A3FF	2	0	2	.txt:2
Dota Mod Project/Tools/HeroWorkshop2/heroes/Vengeful_Spirit__Hvwd	16	948	2	.txt:14, .json:2
Dota Mod Project/Tools/HeroWorkshop2/heroes/Vengeful_Spirit__Hvwd/slots	14	0	0	.txt:14
Dota Mod Project/Tools/HeroWorkshop2/heroes/Vengeful_Spirit__Hvwd/slots/01_A0NR	2	0	2	.txt:2
Dota Mod Project/Tools/HeroWorkshop2/heroes/Vengeful_Spirit__Hvwd/slots/02_A02A	2	0	2	.txt:2
Dota Mod Project/Tools/HeroWorkshop2/heroes/Vengeful_Spirit__Hvwd/slots/03_ACac	2	0	2	.txt:2
Dota Mod Project/Tools/HeroWorkshop2/heroes/Vengeful_Spirit__Hvwd/slots/04_A17O	2	0	2	.txt:2
Dota Mod Project/Tools/HeroWorkshop2/heroes/Vengeful_Spirit__Hvwd/slots/05_A0IN	2	0	2	.txt:2
Dota Mod Project/Tools/HeroWorkshop2/heroes/Vengeful_Spirit__Hvwd/slots/06_AInv	2	0	2	.txt:2
Dota Mod Project/Tools/HeroWorkshop2/heroes/Vengeful_Spirit__Hvwd/slots/07_A3FF	2	0	2	.txt:2
Dota Mod Project/Tools/HeroWorkshop2/heroes/Venomancer__EC57	16	906	2	.txt:14, .json:2
Dota Mod Project/Tools/HeroWorkshop2/heroes/Venomancer__EC57/slots	14	0	0	.txt:14
Dota Mod Project/Tools/HeroWorkshop2/heroes/Venomancer__EC57/slots/01_A0NR	2	0	2	.txt:2
Dota Mod Project/Tools/HeroWorkshop2/heroes/Venomancer__EC57/slots/02_A173	2	0	2	.txt:2
Dota Mod Project/Tools/HeroWorkshop2/heroes/Venomancer__EC57/slots/03_A0MY	2	0	2	.txt:2
Dota Mod Project/Tools/HeroWorkshop2/heroes/Venomancer__EC57/slots/04_A0MS	2	0	2	.txt:2
Dota Mod Project/Tools/HeroWorkshop2/heroes/Venomancer__EC57/slots/05_A013	2	0	2	.txt:2
Dota Mod Project/Tools/HeroWorkshop2/heroes/Venomancer__EC57/slots/06_AInv	2	0	2	.txt:2
Dota Mod Project/Tools/HeroWorkshop2/heroes/Venomancer__EC57/slots/07_A3FF	2	0	2	.txt:2
Dota Mod Project/Tools/HeroWorkshop2/heroes/Viper__EC77	16	922	2	.txt:14, .json:2
Dota Mod Project/Tools/HeroWorkshop2/heroes/Viper__EC77/slots	14	0	0	.txt:14
Dota Mod Project/Tools/HeroWorkshop2/heroes/Viper__EC77/slots/01_A0NR	2	0	2	.txt:2
Dota Mod Project/Tools/HeroWorkshop2/heroes/Viper__EC77/slots/02_A1A3	2	0	2	.txt:2
Dota Mod Project/Tools/HeroWorkshop2/heroes/Viper__EC77/slots/03_A080	2	0	2	.txt:2
Dota Mod Project/Tools/HeroWorkshop2/heroes/Viper__EC77/slots/04_A09V	2	0	2	.txt:2
Dota Mod Project/Tools/HeroWorkshop2/heroes/Viper__EC77/slots/05_A0MM	2	0	2	.txt:2
Dota Mod Project/Tools/HeroWorkshop2/heroes/Viper__EC77/slots/06_AInv	2	0	2	.txt:2
Dota Mod Project/Tools/HeroWorkshop2/heroes/Viper__EC77/slots/07_A3JI	2	0	2	.txt:2
Dota Mod Project/Tools/HeroWorkshop2/heroes/Visage__UC60	15	917	1	.txt:14, .json:1
Dota Mod Project/Tools/HeroWorkshop2/heroes/Visage__UC60/slots	14	0	0	.txt:14
Dota Mod Project/Tools/HeroWorkshop2/heroes/Visage__UC60/slots/01_A0NR	2	0	2	.txt:2
Dota Mod Project/Tools/HeroWorkshop2/heroes/Visage__UC60/slots/02_A08X	2	0	2	.txt:2
Dota Mod Project/Tools/HeroWorkshop2/heroes/Visage__UC60/slots/03_A1NE	2	0	2	.txt:2
Dota Mod Project/Tools/HeroWorkshop2/heroes/Visage__UC60/slots/04_A0VX	2	0	2	.txt:2
Dota Mod Project/Tools/HeroWorkshop2/heroes/Visage__UC60/slots/05_A1NA	2	0	2	.txt:2
Dota Mod Project/Tools/HeroWorkshop2/heroes/Visage__UC60/slots/06_AInv	2	0	2	.txt:2
Dota Mod Project/Tools/HeroWorkshop2/heroes/Visage__UC60/slots/07_A3FF	2	0	2	.txt:2
Dota Mod Project/Tools/HeroWorkshop2/heroes/Warlock__E01C	16	906	2	.txt:14, .json:2
Dota Mod Project/Tools/HeroWorkshop2/heroes/Warlock__E01C/slots	14	0	0	.txt:14
Dota Mod Project/Tools/HeroWorkshop2/heroes/Warlock__E01C/slots/01_A0J5	2	0	2	.txt:2
Dota Mod Project/Tools/HeroWorkshop2/heroes/Warlock__E01C/slots/02_A0AS	2	0	2	.txt:2
Dota Mod Project/Tools/HeroWorkshop2/heroes/Warlock__E01C/slots/03_A06P	2	0	2	.txt:2
Dota Mod Project/Tools/HeroWorkshop2/heroes/Warlock__E01C/slots/04_S008	2	0	2	.txt:2
Dota Mod Project/Tools/HeroWorkshop2/heroes/Warlock__E01C/slots/05_A0NR	2	0	2	.txt:2
Dota Mod Project/Tools/HeroWorkshop2/heroes/Warlock__E01C/slots/06_AInv	2	0	2	.txt:2
Dota Mod Project/Tools/HeroWorkshop2/heroes/Warlock__E01C/slots/07_A3FF	2	0	2	.txt:2
Dota Mod Project/Tools/HeroWorkshop2/heroes/Weaver__Ubal	18	1001	2	.txt:16, .json:2
Dota Mod Project/Tools/HeroWorkshop2/heroes/Weaver__Ubal/slots	16	0	0	.txt:16
Dota Mod Project/Tools/HeroWorkshop2/heroes/Weaver__Ubal/slots/01_A1QW	2	0	2	.txt:2
Dota Mod Project/Tools/HeroWorkshop2/heroes/Weaver__Ubal/slots/02_A0CA	2	0	2	.txt:2
Dota Mod Project/Tools/HeroWorkshop2/heroes/Weaver__Ubal/slots/03_A0CG	2	0	2	.txt:2
Dota Mod Project/Tools/HeroWorkshop2/heroes/Weaver__Ubal/slots/04_A0CT	2	0	2	.txt:2
Dota Mod Project/Tools/HeroWorkshop2/heroes/Weaver__Ubal/slots/05_A0NR	2	0	2	.txt:2
Dota Mod Project/Tools/HeroWorkshop2/heroes/Weaver__Ubal/slots/06_AInv	2	0	2	.txt:2
Dota Mod Project/Tools/HeroWorkshop2/heroes/Weaver__Ubal/slots/07_A3FF	2	0	2	.txt:2
Dota Mod Project/Tools/HeroWorkshop2/heroes/Weaver__Ubal/slots/08_A3KH	2	0	2	.txt:2
Dota Mod Project/Tools/HeroWorkshop2/heroes/Windranger__N0EG	14	836	2	.txt:12, .json:2
Dota Mod Project/Tools/HeroWorkshop2/heroes/Windranger__N0EG/slots	12	0	0	.txt:12
Dota Mod Project/Tools/HeroWorkshop2/heroes/Windranger__N0EG/slots/01_A12P	2	0	2	.txt:2
Dota Mod Project/Tools/HeroWorkshop2/heroes/Windranger__N0EG/slots/02_A12K	2	0	2	.txt:2
Dota Mod Project/Tools/HeroWorkshop2/heroes/Windranger__N0EG/slots/03_A14I	2	0	2	.txt:2
Dota Mod Project/Tools/HeroWorkshop2/heroes/Windranger__N0EG/slots/04_A0NR	2	0	2	.txt:2
Dota Mod Project/Tools/HeroWorkshop2/heroes/Windranger__N0EG/slots/05_A12J	2	0	2	.txt:2
Dota Mod Project/Tools/HeroWorkshop2/heroes/Windranger__N0EG/slots/06_AInv	2	0	2	.txt:2
Dota Mod Project/Tools/HeroWorkshop2/heroes/Winter_Wyvern__N0M7	15	921	1	.txt:14, .json:1
Dota Mod Project/Tools/HeroWorkshop2/heroes/Winter_Wyvern__N0M7/slots	14	0	0	.txt:14
Dota Mod Project/Tools/HeroWorkshop2/heroes/Winter_Wyvern__N0M7/slots/01_A0NR	2	0	2	.txt:2
Dota Mod Project/Tools/HeroWorkshop2/heroes/Winter_Wyvern__N0M7/slots/02_A2LA	2	0	2	.txt:2
Dota Mod Project/Tools/HeroWorkshop2/heroes/Winter_Wyvern__N0M7/slots/03_A2LB	2	0	2	.txt:2
Dota Mod Project/Tools/HeroWorkshop2/heroes/Winter_Wyvern__N0M7/slots/04_A0Z0	2	0	2	.txt:2
Dota Mod Project/Tools/HeroWorkshop2/heroes/Winter_Wyvern__N0M7/slots/05_A2NE	2	0	2	.txt:2
Dota Mod Project/Tools/HeroWorkshop2/heroes/Winter_Wyvern__N0M7/slots/06_AInv	2	0	2	.txt:2
Dota Mod Project/Tools/HeroWorkshop2/heroes/Winter_Wyvern__N0M7/slots/07_A3JI	2	0	2	.txt:2
Dota Mod Project/Tools/HeroWorkshop2/heroes/Witch_Doctor__E01A	16	940	2	.txt:14, .json:2
Dota Mod Project/Tools/HeroWorkshop2/heroes/Witch_Doctor__E01A/slots	14	0	0	.txt:14
Dota Mod Project/Tools/HeroWorkshop2/heroes/Witch_Doctor__E01A/slots/01_A0NO	2	0	2	.txt:2
Dota Mod Project/Tools/HeroWorkshop2/heroes/Witch_Doctor__E01A/slots/02_A0NM	2	0	2	.txt:2
Dota Mod Project/Tools/HeroWorkshop2/heroes/Witch_Doctor__E01A/slots/03_A0NT	2	0	2	.txt:2
Dota Mod Project/Tools/HeroWorkshop2/heroes/Witch_Doctor__E01A/slots/04_A0NE	2	0	2	.txt:2
Dota Mod Project/Tools/HeroWorkshop2/heroes/Witch_Doctor__E01A/slots/05_A0NR	2	0	2	.txt:2
Dota Mod Project/Tools/HeroWorkshop2/heroes/Witch_Doctor__E01A/slots/06_AInv	2	0	2	.txt:2
Dota Mod Project/Tools/HeroWorkshop2/heroes/Witch_Doctor__E01A/slots/07_A3FF	2	0	2	.txt:2
Dota Mod Project/Tools/HeroWorkshop2/heroes/Wraith_King__NC00	18	1029	2	.txt:16, .json:2
Dota Mod Project/Tools/HeroWorkshop2/heroes/Wraith_King__NC00/slots	16	0	0	.txt:16
Dota Mod Project/Tools/HeroWorkshop2/heroes/Wraith_King__NC00/slots/01_A0NR	2	0	2	.txt:2
Dota Mod Project/Tools/HeroWorkshop2/heroes/Wraith_King__NC00/slots/02_AHtb	2	0	2	.txt:2
Dota Mod Project/Tools/HeroWorkshop2/heroes/Wraith_King__NC00/slots/03_AOcr	2	0	2	.txt:2
Dota Mod Project/Tools/HeroWorkshop2/heroes/Wraith_King__NC00/slots/04_AUav	2	0	2	.txt:2
Dota Mod Project/Tools/HeroWorkshop2/heroes/Wraith_King__NC00/slots/05_A01Y	2	0	2	.txt:2
Dota Mod Project/Tools/HeroWorkshop2/heroes/Wraith_King__NC00/slots/06_A11I	2	0	2	.txt:2
Dota Mod Project/Tools/HeroWorkshop2/heroes/Wraith_King__NC00/slots/07_AInv	2	0	2	.txt:2
Dota Mod Project/Tools/HeroWorkshop2/heroes/Wraith_King__NC00/slots/08_A3FF	2	0	2	.txt:2
Dota Mod Project/Tools/HeroWorkshop2/heroes/Zeus__Hmbr	14	790	2	.txt:12, .json:2
Dota Mod Project/Tools/HeroWorkshop2/heroes/Zeus__Hmbr/slots	12	0	0	.txt:12
Dota Mod Project/Tools/HeroWorkshop2/heroes/Zeus__Hmbr/slots/01_A0NR	2	0	2	.txt:2
Dota Mod Project/Tools/HeroWorkshop2/heroes/Zeus__Hmbr/slots/02_A020	2	0	2	.txt:2
Dota Mod Project/Tools/HeroWorkshop2/heroes/Zeus__Hmbr/slots/03_A0N5	2	0	2	.txt:2
Dota Mod Project/Tools/HeroWorkshop2/heroes/Zeus__Hmbr/slots/04_A2WQ	2	0	2	.txt:2
Dota Mod Project/Tools/HeroWorkshop2/heroes/Zeus__Hmbr/slots/05_A29G	2	0	2	.txt:2
Dota Mod Project/Tools/HeroWorkshop2/heroes/Zeus__Hmbr/slots/06_AInv	2	0	2	.txt:2
Dota Mod Project/Tools/HeroWorkshop2/heroes/_ArchivedDuplicateConfigs	255	10289	0	.txt:236, .json:19
Dota Mod Project/Tools/HeroWorkshop2/heroes/_ArchivedDuplicateConfigs/Edem__Edem	13	530	1	.txt:12, .json:1
Dota Mod Project/Tools/HeroWorkshop2/heroes/_ArchivedDuplicateConfigs/Edem__Edem/slots	12	0	0	.txt:12
Dota Mod Project/Tools/HeroWorkshop2/heroes/_ArchivedDuplicateConfigs/Edem__Edem/slots/01_A0NR	2	0	2	.txt:2
Dota Mod Project/Tools/HeroWorkshop2/heroes/_ArchivedDuplicateConfigs/Edem__Edem/slots/02_A0KY	2	0	2	.txt:2
Dota Mod Project/Tools/HeroWorkshop2/heroes/_ArchivedDuplicateConfigs/Edem__Edem/slots/03_A022	2	0	2	.txt:2
Dota Mod Project/Tools/HeroWorkshop2/heroes/_ArchivedDuplicateConfigs/Edem__Edem/slots/04_AEbl	2	0	2	.txt:2
Dota Mod Project/Tools/HeroWorkshop2/heroes/_ArchivedDuplicateConfigs/Edem__Edem/slots/05_A2WE	2	0	2	.txt:2
Dota Mod Project/Tools/HeroWorkshop2/heroes/_ArchivedDuplicateConfigs/Edem__Edem/slots/06_AInv	2	0	2	.txt:2
Dota Mod Project/Tools/HeroWorkshop2/heroes/_ArchivedDuplicateConfigs/Ewar__Ewar	13	530	1	.txt:12, .json:1
Dota Mod Project/Tools/HeroWorkshop2/heroes/_ArchivedDuplicateConfigs/Ewar__Ewar/slots	12	0	0	.txt:12
Dota Mod Project/Tools/HeroWorkshop2/heroes/_ArchivedDuplicateConfigs/Ewar__Ewar/slots/01_A0YM	2	0	2	.txt:2
Dota Mod Project/Tools/HeroWorkshop2/heroes/_ArchivedDuplicateConfigs/Ewar__Ewar/slots/02_A0PL	2	0	2	.txt:2
Dota Mod Project/Tools/HeroWorkshop2/heroes/_ArchivedDuplicateConfigs/Ewar__Ewar/slots/03_A03P	2	0	2	.txt:2
Dota Mod Project/Tools/HeroWorkshop2/heroes/_ArchivedDuplicateConfigs/Ewar__Ewar/slots/04_A03Q	2	0	2	.txt:2
Dota Mod Project/Tools/HeroWorkshop2/heroes/_ArchivedDuplicateConfigs/Ewar__Ewar/slots/05_A0NR	2	0	2	.txt:2
Dota Mod Project/Tools/HeroWorkshop2/heroes/_ArchivedDuplicateConfigs/Ewar__Ewar/slots/06_AInv	2	0	2	.txt:2
Dota Mod Project/Tools/HeroWorkshop2/heroes/_ArchivedDuplicateConfigs/H001__H001	15	600	1	.txt:14, .json:1
Dota Mod Project/Tools/HeroWorkshop2/heroes/_ArchivedDuplicateConfigs/H001__H001/slots	14	0	0	.txt:14
Dota Mod Project/Tools/HeroWorkshop2/heroes/_ArchivedDuplicateConfigs/H001__H001/slots/01_A0NR	2	0	2	.txt:2
Dota Mod Project/Tools/HeroWorkshop2/heroes/_ArchivedDuplicateConfigs/H001__H001/slots/02_A190	2	0	2	.txt:2
Dota Mod Project/Tools/HeroWorkshop2/heroes/_ArchivedDuplicateConfigs/H001__H001/slots/03_A01K	2	0	2	.txt:2
Dota Mod Project/Tools/HeroWorkshop2/heroes/_ArchivedDuplicateConfigs/H001__H001/slots/04_A2IS	2	0	2	.txt:2
Dota Mod Project/Tools/HeroWorkshop2/heroes/_ArchivedDuplicateConfigs/H001__H001/slots/05_A1WH	2	0	2	.txt:2
Dota Mod Project/Tools/HeroWorkshop2/heroes/_ArchivedDuplicateConfigs/H001__H001/slots/06_AInv	2	0	2	.txt:2
Dota Mod Project/Tools/HeroWorkshop2/heroes/_ArchivedDuplicateConfigs/H001__H001/slots/07_A3FF	2	0	2	.txt:2
Dota Mod Project/Tools/HeroWorkshop2/heroes/_ArchivedDuplicateConfigs/H004__H004	17	670	1	.txt:16, .json:1
Dota Mod Project/Tools/HeroWorkshop2/heroes/_ArchivedDuplicateConfigs/H004__H004/slots	16	0	0	.txt:16
Dota Mod Project/Tools/HeroWorkshop2/heroes/_ArchivedDuplicateConfigs/H004__H004/slots/01_A0NR	2	0	2	.txt:2
Dota Mod Project/Tools/HeroWorkshop2/heroes/_ArchivedDuplicateConfigs/H004__H004/slots/02_A01F	2	0	2	.txt:2
Dota Mod Project/Tools/HeroWorkshop2/heroes/_ArchivedDuplicateConfigs/H004__H004/slots/03_A027	2	0	2	.txt:2
Dota Mod Project/Tools/HeroWorkshop2/heroes/_ArchivedDuplicateConfigs/H004__H004/slots/04_A18X	2	0	2	.txt:2
Dota Mod Project/Tools/HeroWorkshop2/heroes/_ArchivedDuplicateConfigs/H004__H004/slots/05_A01P	2	0	2	.txt:2
Dota Mod Project/Tools/HeroWorkshop2/heroes/_ArchivedDuplicateConfigs/H004__H004/slots/06_A0YR	2	0	2	.txt:2
Dota Mod Project/Tools/HeroWorkshop2/heroes/_ArchivedDuplicateConfigs/H004__H004/slots/07_A01R	2	0	2	.txt:2
Dota Mod Project/Tools/HeroWorkshop2/heroes/_ArchivedDuplicateConfigs/H004__H004/slots/08_AInv	2	0	2	.txt:2
Dota Mod Project/Tools/HeroWorkshop2/heroes/_ArchivedDuplicateConfigs/H00Q__H00Q	15	600	1	.txt:14, .json:1
Dota Mod Project/Tools/HeroWorkshop2/heroes/_ArchivedDuplicateConfigs/H00Q__H00Q/slots	14	0	0	.txt:14
Dota Mod Project/Tools/HeroWorkshop2/heroes/_ArchivedDuplicateConfigs/H00Q__H00Q/slots/01_A0QR	2	0	2	.txt:2
Dota Mod Project/Tools/HeroWorkshop2/heroes/_ArchivedDuplicateConfigs/H00Q__H00Q/slots/02_A0QQ	2	0	2	.txt:2
Dota Mod Project/Tools/HeroWorkshop2/heroes/_ArchivedDuplicateConfigs/H00Q__H00Q/slots/03_A0QN	2	0	2	.txt:2
Dota Mod Project/Tools/HeroWorkshop2/heroes/_ArchivedDuplicateConfigs/H00Q__H00Q/slots/04_A0QP	2	0	2	.txt:2
Dota Mod Project/Tools/HeroWorkshop2/heroes/_ArchivedDuplicateConfigs/H00Q__H00Q/slots/05_A0NR	2	0	2	.txt:2
Dota Mod Project/Tools/HeroWorkshop2/heroes/_ArchivedDuplicateConfigs/H00Q__H00Q/slots/06_AInv	2	0	2	.txt:2
Dota Mod Project/Tools/HeroWorkshop2/heroes/_ArchivedDuplicateConfigs/H00Q__H00Q/slots/07_A3FF	2	0	2	.txt:2
Dota Mod Project/Tools/HeroWorkshop2/heroes/_ArchivedDuplicateConfigs/H071__H071	15	600	1	.txt:14, .json:1
Dota Mod Project/Tools/HeroWorkshop2/heroes/_ArchivedDuplicateConfigs/H071__H071/slots	14	0	0	.txt:14
Dota Mod Project/Tools/HeroWorkshop2/heroes/_ArchivedDuplicateConfigs/H071__H071/slots/01_A1IM	2	0	2	.txt:2
Dota Mod Project/Tools/HeroWorkshop2/heroes/_ArchivedDuplicateConfigs/H071__H071/slots/02_A1HR	2	0	2	.txt:2
Dota Mod Project/Tools/HeroWorkshop2/heroes/_ArchivedDuplicateConfigs/H071__H071/slots/03_A0NR	2	0	2	.txt:2
Dota Mod Project/Tools/HeroWorkshop2/heroes/_ArchivedDuplicateConfigs/H071__H071/slots/04_A1IN	2	0	2	.txt:2
Dota Mod Project/Tools/HeroWorkshop2/heroes/_ArchivedDuplicateConfigs/H071__H071/slots/05_A1J7	2	0	2	.txt:2
Dota Mod Project/Tools/HeroWorkshop2/heroes/_ArchivedDuplicateConfigs/H071__H071/slots/06_AInv	2	0	2	.txt:2
Dota Mod Project/Tools/HeroWorkshop2/heroes/_ArchivedDuplicateConfigs/H071__H071/slots/07_A3FF	2	0	2	.txt:2
Dota Mod Project/Tools/HeroWorkshop2/heroes/_ArchivedDuplicateConfigs/Harf__Harf	14	579	2	.txt:12, .json:2
Dota Mod Project/Tools/HeroWorkshop2/heroes/_ArchivedDuplicateConfigs/Harf__Harf/slots	12	0	0	.txt:12
Dota Mod Project/Tools/HeroWorkshop2/heroes/_ArchivedDuplicateConfigs/Harf__Harf/slots/01_A08N	2	0	2	.txt:2
Dota Mod Project/Tools/HeroWorkshop2/heroes/_ArchivedDuplicateConfigs/Harf__Harf/slots/02_A08V	2	0	2	.txt:2
Dota Mod Project/Tools/HeroWorkshop2/heroes/_ArchivedDuplicateConfigs/Harf__Harf/slots/03_A0ER	2	0	2	.txt:2
Dota Mod Project/Tools/HeroWorkshop2/heroes/_ArchivedDuplicateConfigs/Harf__Harf/slots/04_A06A	2	0	2	.txt:2
Dota Mod Project/Tools/HeroWorkshop2/heroes/_ArchivedDuplicateConfigs/Harf__Harf/slots/05_A0NR	2	0	2	.txt:2
Dota Mod Project/Tools/HeroWorkshop2/heroes/_ArchivedDuplicateConfigs/Harf__Harf/slots/06_AInv	2	0	2	.txt:2
Dota Mod Project/Tools/HeroWorkshop2/heroes/_ArchivedDuplicateConfigs/Hjai__Hjai	13	530	1	.txt:12, .json:1
Dota Mod Project/Tools/HeroWorkshop2/heroes/_ArchivedDuplicateConfigs/Hjai__Hjai/slots	12	0	0	.txt:12
Dota Mod Project/Tools/HeroWorkshop2/heroes/_ArchivedDuplicateConfigs/Hjai__Hjai/slots/01_A0NR	2	0	2	.txt:2
Dota Mod Project/Tools/HeroWorkshop2/heroes/_ArchivedDuplicateConfigs/Hjai__Hjai/slots/02_A1E9	2	0	2	.txt:2
Dota Mod Project/Tools/HeroWorkshop2/heroes/_ArchivedDuplicateConfigs/Hjai__Hjai/slots/03_A04C	2	0	2	.txt:2
Dota Mod Project/Tools/HeroWorkshop2/heroes/_ArchivedDuplicateConfigs/Hjai__Hjai/slots/04_AHab	2	0	2	.txt:2
Dota Mod Project/Tools/HeroWorkshop2/heroes/_ArchivedDuplicateConfigs/Hjai__Hjai/slots/05_A03R	2	0	2	.txt:2
Dota Mod Project/Tools/HeroWorkshop2/heroes/_ArchivedDuplicateConfigs/Hjai__Hjai/slots/06_AInv	2	0	2	.txt:2
Dota Mod Project/Tools/HeroWorkshop2/heroes/_ArchivedDuplicateConfigs/N0EG__N0EG	13	530	1	.txt:12, .json:1
Dota Mod Project/Tools/HeroWorkshop2/heroes/_ArchivedDuplicateConfigs/N0EG__N0EG/slots	12	0	0	.txt:12
Dota Mod Project/Tools/HeroWorkshop2/heroes/_ArchivedDuplicateConfigs/N0EG__N0EG/slots/01_A12P	2	0	2	.txt:2
Dota Mod Project/Tools/HeroWorkshop2/heroes/_ArchivedDuplicateConfigs/N0EG__N0EG/slots/02_A12K	2	0	2	.txt:2
Dota Mod Project/Tools/HeroWorkshop2/heroes/_ArchivedDuplicateConfigs/N0EG__N0EG/slots/03_A14I	2	0	2	.txt:2
Dota Mod Project/Tools/HeroWorkshop2/heroes/_ArchivedDuplicateConfigs/N0EG__N0EG/slots/04_A0NR	2	0	2	.txt:2
Dota Mod Project/Tools/HeroWorkshop2/heroes/_ArchivedDuplicateConfigs/N0EG__N0EG/slots/05_A12J	2	0	2	.txt:2
Dota Mod Project/Tools/HeroWorkshop2/heroes/_ArchivedDuplicateConfigs/N0EG__N0EG/slots/06_AInv	2	0	2	.txt:2
Dota Mod Project/Tools/HeroWorkshop2/heroes/_ArchivedDuplicateConfigs/N0HP__N0HP	15	600	1	.txt:14, .json:1
Dota Mod Project/Tools/HeroWorkshop2/heroes/_ArchivedDuplicateConfigs/N0HP__N0HP/slots	14	0	0	.txt:14
Dota Mod Project/Tools/HeroWorkshop2/heroes/_ArchivedDuplicateConfigs/N0HP__N0HP/slots/01_A0NR	2	0	2	.txt:2
Dota Mod Project/Tools/HeroWorkshop2/heroes/_ArchivedDuplicateConfigs/N0HP__N0HP/slots/02_A1HS	2	0	2	.txt:2
Dota Mod Project/Tools/HeroWorkshop2/heroes/_ArchivedDuplicateConfigs/N0HP__N0HP/slots/03_A1MG	2	0	2	.txt:2
Dota Mod Project/Tools/HeroWorkshop2/heroes/_ArchivedDuplicateConfigs/N0HP__N0HP/slots/04_A1MI	2	0	2	.txt:2
Dota Mod Project/Tools/HeroWorkshop2/heroes/_ArchivedDuplicateConfigs/N0HP__N0HP/slots/05_A1HQ	2	0	2	.txt:2
Dota Mod Project/Tools/HeroWorkshop2/heroes/_ArchivedDuplicateConfigs/N0HP__N0HP/slots/06_AInv	2	0	2	.txt:2
Dota Mod Project/Tools/HeroWorkshop2/heroes/_ArchivedDuplicateConfigs/N0HP__N0HP/slots/07_A3FF	2	0	2	.txt:2
Dota Mod Project/Tools/HeroWorkshop2/heroes/_ArchivedDuplicateConfigs/Nbbc__Nbbc	13	530	1	.txt:12, .json:1
Dota Mod Project/Tools/HeroWorkshop2/heroes/_ArchivedDuplicateConfigs/Nbbc__Nbbc/slots	12	0	0	.txt:12
Dota Mod Project/Tools/HeroWorkshop2/heroes/_ArchivedDuplicateConfigs/Nbbc__Nbbc/slots/01_A0NR	2	0	2	.txt:2
Dota Mod Project/Tools/HeroWorkshop2/heroes/_ArchivedDuplicateConfigs/Nbbc__Nbbc/slots/02_A338	2	0	2	.txt:2
Dota Mod Project/Tools/HeroWorkshop2/heroes/_ArchivedDuplicateConfigs/Nbbc__Nbbc/slots/03_A05G	2	0	2	.txt:2
Dota Mod Project/Tools/HeroWorkshop2/heroes/_ArchivedDuplicateConfigs/Nbbc__Nbbc/slots/04_A00K	2	0	2	.txt:2
Dota Mod Project/Tools/HeroWorkshop2/heroes/_ArchivedDuplicateConfigs/Nbbc__Nbbc/slots/05_A0M1	2	0	2	.txt:2
Dota Mod Project/Tools/HeroWorkshop2/heroes/_ArchivedDuplicateConfigs/Nbbc__Nbbc/slots/06_AInv	2	0	2	.txt:2
Dota Mod Project/Tools/HeroWorkshop2/heroes/_ArchivedDuplicateConfigs/Ofar__Ofar	15	600	1	.txt:14, .json:1
Dota Mod Project/Tools/HeroWorkshop2/heroes/_ArchivedDuplicateConfigs/Ofar__Ofar/slots	14	0	0	.txt:14
Dota Mod Project/Tools/HeroWorkshop2/heroes/_ArchivedDuplicateConfigs/Ofar__Ofar/slots/01_A29I	2	0	2	.txt:2
Dota Mod Project/Tools/HeroWorkshop2/heroes/_ArchivedDuplicateConfigs/Ofar__Ofar/slots/02_A226	2	0	2	.txt:2
Dota Mod Project/Tools/HeroWorkshop2/heroes/_ArchivedDuplicateConfigs/Ofar__Ofar/slots/03_A0NR	2	0	2	.txt:2
Dota Mod Project/Tools/HeroWorkshop2/heroes/_ArchivedDuplicateConfigs/Ofar__Ofar/slots/04_A046	2	0	2	.txt:2
Dota Mod Project/Tools/HeroWorkshop2/heroes/_ArchivedDuplicateConfigs/Ofar__Ofar/slots/05_A04E	2	0	2	.txt:2
Dota Mod Project/Tools/HeroWorkshop2/heroes/_ArchivedDuplicateConfigs/Ofar__Ofar/slots/06_AInv	2	0	2	.txt:2
Dota Mod Project/Tools/HeroWorkshop2/heroes/_ArchivedDuplicateConfigs/Ofar__Ofar/slots/07_A3FF	2	0	2	.txt:2
Dota Mod Project/Tools/HeroWorkshop2/heroes/_ArchivedDuplicateConfigs/Opgh__Opgh	13	530	1	.txt:12, .json:1
Dota Mod Project/Tools/HeroWorkshop2/heroes/_ArchivedDuplicateConfigs/Opgh__Opgh/slots	12	0	0	.txt:12
Dota Mod Project/Tools/HeroWorkshop2/heroes/_ArchivedDuplicateConfigs/Opgh__Opgh/slots/01_A0NR	2	0	2	.txt:2
Dota Mod Project/Tools/HeroWorkshop2/heroes/_ArchivedDuplicateConfigs/Opgh__Opgh/slots/02_A0I6	2	0	2	.txt:2
Dota Mod Project/Tools/HeroWorkshop2/heroes/_ArchivedDuplicateConfigs/Opgh__Opgh/slots/03_A0S1	2	0	2	.txt:2
Dota Mod Project/Tools/HeroWorkshop2/heroes/_ArchivedDuplicateConfigs/Opgh__Opgh/slots/04_A0C6	2	0	2	.txt:2
Dota Mod Project/Tools/HeroWorkshop2/heroes/_ArchivedDuplicateConfigs/Opgh__Opgh/slots/05_A0E2	2	0	2	.txt:2
Dota Mod Project/Tools/HeroWorkshop2/heroes/_ArchivedDuplicateConfigs/Opgh__Opgh/slots/06_AInv	2	0	2	.txt:2
Dota Mod Project/Tools/HeroWorkshop2/heroes/_ArchivedDuplicateConfigs/UC01__UC01	15	600	1	.txt:14, .json:1
Dota Mod Project/Tools/HeroWorkshop2/heroes/_ArchivedDuplicateConfigs/UC01__UC01/slots	14	0	0	.txt:14
Dota Mod Project/Tools/HeroWorkshop2/heroes/_ArchivedDuplicateConfigs/UC01__UC01/slots/01_A0NR	2	0	2	.txt:2
Dota Mod Project/Tools/HeroWorkshop2/heroes/_ArchivedDuplicateConfigs/UC01__UC01/slots/02_A0Q7	2	0	2	.txt:2
Dota Mod Project/Tools/HeroWorkshop2/heroes/_ArchivedDuplicateConfigs/UC01__UC01/slots/03_A0ME	2	0	2	.txt:2
Dota Mod Project/Tools/HeroWorkshop2/heroes/_ArchivedDuplicateConfigs/UC01__UC01/slots/04_A04A	2	0	2	.txt:2
Dota Mod Project/Tools/HeroWorkshop2/heroes/_ArchivedDuplicateConfigs/UC01__UC01/slots/05_A28R	2	0	2	.txt:2
Dota Mod Project/Tools/HeroWorkshop2/heroes/_ArchivedDuplicateConfigs/UC01__UC01/slots/06_AInv	2	0	2	.txt:2
Dota Mod Project/Tools/HeroWorkshop2/heroes/_ArchivedDuplicateConfigs/UC01__UC01/slots/07_A3FF	2	0	2	.txt:2
Dota Mod Project/Tools/HeroWorkshop2/heroes/_ArchivedDuplicateConfigs/UC42__UC42	15	600	1	.txt:14, .json:1
Dota Mod Project/Tools/HeroWorkshop2/heroes/_ArchivedDuplicateConfigs/UC42__UC42/slots	14	0	0	.txt:14
Dota Mod Project/Tools/HeroWorkshop2/heroes/_ArchivedDuplicateConfigs/UC42__UC42/slots/01_A0NR	2	0	2	.txt:2
Dota Mod Project/Tools/HeroWorkshop2/heroes/_ArchivedDuplicateConfigs/UC42__UC42/slots/02_A094	2	0	2	.txt:2
Dota Mod Project/Tools/HeroWorkshop2/heroes/_ArchivedDuplicateConfigs/UC42__UC42/slots/03_A35D	2	0	2	.txt:2
Dota Mod Project/Tools/HeroWorkshop2/heroes/_ArchivedDuplicateConfigs/UC42__UC42/slots/04_A1OP	2	0	2	.txt:2
Dota Mod Project/Tools/HeroWorkshop2/heroes/_ArchivedDuplicateConfigs/UC42__UC42/slots/05_A0MU	2	0	2	.txt:2
Dota Mod Project/Tools/HeroWorkshop2/heroes/_ArchivedDuplicateConfigs/UC42__UC42/slots/06_AInv	2	0	2	.txt:2
Dota Mod Project/Tools/HeroWorkshop2/heroes/_ArchivedDuplicateConfigs/UC42__UC42/slots/07_A3FF	2	0	2	.txt:2
Dota Mod Project/Tools/HeroWorkshop2/heroes/_ArchivedDuplicateConfigs/UC76__UC76	15	600	1	.txt:14, .json:1
Dota Mod Project/Tools/HeroWorkshop2/heroes/_ArchivedDuplicateConfigs/UC76__UC76/slots	14	0	0	.txt:14
Dota Mod Project/Tools/HeroWorkshop2/heroes/_ArchivedDuplicateConfigs/UC76__UC76/slots/01_A02C	2	0	2	.txt:2
Dota Mod Project/Tools/HeroWorkshop2/heroes/_ArchivedDuplicateConfigs/UC76__UC76/slots/02_A0NR	2	0	2	.txt:2
Dota Mod Project/Tools/HeroWorkshop2/heroes/_ArchivedDuplicateConfigs/UC76__UC76/slots/03_A02M	2	0	2	.txt:2
Dota Mod Project/Tools/HeroWorkshop2/heroes/_ArchivedDuplicateConfigs/UC76__UC76/slots/04_A0P6	2	0	2	.txt:2
Dota Mod Project/Tools/HeroWorkshop2/heroes/_ArchivedDuplicateConfigs/UC76__UC76/slots/05_A073	2	0	2	.txt:2
Dota Mod Project/Tools/HeroWorkshop2/heroes/_ArchivedDuplicateConfigs/UC76__UC76/slots/06_AInv	2	0	2	.txt:2
Dota Mod Project/Tools/HeroWorkshop2/heroes/_ArchivedDuplicateConfigs/UC76__UC76/slots/07_A3FF	2	0	2	.txt:2
Dota Mod Project/Tools/HeroWorkshop2/heroes/_ArchivedDuplicateConfigs/Udea__Udea	13	530	1	.txt:12, .json:1
Dota Mod Project/Tools/HeroWorkshop2/heroes/_ArchivedDuplicateConfigs/Udea__Udea/slots	12	0	0	.txt:12
Dota Mod Project/Tools/HeroWorkshop2/heroes/_ArchivedDuplicateConfigs/Udea__Udea/slots/01_A0NS	2	0	2	.txt:2
Dota Mod Project/Tools/HeroWorkshop2/heroes/_ArchivedDuplicateConfigs/Udea__Udea/slots/02_A0MG	2	0	2	.txt:2
Dota Mod Project/Tools/HeroWorkshop2/heroes/_ArchivedDuplicateConfigs/Udea__Udea/slots/03_A0I3	2	0	2	.txt:2
Dota Mod Project/Tools/HeroWorkshop2/heroes/_ArchivedDuplicateConfigs/Udea__Udea/slots/04_A0MF	2	0	2	.txt:2
Dota Mod Project/Tools/HeroWorkshop2/heroes/_ArchivedDuplicateConfigs/Udea__Udea/slots/05_A0NR	2	0	2	.txt:2
Dota Mod Project/Tools/HeroWorkshop2/heroes/_ArchivedDuplicateConfigs/Udea__Udea/slots/06_AInv	2	0	2	.txt:2
Dota Mod Project/Tools/HeroWorkshop2/heroes/_ArchivedDuplicateConfigs/Ulic__Ulic	13	530	1	.txt:12, .json:1
Dota Mod Project/Tools/HeroWorkshop2/heroes/_ArchivedDuplicateConfigs/Ulic__Ulic/slots	12	0	0	.txt:12
Dota Mod Project/Tools/HeroWorkshop2/heroes/_ArchivedDuplicateConfigs/Ulic__Ulic/slots/01_A0NR	2	0	2	.txt:2
Dota Mod Project/Tools/HeroWorkshop2/heroes/_ArchivedDuplicateConfigs/Ulic__Ulic/slots/02_A053	2	0	2	.txt:2
Dota Mod Project/Tools/HeroWorkshop2/heroes/_ArchivedDuplicateConfigs/Ulic__Ulic/slots/03_A07F	2	0	2	.txt:2
Dota Mod Project/Tools/HeroWorkshop2/heroes/_ArchivedDuplicateConfigs/Ulic__Ulic/slots/04_A08R	2	0	2	.txt:2
Dota Mod Project/Tools/HeroWorkshop2/heroes/_ArchivedDuplicateConfigs/Ulic__Ulic/slots/05_A05T	2	0	2	.txt:2
Dota Mod Project/Tools/HeroWorkshop2/heroes/_ArchivedDuplicateConfigs/Ulic__Ulic/slots/06_AInv	2	0	2	.txt:2
Dota Mod Project/Tools/HeroWorkshop2/heroes/n00L__n00L	13	788	1	.txt:12, .json:1
Dota Mod Project/Tools/HeroWorkshop2/heroes/n00L__n00L/slots	12	0	0	.txt:12
Dota Mod Project/Tools/HeroWorkshop2/heroes/n00L__n00L/slots/01_A0K2	2	0	2	.txt:2
Dota Mod Project/Tools/HeroWorkshop2/heroes/n00L__n00L/slots/02_A0PW	2	0	2	.txt:2
Dota Mod Project/Tools/HeroWorkshop2/heroes/n00L__n00L/slots/03_A14B	2	0	2	.txt:2
Dota Mod Project/Tools/HeroWorkshop2/heroes/n00L__n00L/slots/04_ACtc	2	0	2	.txt:2
Dota Mod Project/Tools/HeroWorkshop2/heroes/n00L__n00L/slots/05_A1YM	2	0	2	.txt:2
Dota Mod Project/Tools/HeroWorkshop2/heroes/n00L__n00L/slots/06_Aeth	2	0	2	.txt:2
Dota Mod Project/Tools/HeroWorkshop2/items	1120	74730	0	.txt:715, .json:405
Dota Mod Project/Tools/HeroWorkshop2/items/I000__I000	3	200	1	.txt:2, .json:1
Dota Mod Project/Tools/HeroWorkshop2/items/I000__I000/slots	2	0	0	.txt:2
Dota Mod Project/Tools/HeroWorkshop2/items/I000__I000/slots/01_A1AR	1	0	1	.txt:1
Dota Mod Project/Tools/HeroWorkshop2/items/I000__I000/slots/02_A0TK	1	0	1	.txt:1
Dota Mod Project/Tools/HeroWorkshop2/items/I001__I001	3	200	1	.txt:2, .json:1
Dota Mod Project/Tools/HeroWorkshop2/items/I001__I001/slots	2	0	0	.txt:2
Dota Mod Project/Tools/HeroWorkshop2/items/I001__I001/slots/01_A1R9	1	0	1	.txt:1
Dota Mod Project/Tools/HeroWorkshop2/items/I001__I001/slots/02_A0TK	1	0	1	.txt:1
Dota Mod Project/Tools/HeroWorkshop2/items/I002__I002	2	134	1	.json:1, .txt:1
Dota Mod Project/Tools/HeroWorkshop2/items/I002__I002/slots	1	0	0	.txt:1
Dota Mod Project/Tools/HeroWorkshop2/items/I002__I002/slots/01_A0TK	1	0	1	.txt:1
Dota Mod Project/Tools/HeroWorkshop2/items/I003__I003	3	200	1	.txt:2, .json:1
Dota Mod Project/Tools/HeroWorkshop2/items/I003__I003/slots	2	0	0	.txt:2
Dota Mod Project/Tools/HeroWorkshop2/items/I003__I003/slots/01_A0TK	1	0	1	.txt:1
Dota Mod Project/Tools/HeroWorkshop2/items/I003__I003/slots/02_A3I5	1	0	1	.txt:1
Dota Mod Project/Tools/HeroWorkshop2/items/I004__I004	3	200	1	.txt:2, .json:1
Dota Mod Project/Tools/HeroWorkshop2/items/I004__I004/slots	2	0	0	.txt:2
Dota Mod Project/Tools/HeroWorkshop2/items/I004__I004/slots/01_A0PA	1	0	1	.txt:1
Dota Mod Project/Tools/HeroWorkshop2/items/I004__I004/slots/02_A0TK	1	0	1	.txt:1
Dota Mod Project/Tools/HeroWorkshop2/items/I005__I005	3	200	1	.txt:2, .json:1
Dota Mod Project/Tools/HeroWorkshop2/items/I005__I005/slots	2	0	0	.txt:2
Dota Mod Project/Tools/HeroWorkshop2/items/I005__I005/slots/01_A01S	1	0	1	.txt:1
Dota Mod Project/Tools/HeroWorkshop2/items/I005__I005/slots/02_A0TK	1	0	1	.txt:1
Dota Mod Project/Tools/HeroWorkshop2/items/I006__I006	2	134	1	.json:1, .txt:1
Dota Mod Project/Tools/HeroWorkshop2/items/I006__I006/slots	1	0	0	.txt:1
Dota Mod Project/Tools/HeroWorkshop2/items/I006__I006/slots/01_AIsp	1	0	1	.txt:1
Dota Mod Project/Tools/HeroWorkshop2/items/I008__I008	2	134	1	.json:1, .txt:1
Dota Mod Project/Tools/HeroWorkshop2/items/I008__I008/slots	1	0	0	.txt:1
Dota Mod Project/Tools/HeroWorkshop2/items/I008__I008/slots/01_AIsl	1	0	1	.txt:1
Dota Mod Project/Tools/HeroWorkshop2/items/I009__I009	3	200	1	.txt:2, .json:1
Dota Mod Project/Tools/HeroWorkshop2/items/I009__I009/slots	2	0	0	.txt:2
Dota Mod Project/Tools/HeroWorkshop2/items/I009__I009/slots/01_A1NW	1	0	1	.txt:1
Dota Mod Project/Tools/HeroWorkshop2/items/I009__I009/slots/02_A0TK	1	0	1	.txt:1
Dota Mod Project/Tools/HeroWorkshop2/items/I00D__I00D	3	200	1	.txt:2, .json:1
Dota Mod Project/Tools/HeroWorkshop2/items/I00D__I00D/slots	2	0	0	.txt:2
Dota Mod Project/Tools/HeroWorkshop2/items/I00D__I00D/slots/01_A0PD	1	0	1	.txt:1
Dota Mod Project/Tools/HeroWorkshop2/items/I00D__I00D/slots/02_A0TK	1	0	1	.txt:1
Dota Mod Project/Tools/HeroWorkshop2/items/I00E__I00E	2	134	1	.json:1, .txt:1
Dota Mod Project/Tools/HeroWorkshop2/items/I00E__I00E/slots	1	0	0	.txt:1
Dota Mod Project/Tools/HeroWorkshop2/items/I00E__I00E/slots/01_A0GN	1	0	1	.txt:1
Dota Mod Project/Tools/HeroWorkshop2/items/I00G__I00G	3	200	1	.txt:2, .json:1
Dota Mod Project/Tools/HeroWorkshop2/items/I00G__I00G/slots	2	0	0	.txt:2
Dota Mod Project/Tools/HeroWorkshop2/items/I00G__I00G/slots/01_A0PC	1	0	1	.txt:1
Dota Mod Project/Tools/HeroWorkshop2/items/I00G__I00G/slots/02_A0TK	1	0	1	.txt:1
Dota Mod Project/Tools/HeroWorkshop2/items/I00H__I00H	3	200	1	.txt:2, .json:1
Dota Mod Project/Tools/HeroWorkshop2/items/I00H__I00H/slots	2	0	0	.txt:2
Dota Mod Project/Tools/HeroWorkshop2/items/I00H__I00H/slots/01_A0PB	1	0	1	.txt:1
Dota Mod Project/Tools/HeroWorkshop2/items/I00H__I00H/slots/02_A0TK	1	0	1	.txt:1
Dota Mod Project/Tools/HeroWorkshop2/items/I00I__I00I	3	200	1	.txt:2, .json:1
Dota Mod Project/Tools/HeroWorkshop2/items/I00I__I00I/slots	2	0	0	.txt:2
Dota Mod Project/Tools/HeroWorkshop2/items/I00I__I00I/slots/01_A0P9	1	0	1	.txt:1
Dota Mod Project/Tools/HeroWorkshop2/items/I00I__I00I/slots/02_A0TK	1	0	1	.txt:1
Dota Mod Project/Tools/HeroWorkshop2/items/I00J__I00J	2	134	1	.json:1, .txt:1
Dota Mod Project/Tools/HeroWorkshop2/items/I00J__I00J/slots	1	0	0	.txt:1
Dota Mod Project/Tools/HeroWorkshop2/items/I00J__I00J/slots/01_AIv1	1	0	1	.txt:1
Dota Mod Project/Tools/HeroWorkshop2/items/I00K__I00K	2	134	1	.json:1, .txt:1
Dota Mod Project/Tools/HeroWorkshop2/items/I00K__I00K/slots	1	0	0	.txt:1
Dota Mod Project/Tools/HeroWorkshop2/items/I00K__I00K/slots/01_AIrr	1	0	1	.txt:1
Dota Mod Project/Tools/HeroWorkshop2/items/I00M__I00M	4	266	1	.txt:3, .json:1
Dota Mod Project/Tools/HeroWorkshop2/items/I00M__I00M/slots	3	0	0	.txt:3
Dota Mod Project/Tools/HeroWorkshop2/items/I00M__I00M/slots/01_A0T8	1	0	1	.txt:1
Dota Mod Project/Tools/HeroWorkshop2/items/I00M__I00M/slots/02_A3IE	1	0	1	.txt:1
Dota Mod Project/Tools/HeroWorkshop2/items/I00M__I00M/slots/03_A0T8	1	0	1	.txt:1
Dota Mod Project/Tools/HeroWorkshop2/items/I00N__I00N	2	134	1	.json:1, .txt:1
Dota Mod Project/Tools/HeroWorkshop2/items/I00N__I00N/slots	1	0	0	.txt:1
Dota Mod Project/Tools/HeroWorkshop2/items/I00N__I00N/slots/01_A3IE	1	0	1	.txt:1
Dota Mod Project/Tools/HeroWorkshop2/items/I00O__I00O	3	200	1	.txt:2, .json:1
Dota Mod Project/Tools/HeroWorkshop2/items/I00O__I00O/slots	2	0	0	.txt:2
Dota Mod Project/Tools/HeroWorkshop2/items/I00O__I00O/slots/01_A0PF	1	0	1	.txt:1
Dota Mod Project/Tools/HeroWorkshop2/items/I00O__I00O/slots/02_A0TK	1	0	1	.txt:1
Dota Mod Project/Tools/HeroWorkshop2/items/I00P__I00P	3	200	1	.txt:2, .json:1
Dota Mod Project/Tools/HeroWorkshop2/items/I00P__I00P/slots	2	0	0	.txt:2
Dota Mod Project/Tools/HeroWorkshop2/items/I00P__I00P/slots/01_A0P7	1	0	1	.txt:1
Dota Mod Project/Tools/HeroWorkshop2/items/I00P__I00P/slots/02_A0TK	1	0	1	.txt:1
Dota Mod Project/Tools/HeroWorkshop2/items/I00Q__I00Q	4	266	1	.txt:3, .json:1
Dota Mod Project/Tools/HeroWorkshop2/items/I00Q__I00Q/slots	3	0	0	.txt:3
Dota Mod Project/Tools/HeroWorkshop2/items/I00Q__I00Q/slots/01_A0T7	1	0	1	.txt:1
Dota Mod Project/Tools/HeroWorkshop2/items/I00Q__I00Q/slots/02_A3AK	1	0	1	.txt:1
Dota Mod Project/Tools/HeroWorkshop2/items/I00Q__I00Q/slots/03_A0T7	1	0	1	.txt:1
Dota Mod Project/Tools/HeroWorkshop2/items/I00R__I00R	2	134	1	.json:1, .txt:1
Dota Mod Project/Tools/HeroWorkshop2/items/I00R__I00R/slots	1	0	0	.txt:1
Dota Mod Project/Tools/HeroWorkshop2/items/I00R__I00R/slots/01_A3AK	1	0	1	.txt:1
Dota Mod Project/Tools/HeroWorkshop2/items/I00U__I00U	3	200	1	.txt:2, .json:1
Dota Mod Project/Tools/HeroWorkshop2/items/I00U__I00U/slots	2	0	0	.txt:2
Dota Mod Project/Tools/HeroWorkshop2/items/I00U__I00U/slots/01_A0P8	1	0	1	.txt:1
Dota Mod Project/Tools/HeroWorkshop2/items/I00U__I00U/slots/02_A0TK	1	0	1	.txt:1
Dota Mod Project/Tools/HeroWorkshop2/items/I00Z__I00Z	5	332	1	.txt:4, .json:1
Dota Mod Project/Tools/HeroWorkshop2/items/I00Z__I00Z/slots	4	0	0	.txt:4
Dota Mod Project/Tools/HeroWorkshop2/items/I00Z__I00Z/slots/01_A0T9	1	0	1	.txt:1
Dota Mod Project/Tools/HeroWorkshop2/items/I00Z__I00Z/slots/02_A0SY	1	0	1	.txt:1
Dota Mod Project/Tools/HeroWorkshop2/items/I00Z__I00Z/slots/03_A0SZ	1	0	1	.txt:1
Dota Mod Project/Tools/HeroWorkshop2/items/I00Z__I00Z/slots/04_A0GM	1	0	1	.txt:1
Dota Mod Project/Tools/HeroWorkshop2/items/I010__I010	4	266	1	.txt:3, .json:1
Dota Mod Project/Tools/HeroWorkshop2/items/I010__I010/slots	3	0	0	.txt:3
Dota Mod Project/Tools/HeroWorkshop2/items/I010__I010/slots/01_A0SY	1	0	1	.txt:1
Dota Mod Project/Tools/HeroWorkshop2/items/I010__I010/slots/02_A0SZ	1	0	1	.txt:1
Dota Mod Project/Tools/HeroWorkshop2/items/I010__I010/slots/03_A0GM	1	0	1	.txt:1
Dota Mod Project/Tools/HeroWorkshop2/items/I011__I011	3	200	1	.txt:2, .json:1
Dota Mod Project/Tools/HeroWorkshop2/items/I011__I011/slots	2	0	0	.txt:2
Dota Mod Project/Tools/HeroWorkshop2/items/I011__I011/slots/01_A20M	1	0	1	.txt:1
Dota Mod Project/Tools/HeroWorkshop2/items/I011__I011/slots/02_A0TK	1	0	1	.txt:1
Dota Mod Project/Tools/HeroWorkshop2/items/I012__I012	5	332	1	.txt:4, .json:1
Dota Mod Project/Tools/HeroWorkshop2/items/I012__I012/slots	4	0	0	.txt:4
Dota Mod Project/Tools/HeroWorkshop2/items/I012__I012/slots/01_A0FD	1	0	1	.txt:1
Dota Mod Project/Tools/HeroWorkshop2/items/I012__I012/slots/02_A05A	1	0	1	.txt:1
Dota Mod Project/Tools/HeroWorkshop2/items/I012__I012/slots/03_A0IE	1	0	1	.txt:1
Dota Mod Project/Tools/HeroWorkshop2/items/I012__I012/slots/04_A0TE	1	0	1	.txt:1
Dota Mod Project/Tools/HeroWorkshop2/items/I015__I015	2	134	1	.json:1, .txt:1
Dota Mod Project/Tools/HeroWorkshop2/items/I015__I015/slots	1	0	0	.txt:1
Dota Mod Project/Tools/HeroWorkshop2/items/I015__I015/slots/01_A0K5	1	0	1	.txt:1
Dota Mod Project/Tools/HeroWorkshop2/items/I016__I016	3	200	1	.txt:2, .json:1
Dota Mod Project/Tools/HeroWorkshop2/items/I016__I016/slots	2	0	0	.txt:2
Dota Mod Project/Tools/HeroWorkshop2/items/I016__I016/slots/01_A0TK	1	0	1	.txt:1
Dota Mod Project/Tools/HeroWorkshop2/items/I016__I016/slots/02_A3K9	1	0	1	.txt:1
Dota Mod Project/Tools/HeroWorkshop2/items/I017__I017	3	200	1	.txt:2, .json:1
Dota Mod Project/Tools/HeroWorkshop2/items/I017__I017/slots	2	0	0	.txt:2
Dota Mod Project/Tools/HeroWorkshop2/items/I017__I017/slots/01_A1V5	1	0	1	.txt:1
Dota Mod Project/Tools/HeroWorkshop2/items/I017__I017/slots/02_A0TK	1	0	1	.txt:1
Dota Mod Project/Tools/HeroWorkshop2/items/I01D__I01D	2	134	1	.json:1, .txt:1
Dota Mod Project/Tools/HeroWorkshop2/items/I01D__I01D/slots	1	0	0	.txt:1
Dota Mod Project/Tools/HeroWorkshop2/items/I01D__I01D/slots/01_A0JT	1	0	1	.txt:1
Dota Mod Project/Tools/HeroWorkshop2/items/I01J__I01J	4	266	1	.txt:3, .json:1
Dota Mod Project/Tools/HeroWorkshop2/items/I01J__I01J/slots	3	0	0	.txt:3
Dota Mod Project/Tools/HeroWorkshop2/items/I01J__I01J/slots/01_A0EX	1	0	1	.txt:1
Dota Mod Project/Tools/HeroWorkshop2/items/I01J__I01J/slots/02_A02D	1	0	1	.txt:1
Dota Mod Project/Tools/HeroWorkshop2/items/I01J__I01J/slots/03_AItn	1	0	1	.txt:1
Dota Mod Project/Tools/HeroWorkshop2/items/I01N__I01N	2	134	1	.json:1, .txt:1
Dota Mod Project/Tools/HeroWorkshop2/items/I01N__I01N/slots	1	0	0	.txt:1
Dota Mod Project/Tools/HeroWorkshop2/items/I01N__I01N/slots/01_A0HU	1	0	1	.txt:1
Dota Mod Project/Tools/HeroWorkshop2/items/I01O__I01O	2	134	1	.json:1, .txt:1
Dota Mod Project/Tools/HeroWorkshop2/items/I01O__I01O/slots	1	0	0	.txt:1
Dota Mod Project/Tools/HeroWorkshop2/items/I01O__I01O/slots/01_A0HX	1	0	1	.txt:1
Dota Mod Project/Tools/HeroWorkshop2/items/I02O__I02O	2	134	1	.json:1, .txt:1
Dota Mod Project/Tools/HeroWorkshop2/items/I02O__I02O/slots	1	0	0	.txt:1
Dota Mod Project/Tools/HeroWorkshop2/items/I02O__I02O/slots/01_AIms	1	0	1	.txt:1
Dota Mod Project/Tools/HeroWorkshop2/items/I02P__I02P	2	134	1	.json:1, .txt:1
Dota Mod Project/Tools/HeroWorkshop2/items/I02P__I02P/slots	1	0	0	.txt:1
Dota Mod Project/Tools/HeroWorkshop2/items/I02P__I02P/slots/01_A3AT	1	0	1	.txt:1
Dota Mod Project/Tools/HeroWorkshop2/items/I02R__I02R	2	134	1	.json:1, .txt:1
Dota Mod Project/Tools/HeroWorkshop2/items/I02R__I02R/slots	1	0	0	.txt:1
Dota Mod Project/Tools/HeroWorkshop2/items/I02R__I02R/slots/01_AIa6	1	0	1	.txt:1
Dota Mod Project/Tools/HeroWorkshop2/items/I02T__I02T	5	332	1	.txt:4, .json:1
Dota Mod Project/Tools/HeroWorkshop2/items/I02T__I02T/slots	4	0	0	.txt:4
Dota Mod Project/Tools/HeroWorkshop2/items/I02T__I02T/slots/01_A14A	1	0	1	.txt:1
Dota Mod Project/Tools/HeroWorkshop2/items/I02T__I02T/slots/02_A1WN	1	0	1	.txt:1
Dota Mod Project/Tools/HeroWorkshop2/items/I02T__I02T/slots/03_A05U	1	0	1	.txt:1
Dota Mod Project/Tools/HeroWorkshop2/items/I02T__I02T/slots/04_A1HE	1	0	1	.txt:1
Dota Mod Project/Tools/HeroWorkshop2/items/I02Y__I02Y	2	134	1	.json:1, .txt:1
Dota Mod Project/Tools/HeroWorkshop2/items/I02Y__I02Y/slots	1	0	0	.txt:1
Dota Mod Project/Tools/HeroWorkshop2/items/I02Y__I02Y/slots/01_AIx2	1	0	1	.txt:1
Dota Mod Project/Tools/HeroWorkshop2/items/I043__I043	2	134	1	.json:1, .txt:1
Dota Mod Project/Tools/HeroWorkshop2/items/I043__I043/slots	1	0	0	.txt:1
Dota Mod Project/Tools/HeroWorkshop2/items/I043__I043/slots/01_AIs6	1	0	1	.txt:1
Dota Mod Project/Tools/HeroWorkshop2/items/I044__I044	4	266	1	.txt:3, .json:1
Dota Mod Project/Tools/HeroWorkshop2/items/I044__I044/slots	3	0	0	.txt:3
Dota Mod Project/Tools/HeroWorkshop2/items/I044__I044/slots/01_AIa1	1	0	1	.txt:1
Dota Mod Project/Tools/HeroWorkshop2/items/I044__I044/slots/02_AIa3	1	0	1	.txt:1
Dota Mod Project/Tools/HeroWorkshop2/items/I044__I044/slots/03_AIa6	1	0	1	.txt:1
Dota Mod Project/Tools/HeroWorkshop2/items/I045__I045	2	134	1	.json:1, .txt:1
Dota Mod Project/Tools/HeroWorkshop2/items/I045__I045/slots	1	0	0	.txt:1
Dota Mod Project/Tools/HeroWorkshop2/items/I045__I045/slots/01_AIt9	1	0	1	.txt:1
Dota Mod Project/Tools/HeroWorkshop2/items/I046__I046	3	200	1	.txt:2, .json:1
Dota Mod Project/Tools/HeroWorkshop2/items/I046__I046/slots	2	0	0	.txt:2
Dota Mod Project/Tools/HeroWorkshop2/items/I046__I046/slots/01_AItf	1	0	1	.txt:1
Dota Mod Project/Tools/HeroWorkshop2/items/I046__I046/slots/02_AIat	1	0	1	.txt:1
Dota Mod Project/Tools/HeroWorkshop2/items/I047__I047	3	200	1	.txt:2, .json:1
Dota Mod Project/Tools/HeroWorkshop2/items/I047__I047/slots	2	0	0	.txt:2
Dota Mod Project/Tools/HeroWorkshop2/items/I047__I047/slots/01_AId4	1	0	1	.txt:1
Dota Mod Project/Tools/HeroWorkshop2/items/I047__I047/slots/02_AId1	1	0	1	.txt:1
Dota Mod Project/Tools/HeroWorkshop2/items/I048__I048	3	200	1	.txt:2, .json:1
Dota Mod Project/Tools/HeroWorkshop2/items/I048__I048/slots	2	0	0	.txt:2
Dota Mod Project/Tools/HeroWorkshop2/items/I048__I048/slots/01_AItf	1	0	1	.txt:1
Dota Mod Project/Tools/HeroWorkshop2/items/I048__I048/slots/02_AIt6	1	0	1	.txt:1
Dota Mod Project/Tools/HeroWorkshop2/items/I049__I049	2	134	1	.json:1, .txt:1
Dota Mod Project/Tools/HeroWorkshop2/items/I049__I049/slots	1	0	0	.txt:1
Dota Mod Project/Tools/HeroWorkshop2/items/I049__I049/slots/01_A1HC	1	0	1	.txt:1
Dota Mod Project/Tools/HeroWorkshop2/items/I04A__I04A	2	134	1	.json:1, .txt:1
Dota Mod Project/Tools/HeroWorkshop2/items/I04A__I04A/slots	1	0	0	.txt:1
Dota Mod Project/Tools/HeroWorkshop2/items/I04A__I04A/slots/01_A04D	1	0	1	.txt:1
Dota Mod Project/Tools/HeroWorkshop2/items/I04B__I04B	3	200	1	.txt:2, .json:1
Dota Mod Project/Tools/HeroWorkshop2/items/I04B__I04B/slots	2	0	0	.txt:2
Dota Mod Project/Tools/HeroWorkshop2/items/I04B__I04B/slots/01_AImz	1	0	1	.txt:1
Dota Mod Project/Tools/HeroWorkshop2/items/I04B__I04B/slots/02_AImb	1	0	1	.txt:1
Dota Mod Project/Tools/HeroWorkshop2/items/I04C__I04C	2	134	1	.json:1, .txt:1
Dota Mod Project/Tools/HeroWorkshop2/items/I04C__I04C/slots	1	0	0	.txt:1
Dota Mod Project/Tools/HeroWorkshop2/items/I04C__I04C/slots/01_AIs3	1	0	1	.txt:1
Dota Mod Project/Tools/HeroWorkshop2/items/I04D__I04D	2	134	1	.json:1, .txt:1
Dota Mod Project/Tools/HeroWorkshop2/items/I04D__I04D/slots	1	0	0	.txt:1
Dota Mod Project/Tools/HeroWorkshop2/items/I04D__I04D/slots/01_A14K	1	0	1	.txt:1
Dota Mod Project/Tools/HeroWorkshop2/items/I04E__I04E	3	200	1	.txt:2, .json:1
Dota Mod Project/Tools/HeroWorkshop2/items/I04E__I04E/slots	2	0	0	.txt:2
Dota Mod Project/Tools/HeroWorkshop2/items/I04E__I04E/slots/01_A0PS	1	0	1	.txt:1
Dota Mod Project/Tools/HeroWorkshop2/items/I04E__I04E/slots/02_AId5	1	0	1	.txt:1
Dota Mod Project/Tools/HeroWorkshop2/items/I04F__I04F	2	134	1	.json:1, .txt:1
Dota Mod Project/Tools/HeroWorkshop2/items/I04F__I04F/slots	1	0	0	.txt:1
Dota Mod Project/Tools/HeroWorkshop2/items/I04F__I04F/slots/01_A09L	1	0	1	.txt:1
Dota Mod Project/Tools/HeroWorkshop2/items/I04G__I04G	3	200	1	.txt:2, .json:1
Dota Mod Project/Tools/HeroWorkshop2/items/I04G__I04G/slots	2	0	0	.txt:2
Dota Mod Project/Tools/HeroWorkshop2/items/I04G__I04G/slots/01_AIx1	1	0	1	.txt:1
Dota Mod Project/Tools/HeroWorkshop2/items/I04G__I04G/slots/02_A3O9	1	0	1	.txt:1
Dota Mod Project/Tools/HeroWorkshop2/items/I04H__I04H	2	134	1	.json:1, .txt:1
Dota Mod Project/Tools/HeroWorkshop2/items/I04H__I04H/slots	1	0	0	.txt:1
Dota Mod Project/Tools/HeroWorkshop2/items/I04H__I04H/slots/01_AIbk	1	0	1	.txt:1
Dota Mod Project/Tools/HeroWorkshop2/items/I04I__I04I	2	134	1	.json:1, .txt:1
Dota Mod Project/Tools/HeroWorkshop2/items/I04I__I04I/slots	1	0	0	.txt:1
Dota Mod Project/Tools/HeroWorkshop2/items/I04I__I04I/slots/01_A340	1	0	1	.txt:1
Dota Mod Project/Tools/HeroWorkshop2/items/I04J__I04J	2	134	1	.json:1, .txt:1
Dota Mod Project/Tools/HeroWorkshop2/items/I04J__I04J/slots	1	0	0	.txt:1
Dota Mod Project/Tools/HeroWorkshop2/items/I04J__I04J/slots/01_AIi3	1	0	1	.txt:1
Dota Mod Project/Tools/HeroWorkshop2/items/I04K__I04K	2	134	1	.json:1, .txt:1
Dota Mod Project/Tools/HeroWorkshop2/items/I04K__I04K/slots	1	0	0	.txt:1
Dota Mod Project/Tools/HeroWorkshop2/items/I04K__I04K/slots/01_A09P	1	0	1	.txt:1
Dota Mod Project/Tools/HeroWorkshop2/items/I04L__I04L	2	134	1	.json:1, .txt:1
Dota Mod Project/Tools/HeroWorkshop2/items/I04L__I04L/slots	1	0	0	.txt:1
Dota Mod Project/Tools/HeroWorkshop2/items/I04L__I04L/slots/01_A00I	1	0	1	.txt:1
Dota Mod Project/Tools/HeroWorkshop2/items/I04M__I04M	3	200	1	.txt:2, .json:1
Dota Mod Project/Tools/HeroWorkshop2/items/I04M__I04M/slots	2	0	0	.txt:2
Dota Mod Project/Tools/HeroWorkshop2/items/I04M__I04M/slots/01_AItc	1	0	1	.txt:1
Dota Mod Project/Tools/HeroWorkshop2/items/I04M__I04M/slots/02_AItc	1	0	1	.txt:1
Dota Mod Project/Tools/HeroWorkshop2/items/I04N__I04N	2	134	1	.json:1, .txt:1
Dota Mod Project/Tools/HeroWorkshop2/items/I04N__I04N/slots	1	0	0	.txt:1
Dota Mod Project/Tools/HeroWorkshop2/items/I04N__I04N/slots/01_A04F	1	0	1	.txt:1
Dota Mod Project/Tools/HeroWorkshop2/items/I04O__I04O	4	266	1	.txt:3, .json:1
Dota Mod Project/Tools/HeroWorkshop2/items/I04O__I04O/slots	3	0	0	.txt:3
Dota Mod Project/Tools/HeroWorkshop2/items/I04O__I04O/slots/01_AIs1	1	0	1	.txt:1
Dota Mod Project/Tools/HeroWorkshop2/items/I04O__I04O/slots/02_AIs3	1	0	1	.txt:1
Dota Mod Project/Tools/HeroWorkshop2/items/I04O__I04O/slots/03_AIs6	1	0	1	.txt:1
Dota Mod Project/Tools/HeroWorkshop2/items/I04P__I04P	2	134	1	.json:1, .txt:1
Dota Mod Project/Tools/HeroWorkshop2/items/I04P__I04P/slots	1	0	0	.txt:1
Dota Mod Project/Tools/HeroWorkshop2/items/I04P__I04P/slots/01_A0K8	1	0	1	.txt:1
Dota Mod Project/Tools/HeroWorkshop2/items/I04Q__I04Q	2	134	1	.json:1, .txt:1
Dota Mod Project/Tools/HeroWorkshop2/items/I04Q__I04Q/slots	1	0	0	.txt:1
Dota Mod Project/Tools/HeroWorkshop2/items/I04Q__I04Q/slots/01_AId0	1	0	1	.txt:1
Dota Mod Project/Tools/HeroWorkshop2/items/I04R__I04R	3	200	1	.txt:2, .json:1
Dota Mod Project/Tools/HeroWorkshop2/items/I04R__I04R/slots	2	0	0	.txt:2
Dota Mod Project/Tools/HeroWorkshop2/items/I04R__I04R/slots/01_AImb	1	0	1	.txt:1
Dota Mod Project/Tools/HeroWorkshop2/items/I04R__I04R/slots/02_A02P	1	0	1	.txt:1
Dota Mod Project/Tools/HeroWorkshop2/items/I04S__I04S	3	200	1	.txt:2, .json:1
Dota Mod Project/Tools/HeroWorkshop2/items/I04S__I04S/slots	2	0	0	.txt:2
Dota Mod Project/Tools/HeroWorkshop2/items/I04S__I04S/slots/01_A09I	1	0	1	.txt:1
Dota Mod Project/Tools/HeroWorkshop2/items/I04S__I04S/slots/02_AItn	1	0	1	.txt:1
Dota Mod Project/Tools/HeroWorkshop2/items/I04T__I04T	2	134	1	.json:1, .txt:1
Dota Mod Project/Tools/HeroWorkshop2/items/I04T__I04T/slots	1	0	0	.txt:1
Dota Mod Project/Tools/HeroWorkshop2/items/I04T__I04T/slots/01_A0EX	1	0	1	.txt:1
Dota Mod Project/Tools/HeroWorkshop2/items/I04U__I04U	2	134	1	.json:1, .txt:1
Dota Mod Project/Tools/HeroWorkshop2/items/I04U__I04U/slots	1	0	0	.txt:1
Dota Mod Project/Tools/HeroWorkshop2/items/I04U__I04U/slots/01_A32M	1	0	1	.txt:1
Dota Mod Project/Tools/HeroWorkshop2/items/I04V__I04V	2	134	1	.json:1, .txt:1
Dota Mod Project/Tools/HeroWorkshop2/items/I04V__I04V/slots	1	0	0	.txt:1
Dota Mod Project/Tools/HeroWorkshop2/items/I04V__I04V/slots/01_Arel	1	0	1	.txt:1
Dota Mod Project/Tools/HeroWorkshop2/items/I04W__I04W	2	134	1	.json:1, .txt:1
Dota Mod Project/Tools/HeroWorkshop2/items/I04W__I04W/slots	1	0	0	.txt:1
Dota Mod Project/Tools/HeroWorkshop2/items/I04W__I04W/slots/01_AIi6	1	0	1	.txt:1
Dota Mod Project/Tools/HeroWorkshop2/items/I04X__I04X	4	266	1	.txt:3, .json:1
Dota Mod Project/Tools/HeroWorkshop2/items/I04X__I04X/slots	3	0	0	.txt:3
Dota Mod Project/Tools/HeroWorkshop2/items/I04X__I04X/slots/01_AItx	1	0	1	.txt:1
Dota Mod Project/Tools/HeroWorkshop2/items/I04X__I04X/slots/02_AItx	1	0	1	.txt:1
Dota Mod Project/Tools/HeroWorkshop2/items/I04X__I04X/slots/03_AItx	1	0	1	.txt:1
Dota Mod Project/Tools/HeroWorkshop2/items/I04Y__I04Y	2	134	1	.json:1, .txt:1
Dota Mod Project/Tools/HeroWorkshop2/items/I04Y__I04Y/slots	1	0	0	.txt:1
Dota Mod Project/Tools/HeroWorkshop2/items/I04Y__I04Y/slots/01_AIa3	1	0	1	.txt:1
Dota Mod Project/Tools/HeroWorkshop2/items/I04Z__I04Z	2	134	1	.json:1, .txt:1
Dota Mod Project/Tools/HeroWorkshop2/items/I04Z__I04Z/slots	1	0	0	.txt:1
Dota Mod Project/Tools/HeroWorkshop2/items/I04Z__I04Z/slots/01_AIrm	1	0	1	.txt:1
Dota Mod Project/Tools/HeroWorkshop2/items/I050__I050	4	266	1	.txt:3, .json:1
Dota Mod Project/Tools/HeroWorkshop2/items/I050__I050/slots	3	0	0	.txt:3
Dota Mod Project/Tools/HeroWorkshop2/items/I050__I050/slots/01_AIi1	1	0	1	.txt:1
Dota Mod Project/Tools/HeroWorkshop2/items/I050__I050/slots/02_AIi6	1	0	1	.txt:1
Dota Mod Project/Tools/HeroWorkshop2/items/I050__I050/slots/03_AIi3	1	0	1	.txt:1
Dota Mod Project/Tools/HeroWorkshop2/items/I051__I051	2	134	1	.json:1, .txt:1
Dota Mod Project/Tools/HeroWorkshop2/items/I051__I051/slots	1	0	0	.txt:1
Dota Mod Project/Tools/HeroWorkshop2/items/I051__I051/slots/01_A0EA	1	0	1	.txt:1
Dota Mod Project/Tools/HeroWorkshop2/items/I052__I052	3	200	1	.txt:2, .json:1
Dota Mod Project/Tools/HeroWorkshop2/items/I052__I052/slots	2	0	0	.txt:2
Dota Mod Project/Tools/HeroWorkshop2/items/I052__I052/slots/01_AIx5	1	0	1	.txt:1
Dota Mod Project/Tools/HeroWorkshop2/items/I052__I052/slots/02_AIx5	1	0	1	.txt:1
Dota Mod Project/Tools/HeroWorkshop2/items/I053__I053	3	200	1	.txt:2, .json:1
Dota Mod Project/Tools/HeroWorkshop2/items/I053__I053/slots	2	0	0	.txt:2
Dota Mod Project/Tools/HeroWorkshop2/items/I053__I053/slots/01_AIlz	1	0	1	.txt:1
Dota Mod Project/Tools/HeroWorkshop2/items/I053__I053/slots/02_AIl1	1	0	1	.txt:1
Dota Mod Project/Tools/HeroWorkshop2/items/I054__I054	2	134	1	.json:1, .txt:1
Dota Mod Project/Tools/HeroWorkshop2/items/I054__I054/slots	1	0	0	.txt:1
Dota Mod Project/Tools/HeroWorkshop2/items/I054__I054/slots/01_A0IA	1	0	1	.txt:1
Dota Mod Project/Tools/HeroWorkshop2/items/I055__I055	3	200	1	.txt:2, .json:1
Dota Mod Project/Tools/HeroWorkshop2/items/I055__I055/slots	2	0	0	.txt:2
Dota Mod Project/Tools/HeroWorkshop2/items/I055__I055/slots/01_AItf	1	0	1	.txt:1
Dota Mod Project/Tools/HeroWorkshop2/items/I055__I055/slots/02_AIt6	1	0	1	.txt:1
Dota Mod Project/Tools/HeroWorkshop2/items/I05C__I05C	2	134	1	.json:1, .txt:1
Dota Mod Project/Tools/HeroWorkshop2/items/I05C__I05C/slots	1	0	0	.txt:1
Dota Mod Project/Tools/HeroWorkshop2/items/I05C__I05C/slots/01_Aeat	1	0	1	.txt:1
Dota Mod Project/Tools/HeroWorkshop2/items/I05D__I05D	2	134	1	.json:1, .txt:1
Dota Mod Project/Tools/HeroWorkshop2/items/I05D__I05D/slots	1	0	0	.txt:1
Dota Mod Project/Tools/HeroWorkshop2/items/I05D__I05D/slots/01_AIpl	1	0	1	.txt:1
Dota Mod Project/Tools/HeroWorkshop2/items/I05F__I05F	2	134	1	.json:1, .txt:1
Dota Mod Project/Tools/HeroWorkshop2/items/I05F__I05F/slots	1	0	0	.txt:1
Dota Mod Project/Tools/HeroWorkshop2/items/I05F__I05F/slots/01_AIpr	1	0	1	.txt:1
Dota Mod Project/Tools/HeroWorkshop2/items/I05G__I05G	2	134	1	.json:1, .txt:1
Dota Mod Project/Tools/HeroWorkshop2/items/I05G__I05G/slots	1	0	0	.txt:1
Dota Mod Project/Tools/HeroWorkshop2/items/I05G__I05G/slots/01_A2WH	1	0	1	.txt:1
Dota Mod Project/Tools/HeroWorkshop2/items/I05H__I05H	2	134	1	.json:1, .txt:1
Dota Mod Project/Tools/HeroWorkshop2/items/I05H__I05H/slots	1	0	0	.txt:1
Dota Mod Project/Tools/HeroWorkshop2/items/I05H__I05H/slots/01_A2WI	1	0	1	.txt:1
Dota Mod Project/Tools/HeroWorkshop2/items/I05I__I05I	2	134	1	.json:1, .txt:1
Dota Mod Project/Tools/HeroWorkshop2/items/I05I__I05I/slots	1	0	0	.txt:1
Dota Mod Project/Tools/HeroWorkshop2/items/I05I__I05I/slots/01_A1R5	1	0	1	.txt:1
Dota Mod Project/Tools/HeroWorkshop2/items/I05J__I05J	2	134	1	.json:1, .txt:1
Dota Mod Project/Tools/HeroWorkshop2/items/I05J__I05J/slots	1	0	0	.txt:1
Dota Mod Project/Tools/HeroWorkshop2/items/I05J__I05J/slots/01_A0B6	1	0	1	.txt:1
Dota Mod Project/Tools/HeroWorkshop2/items/I05R__I05R	2	134	1	.json:1, .txt:1
Dota Mod Project/Tools/HeroWorkshop2/items/I05R__I05R/slots	1	0	0	.txt:1
Dota Mod Project/Tools/HeroWorkshop2/items/I05R__I05R/slots/01_A3FA	1	0	1	.txt:1
Dota Mod Project/Tools/HeroWorkshop2/items/I05S__I05S	2	134	1	.json:1, .txt:1
Dota Mod Project/Tools/HeroWorkshop2/items/I05S__I05S/slots	1	0	0	.txt:1
Dota Mod Project/Tools/HeroWorkshop2/items/I05S__I05S/slots/01_A3FA	1	0	1	.txt:1
Dota Mod Project/Tools/HeroWorkshop2/items/I05T__I05T	2	134	1	.json:1, .txt:1
Dota Mod Project/Tools/HeroWorkshop2/items/I05T__I05T/slots	1	0	0	.txt:1
Dota Mod Project/Tools/HeroWorkshop2/items/I05T__I05T/slots/01_A3FA	1	0	1	.txt:1
Dota Mod Project/Tools/HeroWorkshop2/items/I05U__I05U	2	134	1	.json:1, .txt:1
Dota Mod Project/Tools/HeroWorkshop2/items/I05U__I05U/slots	1	0	0	.txt:1
Dota Mod Project/Tools/HeroWorkshop2/items/I05U__I05U/slots/01_A3FA	1	0	1	.txt:1
Dota Mod Project/Tools/HeroWorkshop2/items/I05V__I05V	2	134	1	.json:1, .txt:1
Dota Mod Project/Tools/HeroWorkshop2/items/I05V__I05V/slots	1	0	0	.txt:1
Dota Mod Project/Tools/HeroWorkshop2/items/I05V__I05V/slots/01_A3FA	1	0	1	.txt:1
Dota Mod Project/Tools/HeroWorkshop2/items/I05W__I05W	2	134	1	.json:1, .txt:1
Dota Mod Project/Tools/HeroWorkshop2/items/I05W__I05W/slots	1	0	0	.txt:1
Dota Mod Project/Tools/HeroWorkshop2/items/I05W__I05W/slots/01_A3FA	1	0	1	.txt:1
Dota Mod Project/Tools/HeroWorkshop2/items/I05X__I05X	2	134	1	.json:1, .txt:1
Dota Mod Project/Tools/HeroWorkshop2/items/I05X__I05X/slots	1	0	0	.txt:1
Dota Mod Project/Tools/HeroWorkshop2/items/I05X__I05X/slots/01_A3FA	1	0	1	.txt:1
Dota Mod Project/Tools/HeroWorkshop2/items/I05Y__I05Y	5	332	1	.txt:4, .json:1
Dota Mod Project/Tools/HeroWorkshop2/items/I05Y__I05Y/slots	4	0	0	.txt:4
Dota Mod Project/Tools/HeroWorkshop2/items/I05Y__I05Y/slots/01_A14A	1	0	1	.txt:1
Dota Mod Project/Tools/HeroWorkshop2/items/I05Y__I05Y/slots/02_A3AY	1	0	1	.txt:1
Dota Mod Project/Tools/HeroWorkshop2/items/I05Y__I05Y/slots/03_A05U	1	0	1	.txt:1
Dota Mod Project/Tools/HeroWorkshop2/items/I05Y__I05Y/slots/04_A1HE	1	0	1	.txt:1
Dota Mod Project/Tools/HeroWorkshop2/items/I05Z__I05Z	5	332	1	.txt:4, .json:1
Dota Mod Project/Tools/HeroWorkshop2/items/I05Z__I05Z/slots	4	0	0	.txt:4
Dota Mod Project/Tools/HeroWorkshop2/items/I05Z__I05Z/slots/01_A14A	1	0	1	.txt:1
Dota Mod Project/Tools/HeroWorkshop2/items/I05Z__I05Z/slots/02_A1WM	1	0	1	.txt:1
Dota Mod Project/Tools/HeroWorkshop2/items/I05Z__I05Z/slots/03_A05U	1	0	1	.txt:1
Dota Mod Project/Tools/HeroWorkshop2/items/I05Z__I05Z/slots/04_A1HE	1	0	1	.txt:1
Dota Mod Project/Tools/HeroWorkshop2/items/I062__I062	4	266	1	.txt:3, .json:1
Dota Mod Project/Tools/HeroWorkshop2/items/I062__I062/slots	3	0	0	.txt:3
Dota Mod Project/Tools/HeroWorkshop2/items/I062__I062/slots/01_A0EX	1	0	1	.txt:1
Dota Mod Project/Tools/HeroWorkshop2/items/I062__I062/slots/02_A02D	1	0	1	.txt:1
Dota Mod Project/Tools/HeroWorkshop2/items/I062__I062/slots/03_AItn	1	0	1	.txt:1
Dota Mod Project/Tools/HeroWorkshop2/items/I063__I063	3	200	1	.txt:2, .json:1
Dota Mod Project/Tools/HeroWorkshop2/items/I063__I063/slots	2	0	0	.txt:2
Dota Mod Project/Tools/HeroWorkshop2/items/I063__I063/slots/01_AIau	1	0	1	.txt:1
Dota Mod Project/Tools/HeroWorkshop2/items/I063__I063/slots/02_AIx2	1	0	1	.txt:1
Dota Mod Project/Tools/HeroWorkshop2/items/I066__I066	4	266	1	.txt:3, .json:1
Dota Mod Project/Tools/HeroWorkshop2/items/I066__I066/slots	3	0	0	.txt:3
Dota Mod Project/Tools/HeroWorkshop2/items/I066__I066/slots/01_AIda	1	0	1	.txt:1
Dota Mod Project/Tools/HeroWorkshop2/items/I066__I066/slots/02_AIx2	1	0	1	.txt:1
Dota Mod Project/Tools/HeroWorkshop2/items/I066__I066/slots/03_AId5	1	0	1	.txt:1
Dota Mod Project/Tools/HeroWorkshop2/items/I067__I067	5	332	1	.txt:4, .json:1
Dota Mod Project/Tools/HeroWorkshop2/items/I067__I067/slots	4	0	0	.txt:4
Dota Mod Project/Tools/HeroWorkshop2/items/I067__I067/slots/01_A269	1	0	1	.txt:1
Dota Mod Project/Tools/HeroWorkshop2/items/I067__I067/slots/02_A1WO	1	0	1	.txt:1
Dota Mod Project/Tools/HeroWorkshop2/items/I067__I067/slots/03_AIad	1	0	1	.txt:1
Dota Mod Project/Tools/HeroWorkshop2/items/I067__I067/slots/04_A269	1	0	1	.txt:1
Dota Mod Project/Tools/HeroWorkshop2/items/I06A__I06A	5	332	1	.txt:4, .json:1
Dota Mod Project/Tools/HeroWorkshop2/items/I06A__I06A/slots	4	0	0	.txt:4
Dota Mod Project/Tools/HeroWorkshop2/items/I06A__I06A/slots/01_A269	1	0	1	.txt:1
Dota Mod Project/Tools/HeroWorkshop2/items/I06A__I06A/slots/02_A1WO	1	0	1	.txt:1
Dota Mod Project/Tools/HeroWorkshop2/items/I06A__I06A/slots/03_A0PX	1	0	1	.txt:1
Dota Mod Project/Tools/HeroWorkshop2/items/I06A__I06A/slots/04_A269	1	0	1	.txt:1
Dota Mod Project/Tools/HeroWorkshop2/items/I06B__I06B	3	200	1	.txt:2, .json:1
Dota Mod Project/Tools/HeroWorkshop2/items/I06B__I06B/slots	2	0	0	.txt:2
Dota Mod Project/Tools/HeroWorkshop2/items/I06B__I06B/slots/01_A231	1	0	1	.txt:1
Dota Mod Project/Tools/HeroWorkshop2/items/I06B__I06B/slots/02_A00D	1	0	1	.txt:1
Dota Mod Project/Tools/HeroWorkshop2/items/I06D__I06D	3	200	1	.txt:2, .json:1
Dota Mod Project/Tools/HeroWorkshop2/items/I06D__I06D/slots	2	0	0	.txt:2
Dota Mod Project/Tools/HeroWorkshop2/items/I06D__I06D/slots/01_A28Y	1	0	1	.txt:1
Dota Mod Project/Tools/HeroWorkshop2/items/I06D__I06D/slots/02_A0HD	1	0	1	.txt:1
Dota Mod Project/Tools/HeroWorkshop2/items/I06F__I06F	5	332	1	.txt:4, .json:1
Dota Mod Project/Tools/HeroWorkshop2/items/I06F__I06F/slots	4	0	0	.txt:4
Dota Mod Project/Tools/HeroWorkshop2/items/I06F__I06F/slots/01_A09I	1	0	1	.txt:1
Dota Mod Project/Tools/HeroWorkshop2/items/I06F__I06F/slots/02_AItf	1	0	1	.txt:1
Dota Mod Project/Tools/HeroWorkshop2/items/I06F__I06F/slots/03_AIi6	1	0	1	.txt:1
Dota Mod Project/Tools/HeroWorkshop2/items/I06F__I06F/slots/04_A0UY	1	0	1	.txt:1
Dota Mod Project/Tools/HeroWorkshop2/items/I06H__I06H	5	332	1	.txt:4, .json:1
Dota Mod Project/Tools/HeroWorkshop2/items/I06H__I06H/slots	4	0	0	.txt:4
Dota Mod Project/Tools/HeroWorkshop2/items/I06H__I06H/slots/01_AIx2	1	0	1	.txt:1
Dota Mod Project/Tools/HeroWorkshop2/items/I06H__I06H/slots/02_AIx1	1	0	1	.txt:1
Dota Mod Project/Tools/HeroWorkshop2/items/I06H__I06H/slots/03_AIs3	1	0	1	.txt:1
Dota Mod Project/Tools/HeroWorkshop2/items/I06H__I06H/slots/04_AIat	1	0	1	.txt:1
Dota Mod Project/Tools/HeroWorkshop2/items/I06J__I06J	4	266	1	.txt:3, .json:1
Dota Mod Project/Tools/HeroWorkshop2/items/I06J__I06J/slots	3	0	0	.txt:3
Dota Mod Project/Tools/HeroWorkshop2/items/I06J__I06J/slots/01_AIa3	1	0	1	.txt:1
Dota Mod Project/Tools/HeroWorkshop2/items/I06J__I06J/slots/02_A0KS	1	0	1	.txt:1
Dota Mod Project/Tools/HeroWorkshop2/items/I06J__I06J/slots/03_AIat	1	0	1	.txt:1
Dota Mod Project/Tools/HeroWorkshop2/items/I06L__I06L	5	332	1	.txt:4, .json:1
Dota Mod Project/Tools/HeroWorkshop2/items/I06L__I06L/slots	4	0	0	.txt:4
Dota Mod Project/Tools/HeroWorkshop2/items/I06L__I06L/slots/01_AIx2	1	0	1	.txt:1
Dota Mod Project/Tools/HeroWorkshop2/items/I06L__I06L/slots/02_AIx1	1	0	1	.txt:1
Dota Mod Project/Tools/HeroWorkshop2/items/I06L__I06L/slots/03_AIi3	1	0	1	.txt:1
Dota Mod Project/Tools/HeroWorkshop2/items/I06L__I06L/slots/04_AIat	1	0	1	.txt:1
Dota Mod Project/Tools/HeroWorkshop2/items/I06O__I06O	2	134	1	.json:1, .txt:1
Dota Mod Project/Tools/HeroWorkshop2/items/I06O__I06O/slots	1	0	0	.txt:1
Dota Mod Project/Tools/HeroWorkshop2/items/I06O__I06O/slots/01_A3FA	1	0	1	.txt:1
Dota Mod Project/Tools/HeroWorkshop2/items/I06P__I06P	2	134	1	.json:1, .txt:1
Dota Mod Project/Tools/HeroWorkshop2/items/I06P__I06P/slots	1	0	0	.txt:1
Dota Mod Project/Tools/HeroWorkshop2/items/I06P__I06P/slots/01_A3FA	1	0	1	.txt:1
Dota Mod Project/Tools/HeroWorkshop2/items/I06S__I06S	2	134	1	.json:1, .txt:1
Dota Mod Project/Tools/HeroWorkshop2/items/I06S__I06S/slots	1	0	0	.txt:1
Dota Mod Project/Tools/HeroWorkshop2/items/I06S__I06S/slots/01_A3FA	1	0	1	.txt:1
Dota Mod Project/Tools/HeroWorkshop2/items/I06V__I06V	2	134	1	.json:1, .txt:1
Dota Mod Project/Tools/HeroWorkshop2/items/I06V__I06V/slots	1	0	0	.txt:1
Dota Mod Project/Tools/HeroWorkshop2/items/I06V__I06V/slots/01_A3FA	1	0	1	.txt:1
Dota Mod Project/Tools/HeroWorkshop2/items/I06Y__I06Y	2	134	1	.json:1, .txt:1
Dota Mod Project/Tools/HeroWorkshop2/items/I06Y__I06Y/slots	1	0	0	.txt:1
Dota Mod Project/Tools/HeroWorkshop2/items/I06Y__I06Y/slots/01_A3FA	1	0	1	.txt:1
Dota Mod Project/Tools/HeroWorkshop2/items/I06Z__I06Z	2	134	1	.json:1, .txt:1
Dota Mod Project/Tools/HeroWorkshop2/items/I06Z__I06Z/slots	1	0	0	.txt:1
Dota Mod Project/Tools/HeroWorkshop2/items/I06Z__I06Z/slots/01_A3FA	1	0	1	.txt:1
Dota Mod Project/Tools/HeroWorkshop2/items/I072__I072	2	134	1	.json:1, .txt:1
Dota Mod Project/Tools/HeroWorkshop2/items/I072__I072/slots	1	0	0	.txt:1
Dota Mod Project/Tools/HeroWorkshop2/items/I072__I072/slots/01_A3FA	1	0	1	.txt:1
Dota Mod Project/Tools/HeroWorkshop2/items/I073__I073	2	134	1	.json:1, .txt:1
Dota Mod Project/Tools/HeroWorkshop2/items/I073__I073/slots	1	0	0	.txt:1
Dota Mod Project/Tools/HeroWorkshop2/items/I073__I073/slots/01_A3FA	1	0	1	.txt:1
Dota Mod Project/Tools/HeroWorkshop2/items/I07V__I07V	2	134	1	.json:1, .txt:1
Dota Mod Project/Tools/HeroWorkshop2/items/I07V__I07V/slots	1	0	0	.txt:1
Dota Mod Project/Tools/HeroWorkshop2/items/I07V__I07V/slots/01_A3FA	1	0	1	.txt:1
Dota Mod Project/Tools/HeroWorkshop2/items/I07W__I07W	2	134	1	.json:1, .txt:1
Dota Mod Project/Tools/HeroWorkshop2/items/I07W__I07W/slots	1	0	0	.txt:1
Dota Mod Project/Tools/HeroWorkshop2/items/I07W__I07W/slots/01_A3FA	1	0	1	.txt:1
Dota Mod Project/Tools/HeroWorkshop2/items/I07X__I07X	2	134	1	.json:1, .txt:1
Dota Mod Project/Tools/HeroWorkshop2/items/I07X__I07X/slots	1	0	0	.txt:1
Dota Mod Project/Tools/HeroWorkshop2/items/I07X__I07X/slots/01_A3FA	1	0	1	.txt:1
Dota Mod Project/Tools/HeroWorkshop2/items/I07Y__I07Y	2	134	1	.json:1, .txt:1
Dota Mod Project/Tools/HeroWorkshop2/items/I07Y__I07Y/slots	1	0	0	.txt:1
Dota Mod Project/Tools/HeroWorkshop2/items/I07Y__I07Y/slots/01_A3FA	1	0	1	.txt:1
Dota Mod Project/Tools/HeroWorkshop2/items/I080__I080	2	134	1	.json:1, .txt:1
Dota Mod Project/Tools/HeroWorkshop2/items/I080__I080/slots	1	0	0	.txt:1
Dota Mod Project/Tools/HeroWorkshop2/items/I080__I080/slots/01_A3FA	1	0	1	.txt:1
Dota Mod Project/Tools/HeroWorkshop2/items/I081__I081	2	134	1	.json:1, .txt:1
Dota Mod Project/Tools/HeroWorkshop2/items/I081__I081/slots	1	0	0	.txt:1
Dota Mod Project/Tools/HeroWorkshop2/items/I081__I081/slots/01_A3FA	1	0	1	.txt:1
Dota Mod Project/Tools/HeroWorkshop2/items/I083__I083	2	134	1	.json:1, .txt:1
Dota Mod Project/Tools/HeroWorkshop2/items/I083__I083/slots	1	0	0	.txt:1
Dota Mod Project/Tools/HeroWorkshop2/items/I083__I083/slots/01_A3FA	1	0	1	.txt:1
Dota Mod Project/Tools/HeroWorkshop2/items/I088__I088	2	134	1	.json:1, .txt:1
Dota Mod Project/Tools/HeroWorkshop2/items/I088__I088/slots	1	0	0	.txt:1
Dota Mod Project/Tools/HeroWorkshop2/items/I088__I088/slots/01_A3FA	1	0	1	.txt:1
Dota Mod Project/Tools/HeroWorkshop2/items/I08B__I08B	2	134	1	.json:1, .txt:1
Dota Mod Project/Tools/HeroWorkshop2/items/I08B__I08B/slots	1	0	0	.txt:1
Dota Mod Project/Tools/HeroWorkshop2/items/I08B__I08B/slots/01_A3FA	1	0	1	.txt:1
Dota Mod Project/Tools/HeroWorkshop2/items/I08C__I08C	2	134	1	.json:1, .txt:1
Dota Mod Project/Tools/HeroWorkshop2/items/I08C__I08C/slots	1	0	0	.txt:1
Dota Mod Project/Tools/HeroWorkshop2/items/I08C__I08C/slots/01_A3FA	1	0	1	.txt:1
Dota Mod Project/Tools/HeroWorkshop2/items/I08D__I08D	2	134	1	.json:1, .txt:1
Dota Mod Project/Tools/HeroWorkshop2/items/I08D__I08D/slots	1	0	0	.txt:1
Dota Mod Project/Tools/HeroWorkshop2/items/I08D__I08D/slots/01_A3FA	1	0	1	.txt:1
Dota Mod Project/Tools/HeroWorkshop2/items/I08G__I08G	3	200	1	.txt:2, .json:1
Dota Mod Project/Tools/HeroWorkshop2/items/I08G__I08G/slots	2	0	0	.txt:2
Dota Mod Project/Tools/HeroWorkshop2/items/I08G__I08G/slots/01_AIae	1	0	1	.txt:1
Dota Mod Project/Tools/HeroWorkshop2/items/I08G__I08G/slots/02_A0M6	1	0	1	.txt:1
Dota Mod Project/Tools/HeroWorkshop2/items/I08H__I08H	3	200	1	.txt:2, .json:1
Dota Mod Project/Tools/HeroWorkshop2/items/I08H__I08H/slots	2	0	0	.txt:2
Dota Mod Project/Tools/HeroWorkshop2/items/I08H__I08H/slots/01_A1GY	1	0	1	.txt:1
Dota Mod Project/Tools/HeroWorkshop2/items/I08H__I08H/slots/02_A0M7	1	0	1	.txt:1
Dota Mod Project/Tools/HeroWorkshop2/items/I08K__I08K	3	200	1	.txt:2, .json:1
Dota Mod Project/Tools/HeroWorkshop2/items/I08K__I08K/slots	2	0	0	.txt:2
Dota Mod Project/Tools/HeroWorkshop2/items/I08K__I08K/slots/01_A3AH	1	0	1	.txt:1
Dota Mod Project/Tools/HeroWorkshop2/items/I08K__I08K/slots/02_A3AI	1	0	1	.txt:1
Dota Mod Project/Tools/HeroWorkshop2/items/I08L__I08L	3	200	1	.txt:2, .json:1
Dota Mod Project/Tools/HeroWorkshop2/items/I08L__I08L/slots	2	0	0	.txt:2
Dota Mod Project/Tools/HeroWorkshop2/items/I08L__I08L/slots/01_A3AH	1	0	1	.txt:1
Dota Mod Project/Tools/HeroWorkshop2/items/I08L__I08L/slots/02_A3AI	1	0	1	.txt:1
Dota Mod Project/Tools/HeroWorkshop2/items/I08O__I08O	5	332	1	.txt:4, .json:1
Dota Mod Project/Tools/HeroWorkshop2/items/I08O__I08O/slots	4	0	0	.txt:4
Dota Mod Project/Tools/HeroWorkshop2/items/I08O__I08O/slots/01_A15W	1	0	1	.txt:1
Dota Mod Project/Tools/HeroWorkshop2/items/I08O__I08O/slots/02_A12X	1	0	1	.txt:1
Dota Mod Project/Tools/HeroWorkshop2/items/I08O__I08O/slots/03_A0EJ	1	0	1	.txt:1
Dota Mod Project/Tools/HeroWorkshop2/items/I08O__I08O/slots/04_A01Q	1	0	1	.txt:1
Dota Mod Project/Tools/HeroWorkshop2/items/I08P__I08P	4	266	1	.txt:3, .json:1
Dota Mod Project/Tools/HeroWorkshop2/items/I08P__I08P/slots	3	0	0	.txt:3
Dota Mod Project/Tools/HeroWorkshop2/items/I08P__I08P/slots/01_A0FJ	1	0	1	.txt:1
Dota Mod Project/Tools/HeroWorkshop2/items/I08P__I08P/slots/02_A1C1	1	0	1	.txt:1
Dota Mod Project/Tools/HeroWorkshop2/items/I08P__I08P/slots/03_A09X	1	0	1	.txt:1
Dota Mod Project/Tools/HeroWorkshop2/items/I08R__I08R	5	332	1	.txt:4, .json:1
Dota Mod Project/Tools/HeroWorkshop2/items/I08R__I08R/slots	4	0	0	.txt:4
Dota Mod Project/Tools/HeroWorkshop2/items/I08R__I08R/slots/01_AIpg	1	0	1	.txt:1
Dota Mod Project/Tools/HeroWorkshop2/items/I08R__I08R/slots/02_A32E	1	0	1	.txt:1
Dota Mod Project/Tools/HeroWorkshop2/items/I08R__I08R/slots/03_Afbt	1	0	1	.txt:1
Dota Mod Project/Tools/HeroWorkshop2/items/I08R__I08R/slots/04_AIi6	1	0	1	.txt:1
Dota Mod Project/Tools/HeroWorkshop2/items/I08T__I08T	3	200	1	.txt:2, .json:1
Dota Mod Project/Tools/HeroWorkshop2/items/I08T__I08T/slots	2	0	0	.txt:2
Dota Mod Project/Tools/HeroWorkshop2/items/I08T__I08T/slots/01_A2V4	1	0	1	.txt:1
Dota Mod Project/Tools/HeroWorkshop2/items/I08T__I08T/slots/02_A32H	1	0	1	.txt:1
Dota Mod Project/Tools/HeroWorkshop2/items/I08V__I08V	5	332	1	.txt:4, .json:1
Dota Mod Project/Tools/HeroWorkshop2/items/I08V__I08V/slots	4	0	0	.txt:4
Dota Mod Project/Tools/HeroWorkshop2/items/I08V__I08V/slots/01_AItx	1	0	1	.txt:1
Dota Mod Project/Tools/HeroWorkshop2/items/I08V__I08V/slots/02_A09P	1	0	1	.txt:1
Dota Mod Project/Tools/HeroWorkshop2/items/I08V__I08V/slots/03_AId5	1	0	1	.txt:1
Dota Mod Project/Tools/HeroWorkshop2/items/I08V__I08V/slots/04_A32G	1	0	1	.txt:1
Dota Mod Project/Tools/HeroWorkshop2/items/I08Y__I08Y	3	200	1	.txt:2, .json:1
Dota Mod Project/Tools/HeroWorkshop2/items/I08Y__I08Y/slots	2	0	0	.txt:2
Dota Mod Project/Tools/HeroWorkshop2/items/I08Y__I08Y/slots/01_AIxk	1	0	1	.txt:1
Dota Mod Project/Tools/HeroWorkshop2/items/I08Y__I08Y/slots/02_A0II	1	0	1	.txt:1
Dota Mod Project/Tools/HeroWorkshop2/items/I08Z__I08Z	4	266	1	.txt:3, .json:1
Dota Mod Project/Tools/HeroWorkshop2/items/I08Z__I08Z/slots	3	0	0	.txt:3
Dota Mod Project/Tools/HeroWorkshop2/items/I08Z__I08Z/slots/01_A1T7	1	0	1	.txt:1
Dota Mod Project/Tools/HeroWorkshop2/items/I08Z__I08Z/slots/02_A01Q	1	0	1	.txt:1
Dota Mod Project/Tools/HeroWorkshop2/items/I08Z__I08Z/slots/03_A05A	1	0	1	.txt:1
Dota Mod Project/Tools/HeroWorkshop2/items/I091__I091	5	332	1	.txt:4, .json:1
Dota Mod Project/Tools/HeroWorkshop2/items/I091__I091/slots	4	0	0	.txt:4
Dota Mod Project/Tools/HeroWorkshop2/items/I091__I091/slots/01_A018	1	0	1	.txt:1
Dota Mod Project/Tools/HeroWorkshop2/items/I091__I091/slots/02_A09M	1	0	1	.txt:1
Dota Mod Project/Tools/HeroWorkshop2/items/I091__I091/slots/03_A00M	1	0	1	.txt:1
Dota Mod Project/Tools/HeroWorkshop2/items/I091__I091/slots/04_A0IA	1	0	1	.txt:1
Dota Mod Project/Tools/HeroWorkshop2/items/I093__I093	5	332	1	.txt:4, .json:1
Dota Mod Project/Tools/HeroWorkshop2/items/I093__I093/slots	4	0	0	.txt:4
Dota Mod Project/Tools/HeroWorkshop2/items/I093__I093/slots/01_A0CK	1	0	1	.txt:1
Dota Mod Project/Tools/HeroWorkshop2/items/I093__I093/slots/02_A0MR	1	0	1	.txt:1
Dota Mod Project/Tools/HeroWorkshop2/items/I093__I093/slots/03_AId5	1	0	1	.txt:1
Dota Mod Project/Tools/HeroWorkshop2/items/I093__I093/slots/04_A0CD	1	0	1	.txt:1
Dota Mod Project/Tools/HeroWorkshop2/items/I095__I095	4	266	1	.txt:3, .json:1
Dota Mod Project/Tools/HeroWorkshop2/items/I095__I095/slots	3	0	0	.txt:3
Dota Mod Project/Tools/HeroWorkshop2/items/I095__I095/slots/01_A13C	1	0	1	.txt:1
Dota Mod Project/Tools/HeroWorkshop2/items/I095__I095/slots/02_A0CW	1	0	1	.txt:1
Dota Mod Project/Tools/HeroWorkshop2/items/I095__I095/slots/03_A13O	1	0	1	.txt:1
Dota Mod Project/Tools/HeroWorkshop2/items/I097__I097	3	200	1	.txt:2, .json:1
Dota Mod Project/Tools/HeroWorkshop2/items/I097__I097/slots	2	0	0	.txt:2
Dota Mod Project/Tools/HeroWorkshop2/items/I097__I097/slots/01_AIcb	1	0	1	.txt:1
Dota Mod Project/Tools/HeroWorkshop2/items/I097__I097/slots/02_A06C	1	0	1	.txt:1
Dota Mod Project/Tools/HeroWorkshop2/items/I099__I099	3	200	1	.txt:2, .json:1
Dota Mod Project/Tools/HeroWorkshop2/items/I099__I099/slots	2	0	0	.txt:2
Dota Mod Project/Tools/HeroWorkshop2/items/I099__I099/slots/01_A1FD	1	0	1	.txt:1
Dota Mod Project/Tools/HeroWorkshop2/items/I099__I099/slots/02_A3AP	1	0	1	.txt:1
Dota Mod Project/Tools/HeroWorkshop2/items/I09C__I09C	3	200	1	.txt:2, .json:1
Dota Mod Project/Tools/HeroWorkshop2/items/I09C__I09C/slots	2	0	0	.txt:2
Dota Mod Project/Tools/HeroWorkshop2/items/I09C__I09C/slots/01_A0PK	1	0	1	.txt:1
Dota Mod Project/Tools/HeroWorkshop2/items/I09C__I09C/slots/02_A207	1	0	1	.txt:1
Dota Mod Project/Tools/HeroWorkshop2/items/I09D__I09D	5	332	1	.txt:4, .json:1
Dota Mod Project/Tools/HeroWorkshop2/items/I09D__I09D/slots	4	0	0	.txt:4
Dota Mod Project/Tools/HeroWorkshop2/items/I09D__I09D/slots/01_A11G	1	0	1	.txt:1
Dota Mod Project/Tools/HeroWorkshop2/items/I09D__I09D/slots/02_A015	1	0	1	.txt:1
Dota Mod Project/Tools/HeroWorkshop2/items/I09D__I09D/slots/03_AIti	1	0	1	.txt:1
Dota Mod Project/Tools/HeroWorkshop2/items/I09D__I09D/slots/04_AItx	1	0	1	.txt:1
Dota Mod Project/Tools/HeroWorkshop2/items/I09F__I09F	4	266	1	.txt:3, .json:1
Dota Mod Project/Tools/HeroWorkshop2/items/I09F__I09F/slots	3	0	0	.txt:3
Dota Mod Project/Tools/HeroWorkshop2/items/I09F__I09F/slots/01_A0B8	1	0	1	.txt:1
Dota Mod Project/Tools/HeroWorkshop2/items/I09F__I09F/slots/02_AIae	1	0	1	.txt:1
Dota Mod Project/Tools/HeroWorkshop2/items/I09F__I09F/slots/03_A051	1	0	1	.txt:1
Dota Mod Project/Tools/HeroWorkshop2/items/I09H__I09H	4	266	1	.txt:3, .json:1
Dota Mod Project/Tools/HeroWorkshop2/items/I09H__I09H/slots	3	0	0	.txt:3
Dota Mod Project/Tools/HeroWorkshop2/items/I09H__I09H/slots/01_A017	1	0	1	.txt:1
Dota Mod Project/Tools/HeroWorkshop2/items/I09H__I09H/slots/02_A0EJ	1	0	1	.txt:1
Dota Mod Project/Tools/HeroWorkshop2/items/I09H__I09H/slots/03_A0PJ	1	0	1	.txt:1
Dota Mod Project/Tools/HeroWorkshop2/items/I09L__I09L	5	332	1	.txt:4, .json:1
Dota Mod Project/Tools/HeroWorkshop2/items/I09L__I09L/slots	4	0	0	.txt:4
Dota Mod Project/Tools/HeroWorkshop2/items/I09L__I09L/slots/01_A092	1	0	1	.txt:1
Dota Mod Project/Tools/HeroWorkshop2/items/I09L__I09L/slots/02_AIt9	1	0	1	.txt:1
Dota Mod Project/Tools/HeroWorkshop2/items/I09L__I09L/slots/03_A32D	1	0	1	.txt:1
Dota Mod Project/Tools/HeroWorkshop2/items/I09L__I09L/slots/04_A009	1	0	1	.txt:1
Dota Mod Project/Tools/HeroWorkshop2/items/I09M__I09M	5	332	1	.txt:4, .json:1
Dota Mod Project/Tools/HeroWorkshop2/items/I09M__I09M/slots	4	0	0	.txt:4
Dota Mod Project/Tools/HeroWorkshop2/items/I09M__I09M/slots/01_A02O	1	0	1	.txt:1
Dota Mod Project/Tools/HeroWorkshop2/items/I09M__I09M/slots/02_AIt9	1	0	1	.txt:1
Dota Mod Project/Tools/HeroWorkshop2/items/I09M__I09M/slots/03_A1YC	1	0	1	.txt:1
Dota Mod Project/Tools/HeroWorkshop2/items/I09M__I09M/slots/04_A009	1	0	1	.txt:1
Dota Mod Project/Tools/HeroWorkshop2/items/I09N__I09N	5	332	1	.txt:4, .json:1
Dota Mod Project/Tools/HeroWorkshop2/items/I09N__I09N/slots	4	0	0	.txt:4
Dota Mod Project/Tools/HeroWorkshop2/items/I09N__I09N/slots/01_A08Z	1	0	1	.txt:1
Dota Mod Project/Tools/HeroWorkshop2/items/I09N__I09N/slots/02_AIt9	1	0	1	.txt:1
Dota Mod Project/Tools/HeroWorkshop2/items/I09N__I09N/slots/03_A1YE	1	0	1	.txt:1
Dota Mod Project/Tools/HeroWorkshop2/items/I09N__I09N/slots/04_A009	1	0	1	.txt:1
Dota Mod Project/Tools/HeroWorkshop2/items/I09O__I09O	5	332	1	.txt:4, .json:1
Dota Mod Project/Tools/HeroWorkshop2/items/I09O__I09O/slots	4	0	0	.txt:4
Dota Mod Project/Tools/HeroWorkshop2/items/I09O__I09O/slots/01_A090	1	0	1	.txt:1
Dota Mod Project/Tools/HeroWorkshop2/items/I09O__I09O/slots/02_AIt9	1	0	1	.txt:1
Dota Mod Project/Tools/HeroWorkshop2/items/I09O__I09O/slots/03_A1YB	1	0	1	.txt:1
Dota Mod Project/Tools/HeroWorkshop2/items/I09O__I09O/slots/04_A009	1	0	1	.txt:1
Dota Mod Project/Tools/HeroWorkshop2/items/I09P__I09P	5	332	1	.txt:4, .json:1
Dota Mod Project/Tools/HeroWorkshop2/items/I09P__I09P/slots	4	0	0	.txt:4
Dota Mod Project/Tools/HeroWorkshop2/items/I09P__I09P/slots/01_A08Y	1	0	1	.txt:1
Dota Mod Project/Tools/HeroWorkshop2/items/I09P__I09P/slots/02_AIt9	1	0	1	.txt:1
Dota Mod Project/Tools/HeroWorkshop2/items/I09P__I09P/slots/03_A1YD	1	0	1	.txt:1
Dota Mod Project/Tools/HeroWorkshop2/items/I09P__I09P/slots/04_A009	1	0	1	.txt:1
Dota Mod Project/Tools/HeroWorkshop2/items/I09T__I09T	4	266	1	.txt:3, .json:1
Dota Mod Project/Tools/HeroWorkshop2/items/I09T__I09T/slots	3	0	0	.txt:3
Dota Mod Project/Tools/HeroWorkshop2/items/I09T__I09T/slots/01_A0HB	1	0	1	.txt:1
Dota Mod Project/Tools/HeroWorkshop2/items/I09T__I09T/slots/02_A096	1	0	1	.txt:1
Dota Mod Project/Tools/HeroWorkshop2/items/I09T__I09T/slots/03_A014	1	0	1	.txt:1
Dota Mod Project/Tools/HeroWorkshop2/items/I09X__I09X	4	266	1	.txt:3, .json:1
Dota Mod Project/Tools/HeroWorkshop2/items/I09X__I09X/slots	3	0	0	.txt:3
Dota Mod Project/Tools/HeroWorkshop2/items/I09X__I09X/slots/01_A0D3	1	0	1	.txt:1
Dota Mod Project/Tools/HeroWorkshop2/items/I09X__I09X/slots/02_A098	1	0	1	.txt:1
Dota Mod Project/Tools/HeroWorkshop2/items/I09X__I09X/slots/03_A1ZQ	1	0	1	.txt:1
Dota Mod Project/Tools/HeroWorkshop2/items/I09Y__I09Y	4	266	1	.txt:3, .json:1
Dota Mod Project/Tools/HeroWorkshop2/items/I09Y__I09Y/slots	3	0	0	.txt:3
Dota Mod Project/Tools/HeroWorkshop2/items/I09Y__I09Y/slots/01_A0DF	1	0	1	.txt:1
Dota Mod Project/Tools/HeroWorkshop2/items/I09Y__I09Y/slots/02_A09A	1	0	1	.txt:1
Dota Mod Project/Tools/HeroWorkshop2/items/I09Y__I09Y/slots/03_A1ZR	1	0	1	.txt:1
Dota Mod Project/Tools/HeroWorkshop2/items/I09Z__I09Z	3	200	1	.txt:2, .json:1
Dota Mod Project/Tools/HeroWorkshop2/items/I09Z__I09Z/slots	2	0	0	.txt:2
Dota Mod Project/Tools/HeroWorkshop2/items/I09Z__I09Z/slots/01_A2VE	1	0	1	.txt:1
Dota Mod Project/Tools/HeroWorkshop2/items/I09Z__I09Z/slots/02_A2K9	1	0	1	.txt:1
Dota Mod Project/Tools/HeroWorkshop2/items/I0A1__I0A1	2	134	1	.json:1, .txt:1
Dota Mod Project/Tools/HeroWorkshop2/items/I0A1__I0A1/slots	1	0	0	.txt:1
Dota Mod Project/Tools/HeroWorkshop2/items/I0A1__I0A1/slots/01_A3AR	1	0	1	.txt:1
Dota Mod Project/Tools/HeroWorkshop2/items/I0A3__I0A3	3	200	1	.txt:2, .json:1
Dota Mod Project/Tools/HeroWorkshop2/items/I0A3__I0A3/slots	2	0	0	.txt:2
Dota Mod Project/Tools/HeroWorkshop2/items/I0A3__I0A3/slots/01_A09O	1	0	1	.txt:1
Dota Mod Project/Tools/HeroWorkshop2/items/I0A3__I0A3/slots/02_A1V2	1	0	1	.txt:1
Dota Mod Project/Tools/HeroWorkshop2/items/I0A5__I0A5	5	332	1	.txt:4, .json:1
Dota Mod Project/Tools/HeroWorkshop2/items/I0A5__I0A5/slots	4	0	0	.txt:4
Dota Mod Project/Tools/HeroWorkshop2/items/I0A5__I0A5/slots/01_A1FO	1	0	1	.txt:1
Dota Mod Project/Tools/HeroWorkshop2/items/I0A5__I0A5/slots/02_A1BY	1	0	1	.txt:1
Dota Mod Project/Tools/HeroWorkshop2/items/I0A5__I0A5/slots/03_A1FQ	1	0	1	.txt:1
Dota Mod Project/Tools/HeroWorkshop2/items/I0A5__I0A5/slots/04_A1FO	1	0	1	.txt:1
Dota Mod Project/Tools/HeroWorkshop2/items/I0A8__I0A8	3	200	1	.txt:2, .json:1
Dota Mod Project/Tools/HeroWorkshop2/items/I0A8__I0A8/slots	2	0	0	.txt:2
Dota Mod Project/Tools/HeroWorkshop2/items/I0A8__I0A8/slots/01_A1IO	1	0	1	.txt:1
Dota Mod Project/Tools/HeroWorkshop2/items/I0A8__I0A8/slots/02_A09T	1	0	1	.txt:1
Dota Mod Project/Tools/HeroWorkshop2/items/I0A9__I0A9	4	266	1	.txt:3, .json:1
Dota Mod Project/Tools/HeroWorkshop2/items/I0A9__I0A9/slots	3	0	0	.txt:3
Dota Mod Project/Tools/HeroWorkshop2/items/I0A9__I0A9/slots/01_AIl2	1	0	1	.txt:1
Dota Mod Project/Tools/HeroWorkshop2/items/I0A9__I0A9/slots/02_A1HJ	1	0	1	.txt:1
Dota Mod Project/Tools/HeroWorkshop2/items/I0A9__I0A9/slots/03_A3LB	1	0	1	.txt:1
Dota Mod Project/Tools/HeroWorkshop2/items/I0AB__I0AB	3	200	1	.txt:2, .json:1
Dota Mod Project/Tools/HeroWorkshop2/items/I0AB__I0AB/slots	2	0	0	.txt:2
Dota Mod Project/Tools/HeroWorkshop2/items/I0AB__I0AB/slots/01_A1FP	1	0	1	.txt:1
Dota Mod Project/Tools/HeroWorkshop2/items/I0AB__I0AB/slots/02_A3AN	1	0	1	.txt:1
Dota Mod Project/Tools/HeroWorkshop2/items/I0AE__I0AE	3	200	1	.txt:2, .json:1
Dota Mod Project/Tools/HeroWorkshop2/items/I0AE__I0AE/slots	2	0	0	.txt:2
Dota Mod Project/Tools/HeroWorkshop2/items/I0AE__I0AE/slots/01_A2V6	1	0	1	.txt:1
Dota Mod Project/Tools/HeroWorkshop2/items/I0AE__I0AE/slots/02_A2KV	1	0	1	.txt:1
Dota Mod Project/Tools/HeroWorkshop2/items/I0AF__I0AF	3	200	1	.txt:2, .json:1
Dota Mod Project/Tools/HeroWorkshop2/items/I0AF__I0AF/slots	2	0	0	.txt:2
Dota Mod Project/Tools/HeroWorkshop2/items/I0AF__I0AF/slots/01_A2V7	1	0	1	.txt:1
Dota Mod Project/Tools/HeroWorkshop2/items/I0AF__I0AF/slots/02_A2KV	1	0	1	.txt:1
Dota Mod Project/Tools/HeroWorkshop2/items/I0AI__I0AI	4	266	1	.txt:3, .json:1
Dota Mod Project/Tools/HeroWorkshop2/items/I0AI__I0AI/slots	3	0	0	.txt:3
Dota Mod Project/Tools/HeroWorkshop2/items/I0AI__I0AI/slots/01_A32B	1	0	1	.txt:1
Dota Mod Project/Tools/HeroWorkshop2/items/I0AI__I0AI/slots/02_AIev	1	0	1	.txt:1
Dota Mod Project/Tools/HeroWorkshop2/items/I0AI__I0AI/slots/03_A32C	1	0	1	.txt:1
Dota Mod Project/Tools/HeroWorkshop2/items/I0AJ__I0AJ	3	200	1	.txt:2, .json:1
Dota Mod Project/Tools/HeroWorkshop2/items/I0AJ__I0AJ/slots	2	0	0	.txt:2
Dota Mod Project/Tools/HeroWorkshop2/items/I0AJ__I0AJ/slots/01_A02W	1	0	1	.txt:1
Dota Mod Project/Tools/HeroWorkshop2/items/I0AJ__I0AJ/slots/02_A2KH	1	0	1	.txt:1
Dota Mod Project/Tools/HeroWorkshop2/items/I0AL__I0AL	4	266	1	.txt:3, .json:1
Dota Mod Project/Tools/HeroWorkshop2/items/I0AL__I0AL/slots	3	0	0	.txt:3
Dota Mod Project/Tools/HeroWorkshop2/items/I0AL__I0AL/slots/01_AChx	1	0	1	.txt:1
Dota Mod Project/Tools/HeroWorkshop2/items/I0AL__I0AL/slots/02_A0X9	1	0	1	.txt:1
Dota Mod Project/Tools/HeroWorkshop2/items/I0AL__I0AL/slots/03_A05A	1	0	1	.txt:1
Dota Mod Project/Tools/HeroWorkshop2/items/I0AM__I0AM	3	200	1	.txt:2, .json:1
Dota Mod Project/Tools/HeroWorkshop2/items/I0AM__I0AM/slots	2	0	0	.txt:2
Dota Mod Project/Tools/HeroWorkshop2/items/I0AM__I0AM/slots/01_A0H6	1	0	1	.txt:1
Dota Mod Project/Tools/HeroWorkshop2/items/I0AM__I0AM/slots/02_A2QG	1	0	1	.txt:1
Dota Mod Project/Tools/HeroWorkshop2/items/I0AN__I0AN	3	200	1	.txt:2, .json:1
Dota Mod Project/Tools/HeroWorkshop2/items/I0AN__I0AN/slots	2	0	0	.txt:2
Dota Mod Project/Tools/HeroWorkshop2/items/I0AN__I0AN/slots/01_A0FO	1	0	1	.txt:1
Dota Mod Project/Tools/HeroWorkshop2/items/I0AN__I0AN/slots/02_A2QG	1	0	1	.txt:1
Dota Mod Project/Tools/HeroWorkshop2/items/I0AO__I0AO	3	200	1	.txt:2, .json:1
Dota Mod Project/Tools/HeroWorkshop2/items/I0AO__I0AO/slots	2	0	0	.txt:2
Dota Mod Project/Tools/HeroWorkshop2/items/I0AO__I0AO/slots/01_A0FO	1	0	1	.txt:1
Dota Mod Project/Tools/HeroWorkshop2/items/I0AO__I0AO/slots/02_A2QG	1	0	1	.txt:1
Dota Mod Project/Tools/HeroWorkshop2/items/I0AP__I0AP	2	134	1	.json:1, .txt:1
Dota Mod Project/Tools/HeroWorkshop2/items/I0AP__I0AP/slots	1	0	0	.txt:1
Dota Mod Project/Tools/HeroWorkshop2/items/I0AP__I0AP/slots/01_A0FO	1	0	1	.txt:1
Dota Mod Project/Tools/HeroWorkshop2/items/I0AV__I0AV	3	200	1	.txt:2, .json:1
Dota Mod Project/Tools/HeroWorkshop2/items/I0AV__I0AV/slots	2	0	0	.txt:2
Dota Mod Project/Tools/HeroWorkshop2/items/I0AV__I0AV/slots/01_A0H6	1	0	1	.txt:1
Dota Mod Project/Tools/HeroWorkshop2/items/I0AV__I0AV/slots/02_A2QG	1	0	1	.txt:1
Dota Mod Project/Tools/HeroWorkshop2/items/I0AW__I0AW	2	134	1	.json:1, .txt:1
Dota Mod Project/Tools/HeroWorkshop2/items/I0AW__I0AW/slots	1	0	0	.txt:1
Dota Mod Project/Tools/HeroWorkshop2/items/I0AW__I0AW/slots/01_AIrc	1	0	1	.txt:1
Dota Mod Project/Tools/HeroWorkshop2/items/I0AY__I0AY	2	134	1	.json:1, .txt:1
Dota Mod Project/Tools/HeroWorkshop2/items/I0AY__I0AY/slots	1	0	0	.txt:1
Dota Mod Project/Tools/HeroWorkshop2/items/I0AY__I0AY/slots/01_A0TK	1	0	1	.txt:1
Dota Mod Project/Tools/HeroWorkshop2/items/I0B1__I0B1	2	134	1	.json:1, .txt:1
Dota Mod Project/Tools/HeroWorkshop2/items/I0B1__I0B1/slots	1	0	0	.txt:1
Dota Mod Project/Tools/HeroWorkshop2/items/I0B1__I0B1/slots/01_A0K0	1	0	1	.txt:1
Dota Mod Project/Tools/HeroWorkshop2/items/I0BA__I0BA	4	266	1	.txt:3, .json:1
Dota Mod Project/Tools/HeroWorkshop2/items/I0BA__I0BA/slots	3	0	0	.txt:3
Dota Mod Project/Tools/HeroWorkshop2/items/I0BA__I0BA/slots/01_A0AX	1	0	1	.txt:1
Dota Mod Project/Tools/HeroWorkshop2/items/I0BA__I0BA/slots/02_A0IO	1	0	1	.txt:1
Dota Mod Project/Tools/HeroWorkshop2/items/I0BA__I0BA/slots/03_A0H8	1	0	1	.txt:1
Dota Mod Project/Tools/HeroWorkshop2/items/I0BD__I0BD	4	266	1	.txt:3, .json:1
Dota Mod Project/Tools/HeroWorkshop2/items/I0BD__I0BD/slots	3	0	0	.txt:3
Dota Mod Project/Tools/HeroWorkshop2/items/I0BD__I0BD/slots/01_A0K7	1	0	1	.txt:1
Dota Mod Project/Tools/HeroWorkshop2/items/I0BD__I0BD/slots/02_A01C	1	0	1	.txt:1
Dota Mod Project/Tools/HeroWorkshop2/items/I0BD__I0BD/slots/03_AId4	1	0	1	.txt:1
Dota Mod Project/Tools/HeroWorkshop2/items/I0BE__I0BE	5	332	1	.txt:4, .json:1
Dota Mod Project/Tools/HeroWorkshop2/items/I0BE__I0BE/slots	4	0	0	.txt:4
Dota Mod Project/Tools/HeroWorkshop2/items/I0BE__I0BE/slots/01_A0JL	1	0	1	.txt:1
Dota Mod Project/Tools/HeroWorkshop2/items/I0BE__I0BE/slots/02_A0JH	1	0	1	.txt:1
Dota Mod Project/Tools/HeroWorkshop2/items/I0BE__I0BE/slots/03_A1C1	1	0	1	.txt:1
Dota Mod Project/Tools/HeroWorkshop2/items/I0BE__I0BE/slots/04_A1GX	1	0	1	.txt:1
Dota Mod Project/Tools/HeroWorkshop2/items/I0BG__I0BG	2	134	1	.json:1, .txt:1
Dota Mod Project/Tools/HeroWorkshop2/items/I0BG__I0BG/slots	1	0	0	.txt:1
Dota Mod Project/Tools/HeroWorkshop2/items/I0BG__I0BG/slots/01_A29F	1	0	1	.txt:1
Dota Mod Project/Tools/HeroWorkshop2/items/I0BJ__I0BJ	2	134	1	.json:1, .txt:1
Dota Mod Project/Tools/HeroWorkshop2/items/I0BJ__I0BJ/slots	1	0	0	.txt:1
Dota Mod Project/Tools/HeroWorkshop2/items/I0BJ__I0BJ/slots/01_A0Q5	1	0	1	.txt:1
Dota Mod Project/Tools/HeroWorkshop2/items/I0BK__I0BK	3	200	1	.txt:2, .json:1
Dota Mod Project/Tools/HeroWorkshop2/items/I0BK__I0BK/slots	2	0	0	.txt:2
Dota Mod Project/Tools/HeroWorkshop2/items/I0BK__I0BK/slots/01_A2TK	1	0	1	.txt:1
Dota Mod Project/Tools/HeroWorkshop2/items/I0BK__I0BK/slots/02_A353	1	0	1	.txt:1
Dota Mod Project/Tools/HeroWorkshop2/items/I0BM__I0BM	3	200	1	.txt:2, .json:1
Dota Mod Project/Tools/HeroWorkshop2/items/I0BM__I0BM/slots	2	0	0	.txt:2
Dota Mod Project/Tools/HeroWorkshop2/items/I0BM__I0BM/slots/01_A32K	1	0	1	.txt:1
Dota Mod Project/Tools/HeroWorkshop2/items/I0BM__I0BM/slots/02_A0PT	1	0	1	.txt:1
Dota Mod Project/Tools/HeroWorkshop2/items/I0DG__I0DG	2	134	1	.json:1, .txt:1
Dota Mod Project/Tools/HeroWorkshop2/items/I0DG__I0DG/slots	1	0	0	.txt:1
Dota Mod Project/Tools/HeroWorkshop2/items/I0DG__I0DG/slots/01_A14K	1	0	1	.txt:1
Dota Mod Project/Tools/HeroWorkshop2/items/I0DI__I0DI	2	134	1	.json:1, .txt:1
Dota Mod Project/Tools/HeroWorkshop2/items/I0DI__I0DI/slots	1	0	0	.txt:1
Dota Mod Project/Tools/HeroWorkshop2/items/I0DI__I0DI/slots/01_A0EX	1	0	1	.txt:1
Dota Mod Project/Tools/HeroWorkshop2/items/I0DJ__I0DJ	2	134	1	.json:1, .txt:1
Dota Mod Project/Tools/HeroWorkshop2/items/I0DJ__I0DJ/slots	1	0	0	.txt:1
Dota Mod Project/Tools/HeroWorkshop2/items/I0DJ__I0DJ/slots/01_Arel	1	0	1	.txt:1
Dota Mod Project/Tools/HeroWorkshop2/items/I0DK__I0DK	2	134	1	.json:1, .txt:1
Dota Mod Project/Tools/HeroWorkshop2/items/I0DK__I0DK/slots	1	0	0	.txt:1
Dota Mod Project/Tools/HeroWorkshop2/items/I0DK__I0DK/slots/01_AIrm	1	0	1	.txt:1
Dota Mod Project/Tools/HeroWorkshop2/items/I0DL__I0DL	2	134	1	.json:1, .txt:1
Dota Mod Project/Tools/HeroWorkshop2/items/I0DL__I0DL/slots	1	0	0	.txt:1
Dota Mod Project/Tools/HeroWorkshop2/items/I0DL__I0DL/slots/01_A0IA	1	0	1	.txt:1
Dota Mod Project/Tools/HeroWorkshop2/items/I0DM__I0DM	3	200	1	.txt:2, .json:1
Dota Mod Project/Tools/HeroWorkshop2/items/I0DM__I0DM/slots	2	0	0	.txt:2
Dota Mod Project/Tools/HeroWorkshop2/items/I0DM__I0DM/slots/01_A0H6	1	0	1	.txt:1
Dota Mod Project/Tools/HeroWorkshop2/items/I0DM__I0DM/slots/02_A2QG	1	0	1	.txt:1
Dota Mod Project/Tools/HeroWorkshop2/items/I0DN__I0DN	3	200	1	.txt:2, .json:1
Dota Mod Project/Tools/HeroWorkshop2/items/I0DN__I0DN/slots	2	0	0	.txt:2
Dota Mod Project/Tools/HeroWorkshop2/items/I0DN__I0DN/slots/01_A0H6	1	0	1	.txt:1
Dota Mod Project/Tools/HeroWorkshop2/items/I0DN__I0DN/slots/02_A2QG	1	0	1	.txt:1
Dota Mod Project/Tools/HeroWorkshop2/items/I0DO__I0DO	2	134	1	.json:1, .txt:1
Dota Mod Project/Tools/HeroWorkshop2/items/I0DO__I0DO/slots	1	0	0	.txt:1
Dota Mod Project/Tools/HeroWorkshop2/items/I0DO__I0DO/slots/01_A0FO	1	0	1	.txt:1
Dota Mod Project/Tools/HeroWorkshop2/items/I0DP__I0DP	2	134	1	.json:1, .txt:1
Dota Mod Project/Tools/HeroWorkshop2/items/I0DP__I0DP/slots	1	0	0	.txt:1
Dota Mod Project/Tools/HeroWorkshop2/items/I0DP__I0DP/slots/01_A0FO	1	0	1	.txt:1
Dota Mod Project/Tools/HeroWorkshop2/items/I0DQ__I0DQ	2	134	1	.json:1, .txt:1
Dota Mod Project/Tools/HeroWorkshop2/items/I0DQ__I0DQ/slots	1	0	0	.txt:1
Dota Mod Project/Tools/HeroWorkshop2/items/I0DQ__I0DQ/slots/01_A0FO	1	0	1	.txt:1
Dota Mod Project/Tools/HeroWorkshop2/items/I0DR__I0DR	2	134	1	.json:1, .txt:1
Dota Mod Project/Tools/HeroWorkshop2/items/I0DR__I0DR/slots	1	0	0	.txt:1
Dota Mod Project/Tools/HeroWorkshop2/items/I0DR__I0DR/slots/01_A0H7	1	0	1	.txt:1
Dota Mod Project/Tools/HeroWorkshop2/items/I0EV__I0EV	5	332	1	.txt:4, .json:1
Dota Mod Project/Tools/HeroWorkshop2/items/I0EV__I0EV/slots	4	0	0	.txt:4
Dota Mod Project/Tools/HeroWorkshop2/items/I0EV__I0EV/slots/01_AIpg	1	0	1	.txt:1
Dota Mod Project/Tools/HeroWorkshop2/items/I0EV__I0EV/slots/02_A32E	1	0	1	.txt:1
Dota Mod Project/Tools/HeroWorkshop2/items/I0EV__I0EV/slots/03_Afbt	1	0	1	.txt:1
Dota Mod Project/Tools/HeroWorkshop2/items/I0EV__I0EV/slots/04_AIi6	1	0	1	.txt:1
Dota Mod Project/Tools/HeroWorkshop2/items/I0FH__I0FH	2	134	1	.json:1, .txt:1
Dota Mod Project/Tools/HeroWorkshop2/items/I0FH__I0FH/slots	1	0	0	.txt:1
Dota Mod Project/Tools/HeroWorkshop2/items/I0FH__I0FH/slots/01_A0ZM	1	0	1	.txt:1
Dota Mod Project/Tools/HeroWorkshop2/items/I0FI__I0FI	2	134	1	.json:1, .txt:1
Dota Mod Project/Tools/HeroWorkshop2/items/I0FI__I0FI/slots	1	0	0	.txt:1
Dota Mod Project/Tools/HeroWorkshop2/items/I0FI__I0FI/slots/01_A0ZN	1	0	1	.txt:1
Dota Mod Project/Tools/HeroWorkshop2/items/I0FJ__I0FJ	2	134	1	.json:1, .txt:1
Dota Mod Project/Tools/HeroWorkshop2/items/I0FJ__I0FJ/slots	1	0	0	.txt:1
Dota Mod Project/Tools/HeroWorkshop2/items/I0FJ__I0FJ/slots/01_A0ZR	1	0	1	.txt:1
Dota Mod Project/Tools/HeroWorkshop2/items/I0FK__I0FK	2	134	1	.json:1, .txt:1
Dota Mod Project/Tools/HeroWorkshop2/items/I0FK__I0FK/slots	1	0	0	.txt:1
Dota Mod Project/Tools/HeroWorkshop2/items/I0FK__I0FK/slots/01_A0ZL	1	0	1	.txt:1
Dota Mod Project/Tools/HeroWorkshop2/items/I0FL__I0FL	2	134	1	.json:1, .txt:1
Dota Mod Project/Tools/HeroWorkshop2/items/I0FL__I0FL/slots	1	0	0	.txt:1
Dota Mod Project/Tools/HeroWorkshop2/items/I0FL__I0FL/slots/01_A0ZK	1	0	1	.txt:1
Dota Mod Project/Tools/HeroWorkshop2/items/I0FM__I0FM	2	134	1	.json:1, .txt:1
Dota Mod Project/Tools/HeroWorkshop2/items/I0FM__I0FM/slots	1	0	0	.txt:1
Dota Mod Project/Tools/HeroWorkshop2/items/I0FM__I0FM/slots/01_A0ZQ	1	0	1	.txt:1
Dota Mod Project/Tools/HeroWorkshop2/items/I0FN__I0FN	2	134	1	.json:1, .txt:1
Dota Mod Project/Tools/HeroWorkshop2/items/I0FN__I0FN/slots	1	0	0	.txt:1
Dota Mod Project/Tools/HeroWorkshop2/items/I0FN__I0FN/slots/01_A0ZO	1	0	1	.txt:1
Dota Mod Project/Tools/HeroWorkshop2/items/I0FO__I0FO	2	134	1	.json:1, .txt:1
Dota Mod Project/Tools/HeroWorkshop2/items/I0FO__I0FO/slots	1	0	0	.txt:1
Dota Mod Project/Tools/HeroWorkshop2/items/I0FO__I0FO/slots/01_A0ZP	1	0	1	.txt:1
Dota Mod Project/Tools/HeroWorkshop2/items/I0FP__I0FP	2	134	1	.json:1, .txt:1
Dota Mod Project/Tools/HeroWorkshop2/items/I0FP__I0FP/slots	1	0	0	.txt:1
Dota Mod Project/Tools/HeroWorkshop2/items/I0FP__I0FP/slots/01_A0ZX	1	0	1	.txt:1
Dota Mod Project/Tools/HeroWorkshop2/items/I0FQ__I0FQ	2	134	1	.json:1, .txt:1
Dota Mod Project/Tools/HeroWorkshop2/items/I0FQ__I0FQ/slots	1	0	0	.txt:1
Dota Mod Project/Tools/HeroWorkshop2/items/I0FQ__I0FQ/slots/01_A0ZV	1	0	1	.txt:1
Dota Mod Project/Tools/HeroWorkshop2/items/I0FR__I0FR	2	134	1	.json:1, .txt:1
Dota Mod Project/Tools/HeroWorkshop2/items/I0FR__I0FR/slots	1	0	0	.txt:1
Dota Mod Project/Tools/HeroWorkshop2/items/I0FR__I0FR/slots/01_A100	1	0	1	.txt:1
Dota Mod Project/Tools/HeroWorkshop2/items/I0FS__I0FS	5	332	1	.txt:4, .json:1
Dota Mod Project/Tools/HeroWorkshop2/items/I0FS__I0FS/slots	4	0	0	.txt:4
Dota Mod Project/Tools/HeroWorkshop2/items/I0FS__I0FS/slots/01_A11D	1	0	1	.txt:1
Dota Mod Project/Tools/HeroWorkshop2/items/I0FS__I0FS/slots/02_A015	1	0	1	.txt:1
Dota Mod Project/Tools/HeroWorkshop2/items/I0FS__I0FS/slots/03_AIti	1	0	1	.txt:1
Dota Mod Project/Tools/HeroWorkshop2/items/I0FS__I0FS/slots/04_AItx	1	0	1	.txt:1
Dota Mod Project/Tools/HeroWorkshop2/items/I0FT__I0FT	2	134	1	.json:1, .txt:1
Dota Mod Project/Tools/HeroWorkshop2/items/I0FT__I0FT/slots	1	0	0	.txt:1
Dota Mod Project/Tools/HeroWorkshop2/items/I0FT__I0FT/slots/01_A0ZY	1	0	1	.txt:1
Dota Mod Project/Tools/HeroWorkshop2/items/I0FU__I0FU	2	134	1	.json:1, .txt:1
Dota Mod Project/Tools/HeroWorkshop2/items/I0FU__I0FU/slots	1	0	0	.txt:1
Dota Mod Project/Tools/HeroWorkshop2/items/I0FU__I0FU/slots/01_A0ZZ	1	0	1	.txt:1
Dota Mod Project/Tools/HeroWorkshop2/items/I0FV__I0FV	2	134	1	.json:1, .txt:1
Dota Mod Project/Tools/HeroWorkshop2/items/I0FV__I0FV/slots	1	0	0	.txt:1
Dota Mod Project/Tools/HeroWorkshop2/items/I0FV__I0FV/slots/01_A0ZW	1	0	1	.txt:1
Dota Mod Project/Tools/HeroWorkshop2/items/I0FW__I0FW	2	134	1	.json:1, .txt:1
Dota Mod Project/Tools/HeroWorkshop2/items/I0FW__I0FW/slots	1	0	0	.txt:1
Dota Mod Project/Tools/HeroWorkshop2/items/I0FW__I0FW/slots/01_A0ZT	1	0	1	.txt:1
Dota Mod Project/Tools/HeroWorkshop2/items/I0FX__I0FX	2	134	1	.json:1, .txt:1
Dota Mod Project/Tools/HeroWorkshop2/items/I0FX__I0FX/slots	1	0	0	.txt:1
Dota Mod Project/Tools/HeroWorkshop2/items/I0FX__I0FX/slots/01_A0ZU	1	0	1	.txt:1
Dota Mod Project/Tools/HeroWorkshop2/items/I0FY__I0FY	5	332	1	.txt:4, .json:1
Dota Mod Project/Tools/HeroWorkshop2/items/I0FY__I0FY/slots	4	0	0	.txt:4
Dota Mod Project/Tools/HeroWorkshop2/items/I0FY__I0FY/slots/01_A0S3	1	0	1	.txt:1
Dota Mod Project/Tools/HeroWorkshop2/items/I0FY__I0FY/slots/02_A015	1	0	1	.txt:1
Dota Mod Project/Tools/HeroWorkshop2/items/I0FY__I0FY/slots/03_AIti	1	0	1	.txt:1
Dota Mod Project/Tools/HeroWorkshop2/items/I0FY__I0FY/slots/04_AItx	1	0	1	.txt:1
Dota Mod Project/Tools/HeroWorkshop2/items/I0FZ__I0FZ	5	332	1	.txt:4, .json:1
Dota Mod Project/Tools/HeroWorkshop2/items/I0FZ__I0FZ/slots	4	0	0	.txt:4
Dota Mod Project/Tools/HeroWorkshop2/items/I0FZ__I0FZ/slots/01_A11F	1	0	1	.txt:1
Dota Mod Project/Tools/HeroWorkshop2/items/I0FZ__I0FZ/slots/02_A015	1	0	1	.txt:1
Dota Mod Project/Tools/HeroWorkshop2/items/I0FZ__I0FZ/slots/03_AIti	1	0	1	.txt:1
Dota Mod Project/Tools/HeroWorkshop2/items/I0FZ__I0FZ/slots/04_AItx	1	0	1	.txt:1
Dota Mod Project/Tools/HeroWorkshop2/items/I0G0__I0G0	5	332	1	.txt:4, .json:1
Dota Mod Project/Tools/HeroWorkshop2/items/I0G0__I0G0/slots	4	0	0	.txt:4
Dota Mod Project/Tools/HeroWorkshop2/items/I0G0__I0G0/slots/01_A11E	1	0	1	.txt:1
Dota Mod Project/Tools/HeroWorkshop2/items/I0G0__I0G0/slots/02_A015	1	0	1	.txt:1
Dota Mod Project/Tools/HeroWorkshop2/items/I0G0__I0G0/slots/03_AIti	1	0	1	.txt:1
Dota Mod Project/Tools/HeroWorkshop2/items/I0G0__I0G0/slots/04_AItx	1	0	1	.txt:1
Dota Mod Project/Tools/HeroWorkshop2/items/I0G1__I0G1	5	332	1	.txt:4, .json:1
Dota Mod Project/Tools/HeroWorkshop2/items/I0G1__I0G1/slots	4	0	0	.txt:4
Dota Mod Project/Tools/HeroWorkshop2/items/I0G1__I0G1/slots/01_A11H	1	0	1	.txt:1
Dota Mod Project/Tools/HeroWorkshop2/items/I0G1__I0G1/slots/02_A015	1	0	1	.txt:1
Dota Mod Project/Tools/HeroWorkshop2/items/I0G1__I0G1/slots/03_AIti	1	0	1	.txt:1
Dota Mod Project/Tools/HeroWorkshop2/items/I0G1__I0G1/slots/04_AItx	1	0	1	.txt:1
Dota Mod Project/Tools/HeroWorkshop2/items/I0GC__I0GC	2	134	1	.json:1, .txt:1
Dota Mod Project/Tools/HeroWorkshop2/items/I0GC__I0GC/slots	1	0	0	.txt:1
Dota Mod Project/Tools/HeroWorkshop2/items/I0GC__I0GC/slots/01_A0JY	1	0	1	.txt:1
Dota Mod Project/Tools/HeroWorkshop2/items/I0GF__I0GF	2	134	1	.json:1, .txt:1
Dota Mod Project/Tools/HeroWorkshop2/items/I0GF__I0GF/slots	1	0	0	.txt:1
Dota Mod Project/Tools/HeroWorkshop2/items/I0GF__I0GF/slots/01_A12F	1	0	1	.txt:1
Dota Mod Project/Tools/HeroWorkshop2/items/I0GH__I0GH	2	134	1	.json:1, .txt:1
Dota Mod Project/Tools/HeroWorkshop2/items/I0GH__I0GH/slots	1	0	0	.txt:1
Dota Mod Project/Tools/HeroWorkshop2/items/I0GH__I0GH/slots/01_AItb	1	0	1	.txt:1
Dota Mod Project/Tools/HeroWorkshop2/items/I0GJ__I0GJ	4	266	1	.txt:3, .json:1
Dota Mod Project/Tools/HeroWorkshop2/items/I0GJ__I0GJ/slots	3	0	0	.txt:3
Dota Mod Project/Tools/HeroWorkshop2/items/I0GJ__I0GJ/slots/01_A12W	1	0	1	.txt:1
Dota Mod Project/Tools/HeroWorkshop2/items/I0GJ__I0GJ/slots/02_A12V	1	0	1	.txt:1
Dota Mod Project/Tools/HeroWorkshop2/items/I0GJ__I0GJ/slots/03_A1C1	1	0	1	.txt:1
Dota Mod Project/Tools/HeroWorkshop2/items/I0GM__I0GM	2	134	1	.json:1, .txt:1
Dota Mod Project/Tools/HeroWorkshop2/items/I0GM__I0GM/slots	1	0	0	.txt:1
Dota Mod Project/Tools/HeroWorkshop2/items/I0GM__I0GM/slots/01_A17M	1	0	1	.txt:1
Dota Mod Project/Tools/HeroWorkshop2/items/I0GN__I0GN	2	134	1	.json:1, .txt:1
Dota Mod Project/Tools/HeroWorkshop2/items/I0GN__I0GN/slots	1	0	0	.txt:1
Dota Mod Project/Tools/HeroWorkshop2/items/I0GN__I0GN/slots/01_A185	1	0	1	.txt:1
Dota Mod Project/Tools/HeroWorkshop2/items/I0GO__I0GO	2	134	1	.json:1, .txt:1
Dota Mod Project/Tools/HeroWorkshop2/items/I0GO__I0GO/slots	1	0	0	.txt:1
Dota Mod Project/Tools/HeroWorkshop2/items/I0GO__I0GO/slots/01_A184	1	0	1	.txt:1
Dota Mod Project/Tools/HeroWorkshop2/items/I0GP__I0GP	2	134	1	.json:1, .txt:1
Dota Mod Project/Tools/HeroWorkshop2/items/I0GP__I0GP/slots	1	0	0	.txt:1
Dota Mod Project/Tools/HeroWorkshop2/items/I0GP__I0GP/slots/01_A183	1	0	1	.txt:1
Dota Mod Project/Tools/HeroWorkshop2/items/I0GQ__I0GQ	2	134	1	.json:1, .txt:1
Dota Mod Project/Tools/HeroWorkshop2/items/I0GQ__I0GQ/slots	1	0	0	.txt:1
Dota Mod Project/Tools/HeroWorkshop2/items/I0GQ__I0GQ/slots/01_A181	1	0	1	.txt:1
Dota Mod Project/Tools/HeroWorkshop2/items/I0GX__I0GX	2	134	1	.json:1, .txt:1
Dota Mod Project/Tools/HeroWorkshop2/items/I0GX__I0GX/slots	1	0	0	.txt:1
Dota Mod Project/Tools/HeroWorkshop2/items/I0GX__I0GX/slots/01_A0H7	1	0	1	.txt:1
Dota Mod Project/Tools/HeroWorkshop2/items/I0GY__I0GY	2	134	1	.json:1, .txt:1
Dota Mod Project/Tools/HeroWorkshop2/items/I0GY__I0GY/slots	1	0	0	.txt:1
Dota Mod Project/Tools/HeroWorkshop2/items/I0GY__I0GY/slots/01_A0H7	1	0	1	.txt:1
Dota Mod Project/Tools/HeroWorkshop2/items/I0GZ__I0GZ	2	134	1	.json:1, .txt:1
Dota Mod Project/Tools/HeroWorkshop2/items/I0GZ__I0GZ/slots	1	0	0	.txt:1
Dota Mod Project/Tools/HeroWorkshop2/items/I0GZ__I0GZ/slots/01_A0H7	1	0	1	.txt:1
Dota Mod Project/Tools/HeroWorkshop2/items/I0H0__I0H0	2	134	1	.json:1, .txt:1
Dota Mod Project/Tools/HeroWorkshop2/items/I0H0__I0H0/slots	1	0	0	.txt:1
Dota Mod Project/Tools/HeroWorkshop2/items/I0H0__I0H0/slots/01_A0H7	1	0	1	.txt:1
Dota Mod Project/Tools/HeroWorkshop2/items/I0H1__I0H1	2	134	1	.json:1, .txt:1
Dota Mod Project/Tools/HeroWorkshop2/items/I0H1__I0H1/slots	1	0	0	.txt:1
Dota Mod Project/Tools/HeroWorkshop2/items/I0H1__I0H1/slots/01_A0H7	1	0	1	.txt:1
Dota Mod Project/Tools/HeroWorkshop2/items/I0H3__I0H3	2	134	1	.json:1, .txt:1
Dota Mod Project/Tools/HeroWorkshop2/items/I0H3__I0H3/slots	1	0	0	.txt:1
Dota Mod Project/Tools/HeroWorkshop2/items/I0H3__I0H3/slots/01_A0H7	1	0	1	.txt:1
Dota Mod Project/Tools/HeroWorkshop2/items/I0H4__I0H4	2	134	1	.json:1, .txt:1
Dota Mod Project/Tools/HeroWorkshop2/items/I0H4__I0H4/slots	1	0	0	.txt:1
Dota Mod Project/Tools/HeroWorkshop2/items/I0H4__I0H4/slots/01_A0H7	1	0	1	.txt:1
Dota Mod Project/Tools/HeroWorkshop2/items/I0H5__I0H5	2	134	1	.json:1, .txt:1
Dota Mod Project/Tools/HeroWorkshop2/items/I0H5__I0H5/slots	1	0	0	.txt:1
Dota Mod Project/Tools/HeroWorkshop2/items/I0H5__I0H5/slots/01_A0H7	1	0	1	.txt:1
Dota Mod Project/Tools/HeroWorkshop2/items/I0H6__I0H6	2	134	1	.json:1, .txt:1
Dota Mod Project/Tools/HeroWorkshop2/items/I0H6__I0H6/slots	1	0	0	.txt:1
Dota Mod Project/Tools/HeroWorkshop2/items/I0H6__I0H6/slots/01_A0H7	1	0	1	.txt:1
Dota Mod Project/Tools/HeroWorkshop2/items/I0HB__I0HB	3	200	1	.txt:2, .json:1
Dota Mod Project/Tools/HeroWorkshop2/items/I0HB__I0HB/slots	2	0	0	.txt:2
Dota Mod Project/Tools/HeroWorkshop2/items/I0HB__I0HB/slots/01_A0JY	1	0	1	.txt:1
Dota Mod Project/Tools/HeroWorkshop2/items/I0HB__I0HB/slots/02_A3AU	1	0	1	.txt:1
Dota Mod Project/Tools/HeroWorkshop2/items/I0HF__I0HF	2	134	1	.json:1, .txt:1
Dota Mod Project/Tools/HeroWorkshop2/items/I0HF__I0HF/slots	1	0	0	.txt:1
Dota Mod Project/Tools/HeroWorkshop2/items/I0HF__I0HF/slots/01_A3FA	1	0	1	.txt:1
Dota Mod Project/Tools/HeroWorkshop2/items/I0HI__I0HI	4	266	1	.txt:3, .json:1
Dota Mod Project/Tools/HeroWorkshop2/items/I0HI__I0HI/slots	3	0	0	.txt:3
Dota Mod Project/Tools/HeroWorkshop2/items/I0HI__I0HI/slots/01_A19M	1	0	1	.txt:1
Dota Mod Project/Tools/HeroWorkshop2/items/I0HI__I0HI/slots/02_A01Q	1	0	1	.txt:1
Dota Mod Project/Tools/HeroWorkshop2/items/I0HI__I0HI/slots/03_A3AS	1	0	1	.txt:1
Dota Mod Project/Tools/HeroWorkshop2/items/I0HJ__I0HJ	3	200	1	.txt:2, .json:1
Dota Mod Project/Tools/HeroWorkshop2/items/I0HJ__I0HJ/slots	2	0	0	.txt:2
Dota Mod Project/Tools/HeroWorkshop2/items/I0HJ__I0HJ/slots/01_A1A4	1	0	1	.txt:1
Dota Mod Project/Tools/HeroWorkshop2/items/I0HJ__I0HJ/slots/02_A2K9	1	0	1	.txt:1
Dota Mod Project/Tools/HeroWorkshop2/items/I0HM__I0HM	2	134	1	.json:1, .txt:1
Dota Mod Project/Tools/HeroWorkshop2/items/I0HM__I0HM/slots	1	0	0	.txt:1
Dota Mod Project/Tools/HeroWorkshop2/items/I0HM__I0HM/slots/01_A1A2	1	0	1	.txt:1
Dota Mod Project/Tools/HeroWorkshop2/items/I0HN__I0HN	2	134	1	.json:1, .txt:1
Dota Mod Project/Tools/HeroWorkshop2/items/I0HN__I0HN/slots	1	0	0	.txt:1
Dota Mod Project/Tools/HeroWorkshop2/items/I0HN__I0HN/slots/01_A1AC	1	0	1	.txt:1
Dota Mod Project/Tools/HeroWorkshop2/items/I0HP__I0HP	3	200	1	.txt:2, .json:1
Dota Mod Project/Tools/HeroWorkshop2/items/I0HP__I0HP/slots	2	0	0	.txt:2
Dota Mod Project/Tools/HeroWorkshop2/items/I0HP__I0HP/slots/01_A1FD	1	0	1	.txt:1
Dota Mod Project/Tools/HeroWorkshop2/items/I0HP__I0HP/slots/02_A1AD	1	0	1	.txt:1
Dota Mod Project/Tools/HeroWorkshop2/items/I0HQ__I0HQ	4	266	1	.txt:3, .json:1
Dota Mod Project/Tools/HeroWorkshop2/items/I0HQ__I0HQ/slots	3	0	0	.txt:3
Dota Mod Project/Tools/HeroWorkshop2/items/I0HQ__I0HQ/slots/01_A1AB	1	0	1	.txt:1
Dota Mod Project/Tools/HeroWorkshop2/items/I0HQ__I0HQ/slots/02_A1AG	1	0	1	.txt:1
Dota Mod Project/Tools/HeroWorkshop2/items/I0HQ__I0HQ/slots/03_A1AF	1	0	1	.txt:1
Dota Mod Project/Tools/HeroWorkshop2/items/I0HR__I0HR	3	200	1	.txt:2, .json:1
Dota Mod Project/Tools/HeroWorkshop2/items/I0HR__I0HR/slots	2	0	0	.txt:2
Dota Mod Project/Tools/HeroWorkshop2/items/I0HR__I0HR/slots/01_A1FD	1	0	1	.txt:1
Dota Mod Project/Tools/HeroWorkshop2/items/I0HR__I0HR/slots/02_A1AB	1	0	1	.txt:1
Dota Mod Project/Tools/HeroWorkshop2/items/I0HS__I0HS	4	266	1	.txt:3, .json:1
Dota Mod Project/Tools/HeroWorkshop2/items/I0HS__I0HS/slots	3	0	0	.txt:3
Dota Mod Project/Tools/HeroWorkshop2/items/I0HS__I0HS/slots/01_A1AD	1	0	1	.txt:1
Dota Mod Project/Tools/HeroWorkshop2/items/I0HS__I0HS/slots/02_A1AG	1	0	1	.txt:1
Dota Mod Project/Tools/HeroWorkshop2/items/I0HS__I0HS/slots/03_A1AE	1	0	1	.txt:1
Dota Mod Project/Tools/HeroWorkshop2/items/I0HZ__I0HZ	2	134	1	.json:1, .txt:1
Dota Mod Project/Tools/HeroWorkshop2/items/I0HZ__I0HZ/slots	1	0	0	.txt:1
Dota Mod Project/Tools/HeroWorkshop2/items/I0HZ__I0HZ/slots/01_A3FA	1	0	1	.txt:1
Dota Mod Project/Tools/HeroWorkshop2/items/I0I7__I0I7	3	200	1	.txt:2, .json:1
Dota Mod Project/Tools/HeroWorkshop2/items/I0I7__I0I7/slots	2	0	0	.txt:2
Dota Mod Project/Tools/HeroWorkshop2/items/I0I7__I0I7/slots/01_A0TK	1	0	1	.txt:1
Dota Mod Project/Tools/HeroWorkshop2/items/I0I7__I0I7/slots/02_A3I7	1	0	1	.txt:1
Dota Mod Project/Tools/HeroWorkshop2/items/I0IK__I0IK	3	200	1	.txt:2, .json:1
Dota Mod Project/Tools/HeroWorkshop2/items/I0IK__I0IK/slots	2	0	0	.txt:2
Dota Mod Project/Tools/HeroWorkshop2/items/I0IK__I0IK/slots/01_A20V	1	0	1	.txt:1
Dota Mod Project/Tools/HeroWorkshop2/items/I0IK__I0IK/slots/02_A0TK	1	0	1	.txt:1
Dota Mod Project/Tools/HeroWorkshop2/items/I0IL__I0IL	3	200	1	.txt:2, .json:1
Dota Mod Project/Tools/HeroWorkshop2/items/I0IL__I0IL/slots	2	0	0	.txt:2
Dota Mod Project/Tools/HeroWorkshop2/items/I0IL__I0IL/slots/01_A1VA	1	0	1	.txt:1
Dota Mod Project/Tools/HeroWorkshop2/items/I0IL__I0IL/slots/02_A0TK	1	0	1	.txt:1
Dota Mod Project/Tools/HeroWorkshop2/items/I0IM__I0IM	3	200	1	.txt:2, .json:1
Dota Mod Project/Tools/HeroWorkshop2/items/I0IM__I0IM/slots	2	0	0	.txt:2
Dota Mod Project/Tools/HeroWorkshop2/items/I0IM__I0IM/slots/01_A1VF	1	0	1	.txt:1
Dota Mod Project/Tools/HeroWorkshop2/items/I0IM__I0IM/slots/02_A0TK	1	0	1	.txt:1
Dota Mod Project/Tools/HeroWorkshop2/items/I0IN__I0IN	2	134	1	.json:1, .txt:1
Dota Mod Project/Tools/HeroWorkshop2/items/I0IN__I0IN/slots	1	0	0	.txt:1
Dota Mod Project/Tools/HeroWorkshop2/items/I0IN__I0IN/slots/01_A0TK	1	0	1	.txt:1
Dota Mod Project/Tools/HeroWorkshop2/items/I0IO__I0IO	3	200	1	.txt:2, .json:1
Dota Mod Project/Tools/HeroWorkshop2/items/I0IO__I0IO/slots	2	0	0	.txt:2
Dota Mod Project/Tools/HeroWorkshop2/items/I0IO__I0IO/slots/01_A1NS	1	0	1	.txt:1
Dota Mod Project/Tools/HeroWorkshop2/items/I0IO__I0IO/slots/02_A0TK	1	0	1	.txt:1
Dota Mod Project/Tools/HeroWorkshop2/items/I0IP__I0IP	3	200	1	.txt:2, .json:1
Dota Mod Project/Tools/HeroWorkshop2/items/I0IP__I0IP/slots	2	0	0	.txt:2
Dota Mod Project/Tools/HeroWorkshop2/items/I0IP__I0IP/slots/01_A1VD	1	0	1	.txt:1
Dota Mod Project/Tools/HeroWorkshop2/items/I0IP__I0IP/slots/02_A0TK	1	0	1	.txt:1
Dota Mod Project/Tools/HeroWorkshop2/items/I0IQ__I0IQ	2	134	1	.json:1, .txt:1
Dota Mod Project/Tools/HeroWorkshop2/items/I0IQ__I0IQ/slots	1	0	0	.txt:1
Dota Mod Project/Tools/HeroWorkshop2/items/I0IQ__I0IQ/slots/01_A0TK	1	0	1	.txt:1
Dota Mod Project/Tools/HeroWorkshop2/items/I0IR__I0IR	3	200	1	.txt:2, .json:1
Dota Mod Project/Tools/HeroWorkshop2/items/I0IR__I0IR/slots	2	0	0	.txt:2
Dota Mod Project/Tools/HeroWorkshop2/items/I0IR__I0IR/slots/01_A1QL	1	0	1	.txt:1
Dota Mod Project/Tools/HeroWorkshop2/items/I0IR__I0IR/slots/02_A0TK	1	0	1	.txt:1
Dota Mod Project/Tools/HeroWorkshop2/items/I0IS__I0IS	3	200	1	.txt:2, .json:1
Dota Mod Project/Tools/HeroWorkshop2/items/I0IS__I0IS/slots	2	0	0	.txt:2
Dota Mod Project/Tools/HeroWorkshop2/items/I0IS__I0IS/slots/01_A1V3	1	0	1	.txt:1
Dota Mod Project/Tools/HeroWorkshop2/items/I0IS__I0IS/slots/02_A0TK	1	0	1	.txt:1
Dota Mod Project/Tools/HeroWorkshop2/items/I0IT__I0IT	2	134	1	.json:1, .txt:1
Dota Mod Project/Tools/HeroWorkshop2/items/I0IT__I0IT/slots	1	0	0	.txt:1
Dota Mod Project/Tools/HeroWorkshop2/items/I0IT__I0IT/slots/01_A0TK	1	0	1	.txt:1
Dota Mod Project/Tools/HeroWorkshop2/items/I0IU__I0IU	3	200	1	.txt:2, .json:1
Dota Mod Project/Tools/HeroWorkshop2/items/I0IU__I0IU/slots	2	0	0	.txt:2
Dota Mod Project/Tools/HeroWorkshop2/items/I0IU__I0IU/slots/01_A220	1	0	1	.txt:1
Dota Mod Project/Tools/HeroWorkshop2/items/I0IU__I0IU/slots/02_A0TK	1	0	1	.txt:1
Dota Mod Project/Tools/HeroWorkshop2/items/I0J6__I0J6	2	134	1	.json:1, .txt:1
Dota Mod Project/Tools/HeroWorkshop2/items/I0J6__I0J6/slots	1	0	0	.txt:1
Dota Mod Project/Tools/HeroWorkshop2/items/I0J6__I0J6/slots/01_A1BZ	1	0	1	.txt:1
Dota Mod Project/Tools/HeroWorkshop2/items/I0J9__I0J9	5	332	1	.txt:4, .json:1
Dota Mod Project/Tools/HeroWorkshop2/items/I0J9__I0J9/slots	4	0	0	.txt:4
Dota Mod Project/Tools/HeroWorkshop2/items/I0J9__I0J9/slots/01_AIpg	1	0	1	.txt:1
Dota Mod Project/Tools/HeroWorkshop2/items/I0J9__I0J9/slots/02_A32F	1	0	1	.txt:1
Dota Mod Project/Tools/HeroWorkshop2/items/I0J9__I0J9/slots/03_Afbt	1	0	1	.txt:1
Dota Mod Project/Tools/HeroWorkshop2/items/I0J9__I0J9/slots/04_A0TF	1	0	1	.txt:1
Dota Mod Project/Tools/HeroWorkshop2/items/I0JA__I0JA	5	332	1	.txt:4, .json:1
Dota Mod Project/Tools/HeroWorkshop2/items/I0JA__I0JA/slots	4	0	0	.txt:4
Dota Mod Project/Tools/HeroWorkshop2/items/I0JA__I0JA/slots/01_AIpg	1	0	1	.txt:1
Dota Mod Project/Tools/HeroWorkshop2/items/I0JA__I0JA/slots/02_A32F	1	0	1	.txt:1
Dota Mod Project/Tools/HeroWorkshop2/items/I0JA__I0JA/slots/03_Afbt	1	0	1	.txt:1
Dota Mod Project/Tools/HeroWorkshop2/items/I0JA__I0JA/slots/04_A0TF	1	0	1	.txt:1
Dota Mod Project/Tools/HeroWorkshop2/items/I0JF__I0JF	4	266	1	.txt:3, .json:1
Dota Mod Project/Tools/HeroWorkshop2/items/I0JF__I0JF/slots	3	0	0	.txt:3
Dota Mod Project/Tools/HeroWorkshop2/items/I0JF__I0JF/slots/01_AIa6	1	0	1	.txt:1
Dota Mod Project/Tools/HeroWorkshop2/items/I0JF__I0JF/slots/02_A1DI	1	0	1	.txt:1
Dota Mod Project/Tools/HeroWorkshop2/items/I0JF__I0JF/slots/03_A1FU	1	0	1	.txt:1
Dota Mod Project/Tools/HeroWorkshop2/items/I0JI__I0JI	3	200	1	.txt:2, .json:1
Dota Mod Project/Tools/HeroWorkshop2/items/I0JI__I0JI/slots	2	0	0	.txt:2
Dota Mod Project/Tools/HeroWorkshop2/items/I0JI__I0JI/slots/01_A1AC	1	0	1	.txt:1
Dota Mod Project/Tools/HeroWorkshop2/items/I0JI__I0JI/slots/02_A1FX	1	0	1	.txt:1
Dota Mod Project/Tools/HeroWorkshop2/items/I0JS__I0JS	3	200	1	.txt:2, .json:1
Dota Mod Project/Tools/HeroWorkshop2/items/I0JS__I0JS/slots	2	0	0	.txt:2
Dota Mod Project/Tools/HeroWorkshop2/items/I0JS__I0JS/slots/01_A1VB	1	0	1	.txt:1
Dota Mod Project/Tools/HeroWorkshop2/items/I0JS__I0JS/slots/02_A0TK	1	0	1	.txt:1
Dota Mod Project/Tools/HeroWorkshop2/items/I0JT__I0JT	2	134	1	.json:1, .txt:1
Dota Mod Project/Tools/HeroWorkshop2/items/I0JT__I0JT/slots	1	0	0	.txt:1
Dota Mod Project/Tools/HeroWorkshop2/items/I0JT__I0JT/slots/01_A0TK	1	0	1	.txt:1
Dota Mod Project/Tools/HeroWorkshop2/items/I0JU__I0JU	3	200	1	.txt:2, .json:1
Dota Mod Project/Tools/HeroWorkshop2/items/I0JU__I0JU/slots	2	0	0	.txt:2
Dota Mod Project/Tools/HeroWorkshop2/items/I0JU__I0JU/slots/01_A1R3	1	0	1	.txt:1
Dota Mod Project/Tools/HeroWorkshop2/items/I0JU__I0JU/slots/02_A0TK	1	0	1	.txt:1
Dota Mod Project/Tools/HeroWorkshop2/items/I0JV__I0JV	3	200	1	.txt:2, .json:1
Dota Mod Project/Tools/HeroWorkshop2/items/I0JV__I0JV/slots	2	0	0	.txt:2
Dota Mod Project/Tools/HeroWorkshop2/items/I0JV__I0JV/slots/01_A1R8	1	0	1	.txt:1
Dota Mod Project/Tools/HeroWorkshop2/items/I0JV__I0JV/slots/02_A0TK	1	0	1	.txt:1
Dota Mod Project/Tools/HeroWorkshop2/items/I0JW__I0JW	3	200	1	.txt:2, .json:1
Dota Mod Project/Tools/HeroWorkshop2/items/I0JW__I0JW/slots	2	0	0	.txt:2
Dota Mod Project/Tools/HeroWorkshop2/items/I0JW__I0JW/slots/01_A1VE	1	0	1	.txt:1
Dota Mod Project/Tools/HeroWorkshop2/items/I0JW__I0JW/slots/02_A0TK	1	0	1	.txt:1
Dota Mod Project/Tools/HeroWorkshop2/items/I0JX__I0JX	3	200	1	.txt:2, .json:1
Dota Mod Project/Tools/HeroWorkshop2/items/I0JX__I0JX/slots	2	0	0	.txt:2
Dota Mod Project/Tools/HeroWorkshop2/items/I0JX__I0JX/slots/01_A0TK	1	0	1	.txt:1
Dota Mod Project/Tools/HeroWorkshop2/items/I0JX__I0JX/slots/02_A3I6	1	0	1	.txt:1
Dota Mod Project/Tools/HeroWorkshop2/items/I0JY__I0JY	3	200	1	.txt:2, .json:1
Dota Mod Project/Tools/HeroWorkshop2/items/I0JY__I0JY/slots	2	0	0	.txt:2
Dota Mod Project/Tools/HeroWorkshop2/items/I0JY__I0JY/slots/01_A0TK	1	0	1	.txt:1
Dota Mod Project/Tools/HeroWorkshop2/items/I0JY__I0JY/slots/02_A3I4	1	0	1	.txt:1
Dota Mod Project/Tools/HeroWorkshop2/items/I0K6__I0K6	3	200	1	.txt:2, .json:1
Dota Mod Project/Tools/HeroWorkshop2/items/I0K6__I0K6/slots	2	0	0	.txt:2
Dota Mod Project/Tools/HeroWorkshop2/items/I0K6__I0K6/slots/01_A1EW	1	0	1	.txt:1
Dota Mod Project/Tools/HeroWorkshop2/items/I0K6__I0K6/slots/02_A3LG	1	0	1	.txt:1
Dota Mod Project/Tools/HeroWorkshop2/items/I0K7__I0K7	4	266	1	.txt:3, .json:1
Dota Mod Project/Tools/HeroWorkshop2/items/I0K7__I0K7/slots	3	0	0	.txt:3
Dota Mod Project/Tools/HeroWorkshop2/items/I0K7__I0K7/slots/01_A1FO	1	0	1	.txt:1
Dota Mod Project/Tools/HeroWorkshop2/items/I0K7__I0K7/slots/02_A1FQ	1	0	1	.txt:1
Dota Mod Project/Tools/HeroWorkshop2/items/I0K7__I0K7/slots/03_A1FO	1	0	1	.txt:1
Dota Mod Project/Tools/HeroWorkshop2/items/I0KA__I0KA	2	134	1	.json:1, .txt:1
Dota Mod Project/Tools/HeroWorkshop2/items/I0KA__I0KA/slots	1	0	0	.txt:1
Dota Mod Project/Tools/HeroWorkshop2/items/I0KA__I0KA/slots/01_A1FT	1	0	1	.txt:1
Dota Mod Project/Tools/HeroWorkshop2/items/I0KF__I0KF	4	266	1	.txt:3, .json:1
Dota Mod Project/Tools/HeroWorkshop2/items/I0KF__I0KF/slots	3	0	0	.txt:3
Dota Mod Project/Tools/HeroWorkshop2/items/I0KF__I0KF/slots/01_AIa6	1	0	1	.txt:1
Dota Mod Project/Tools/HeroWorkshop2/items/I0KF__I0KF/slots/02_A1FW	1	0	1	.txt:1
Dota Mod Project/Tools/HeroWorkshop2/items/I0KF__I0KF/slots/03_A1FV	1	0	1	.txt:1
Dota Mod Project/Tools/HeroWorkshop2/items/I0KH__I0KH	3	200	1	.txt:2, .json:1
Dota Mod Project/Tools/HeroWorkshop2/items/I0KH__I0KH/slots	2	0	0	.txt:2
Dota Mod Project/Tools/HeroWorkshop2/items/I0KH__I0KH/slots/01_A1R7	1	0	1	.txt:1
Dota Mod Project/Tools/HeroWorkshop2/items/I0KH__I0KH/slots/02_A0TK	1	0	1	.txt:1
Dota Mod Project/Tools/HeroWorkshop2/items/I0KL__I0KL	3	200	1	.txt:2, .json:1
Dota Mod Project/Tools/HeroWorkshop2/items/I0KL__I0KL/slots	2	0	0	.txt:2
Dota Mod Project/Tools/HeroWorkshop2/items/I0KL__I0KL/slots/01_AIl2	1	0	1	.txt:1
Dota Mod Project/Tools/HeroWorkshop2/items/I0KL__I0KL/slots/02_A1HJ	1	0	1	.txt:1
Dota Mod Project/Tools/HeroWorkshop2/items/I0KP__I0KP	3	200	1	.txt:2, .json:1
Dota Mod Project/Tools/HeroWorkshop2/items/I0KP__I0KP/slots	2	0	0	.txt:2
Dota Mod Project/Tools/HeroWorkshop2/items/I0KP__I0KP/slots/01_A1IO	1	0	1	.txt:1
Dota Mod Project/Tools/HeroWorkshop2/items/I0KP__I0KP/slots/02_A09T	1	0	1	.txt:1
Dota Mod Project/Tools/HeroWorkshop2/items/I0KS__I0KS	2	134	1	.json:1, .txt:1
Dota Mod Project/Tools/HeroWorkshop2/items/I0KS__I0KS/slots	1	0	0	.txt:1
Dota Mod Project/Tools/HeroWorkshop2/items/I0KS__I0KS/slots/01_A1ML	1	0	1	.txt:1
Dota Mod Project/Tools/HeroWorkshop2/items/I0KV__I0KV	2	134	1	.json:1, .txt:1
Dota Mod Project/Tools/HeroWorkshop2/items/I0KV__I0KV/slots	1	0	0	.txt:1
Dota Mod Project/Tools/HeroWorkshop2/items/I0KV__I0KV/slots/01_A3FA	1	0	1	.txt:1
Dota Mod Project/Tools/HeroWorkshop2/items/I0KY__I0KY	4	266	1	.txt:3, .json:1
Dota Mod Project/Tools/HeroWorkshop2/items/I0KY__I0KY/slots	3	0	0	.txt:3
Dota Mod Project/Tools/HeroWorkshop2/items/I0KY__I0KY/slots/01_A1MO	1	0	1	.txt:1
Dota Mod Project/Tools/HeroWorkshop2/items/I0KY__I0KY/slots/02_AIrm	1	0	1	.txt:1
Dota Mod Project/Tools/HeroWorkshop2/items/I0KY__I0KY/slots/03_AIs6	1	0	1	.txt:1
Dota Mod Project/Tools/HeroWorkshop2/items/I0L0__I0L0	3	200	1	.txt:2, .json:1
Dota Mod Project/Tools/HeroWorkshop2/items/I0L0__I0L0/slots	2	0	0	.txt:2
Dota Mod Project/Tools/HeroWorkshop2/items/I0L0__I0L0/slots/01_A1V9	1	0	1	.txt:1
Dota Mod Project/Tools/HeroWorkshop2/items/I0L0__I0L0/slots/02_A0TK	1	0	1	.txt:1
Dota Mod Project/Tools/HeroWorkshop2/items/I0L5__I0L5	2	134	1	.json:1, .txt:1
Dota Mod Project/Tools/HeroWorkshop2/items/I0L5__I0L5/slots	1	0	0	.txt:1
Dota Mod Project/Tools/HeroWorkshop2/items/I0L5__I0L5/slots/01_A0TK	1	0	1	.txt:1
Dota Mod Project/Tools/HeroWorkshop2/items/I0L6__I0L6	2	134	1	.json:1, .txt:1
Dota Mod Project/Tools/HeroWorkshop2/items/I0L6__I0L6/slots	1	0	0	.txt:1
Dota Mod Project/Tools/HeroWorkshop2/items/I0L6__I0L6/slots/01_A0TK	1	0	1	.txt:1
Dota Mod Project/Tools/HeroWorkshop2/items/I0L7__I0L7	3	200	1	.txt:2, .json:1
Dota Mod Project/Tools/HeroWorkshop2/items/I0L7__I0L7/slots	2	0	0	.txt:2
Dota Mod Project/Tools/HeroWorkshop2/items/I0L7__I0L7/slots/01_A1VC	1	0	1	.txt:1
Dota Mod Project/Tools/HeroWorkshop2/items/I0L7__I0L7/slots/02_A0TK	1	0	1	.txt:1
Dota Mod Project/Tools/HeroWorkshop2/items/I0LC__I0LC	4	266	1	.txt:3, .json:1
Dota Mod Project/Tools/HeroWorkshop2/items/I0LC__I0LC/slots	3	0	0	.txt:3
Dota Mod Project/Tools/HeroWorkshop2/items/I0LC__I0LC/slots/01_A0AX	1	0	1	.txt:1
Dota Mod Project/Tools/HeroWorkshop2/items/I0LC__I0LC/slots/02_A0IO	1	0	1	.txt:1
Dota Mod Project/Tools/HeroWorkshop2/items/I0LC__I0LC/slots/03_A1NO	1	0	1	.txt:1
Dota Mod Project/Tools/HeroWorkshop2/items/I0LF__I0LF	4	266	1	.txt:3, .json:1
Dota Mod Project/Tools/HeroWorkshop2/items/I0LF__I0LF/slots	3	0	0	.txt:3
Dota Mod Project/Tools/HeroWorkshop2/items/I0LF__I0LF/slots/01_A1MO	1	0	1	.txt:1
Dota Mod Project/Tools/HeroWorkshop2/items/I0LF__I0LF/slots/02_AIrm	1	0	1	.txt:1
Dota Mod Project/Tools/HeroWorkshop2/items/I0LF__I0LF/slots/03_AIs6	1	0	1	.txt:1
Dota Mod Project/Tools/HeroWorkshop2/items/I0LJ__I0LJ	2	134	1	.json:1, .txt:1
Dota Mod Project/Tools/HeroWorkshop2/items/I0LJ__I0LJ/slots	1	0	0	.txt:1
Dota Mod Project/Tools/HeroWorkshop2/items/I0LJ__I0LJ/slots/01_A3AR	1	0	1	.txt:1
Dota Mod Project/Tools/HeroWorkshop2/items/I0LK__I0LK	2	134	1	.json:1, .txt:1
Dota Mod Project/Tools/HeroWorkshop2/items/I0LK__I0LK/slots	1	0	0	.txt:1
Dota Mod Project/Tools/HeroWorkshop2/items/I0LK__I0LK/slots/01_A3AR	1	0	1	.txt:1
Dota Mod Project/Tools/HeroWorkshop2/items/I0LL__I0LL	4	266	1	.txt:3, .json:1
Dota Mod Project/Tools/HeroWorkshop2/items/I0LL__I0LL/slots	3	0	0	.txt:3
Dota Mod Project/Tools/HeroWorkshop2/items/I0LL__I0LL/slots/01_A1Q8	1	0	1	.txt:1
Dota Mod Project/Tools/HeroWorkshop2/items/I0LL__I0LL/slots/02_AIrm	1	0	1	.txt:1
Dota Mod Project/Tools/HeroWorkshop2/items/I0LL__I0LL/slots/03_A0PS	1	0	1	.txt:1
Dota Mod Project/Tools/HeroWorkshop2/items/I0LN__I0LN	2	134	1	.json:1, .txt:1
Dota Mod Project/Tools/HeroWorkshop2/items/I0LN__I0LN/slots	1	0	0	.txt:1
Dota Mod Project/Tools/HeroWorkshop2/items/I0LN__I0LN/slots/01_A3FA	1	0	1	.txt:1
Dota Mod Project/Tools/HeroWorkshop2/items/I0LT__I0LT	3	200	1	.txt:2, .json:1
Dota Mod Project/Tools/HeroWorkshop2/items/I0LT__I0LT/slots	2	0	0	.txt:2
Dota Mod Project/Tools/HeroWorkshop2/items/I0LT__I0LT/slots/01_A1QD	1	0	1	.txt:1
Dota Mod Project/Tools/HeroWorkshop2/items/I0LT__I0LT/slots/02_A1QA	1	0	1	.txt:1
Dota Mod Project/Tools/HeroWorkshop2/items/I0LV__I0LV	4	266	1	.txt:3, .json:1
Dota Mod Project/Tools/HeroWorkshop2/items/I0LV__I0LV/slots	3	0	0	.txt:3
Dota Mod Project/Tools/HeroWorkshop2/items/I0LV__I0LV/slots/01_A1RG	1	0	1	.txt:1
Dota Mod Project/Tools/HeroWorkshop2/items/I0LV__I0LV/slots/02_A1RH	1	0	1	.txt:1
Dota Mod Project/Tools/HeroWorkshop2/items/I0LV__I0LV/slots/03_A0TK	1	0	1	.txt:1
Dota Mod Project/Tools/HeroWorkshop2/items/I0M0__I0M0	3	200	1	.txt:2, .json:1
Dota Mod Project/Tools/HeroWorkshop2/items/I0M0__I0M0/slots	2	0	0	.txt:2
Dota Mod Project/Tools/HeroWorkshop2/items/I0M0__I0M0/slots/01_A1UY	1	0	1	.txt:1
Dota Mod Project/Tools/HeroWorkshop2/items/I0M0__I0M0/slots/02_A0TK	1	0	1	.txt:1
Dota Mod Project/Tools/HeroWorkshop2/items/I0M4__I0M4	3	200	1	.txt:2, .json:1
Dota Mod Project/Tools/HeroWorkshop2/items/I0M4__I0M4/slots	2	0	0	.txt:2
Dota Mod Project/Tools/HeroWorkshop2/items/I0M4__I0M4/slots/01_A1UX	1	0	1	.txt:1
Dota Mod Project/Tools/HeroWorkshop2/items/I0M4__I0M4/slots/02_A0TK	1	0	1	.txt:1
Dota Mod Project/Tools/HeroWorkshop2/items/I0M7__I0M7	2	134	1	.json:1, .txt:1
Dota Mod Project/Tools/HeroWorkshop2/items/I0M7__I0M7/slots	1	0	0	.txt:1
Dota Mod Project/Tools/HeroWorkshop2/items/I0M7__I0M7/slots/01_A0TK	1	0	1	.txt:1
Dota Mod Project/Tools/HeroWorkshop2/items/I0M9__I0M9	2	134	1	.json:1, .txt:1
Dota Mod Project/Tools/HeroWorkshop2/items/I0M9__I0M9/slots	1	0	0	.txt:1
Dota Mod Project/Tools/HeroWorkshop2/items/I0M9__I0M9/slots/01_A1V7	1	0	1	.txt:1
Dota Mod Project/Tools/HeroWorkshop2/items/I0ME__I0ME	2	134	1	.json:1, .txt:1
Dota Mod Project/Tools/HeroWorkshop2/items/I0ME__I0ME/slots	1	0	0	.txt:1
Dota Mod Project/Tools/HeroWorkshop2/items/I0ME__I0ME/slots/01_A1V8	1	0	1	.txt:1
Dota Mod Project/Tools/HeroWorkshop2/items/I0MG__I0MG	2	134	1	.json:1, .txt:1
Dota Mod Project/Tools/HeroWorkshop2/items/I0MG__I0MG/slots	1	0	0	.txt:1
Dota Mod Project/Tools/HeroWorkshop2/items/I0MG__I0MG/slots/01_A0TK	1	0	1	.txt:1
Dota Mod Project/Tools/HeroWorkshop2/items/I0MI__I0MI	4	266	1	.txt:3, .json:1
Dota Mod Project/Tools/HeroWorkshop2/items/I0MI__I0MI/slots	3	0	0	.txt:3
Dota Mod Project/Tools/HeroWorkshop2/items/I0MI__I0MI/slots/01_A0K7	1	0	1	.txt:1
Dota Mod Project/Tools/HeroWorkshop2/items/I0MI__I0MI/slots/02_A1VQ	1	0	1	.txt:1
Dota Mod Project/Tools/HeroWorkshop2/items/I0MI__I0MI/slots/03_A1VR	1	0	1	.txt:1
Dota Mod Project/Tools/HeroWorkshop2/items/I0ML__I0ML	3	200	1	.txt:2, .json:1
Dota Mod Project/Tools/HeroWorkshop2/items/I0ML__I0ML/slots	2	0	0	.txt:2
Dota Mod Project/Tools/HeroWorkshop2/items/I0ML__I0ML/slots/01_A1VZ	1	0	1	.txt:1
Dota Mod Project/Tools/HeroWorkshop2/items/I0ML__I0ML/slots/02_A0TK	1	0	1	.txt:1
Dota Mod Project/Tools/HeroWorkshop2/items/I0MP__I0MP	3	200	1	.txt:2, .json:1
Dota Mod Project/Tools/HeroWorkshop2/items/I0MP__I0MP/slots	2	0	0	.txt:2
Dota Mod Project/Tools/HeroWorkshop2/items/I0MP__I0MP/slots/01_A1X2	1	0	1	.txt:1
Dota Mod Project/Tools/HeroWorkshop2/items/I0MP__I0MP/slots/02_A0TK	1	0	1	.txt:1
Dota Mod Project/Tools/HeroWorkshop2/items/I0MU__I0MU	4	266	1	.txt:3, .json:1
Dota Mod Project/Tools/HeroWorkshop2/items/I0MU__I0MU/slots	3	0	0	.txt:3
Dota Mod Project/Tools/HeroWorkshop2/items/I0MU__I0MU/slots/01_A1WE	1	0	1	.txt:1
Dota Mod Project/Tools/HeroWorkshop2/items/I0MU__I0MU/slots/02_AIae	1	0	1	.txt:1
Dota Mod Project/Tools/HeroWorkshop2/items/I0MU__I0MU/slots/03_A051	1	0	1	.txt:1
Dota Mod Project/Tools/HeroWorkshop2/items/I0N0__I0N0	3	200	1	.txt:2, .json:1
Dota Mod Project/Tools/HeroWorkshop2/items/I0N0__I0N0/slots	2	0	0	.txt:2
Dota Mod Project/Tools/HeroWorkshop2/items/I0N0__I0N0/slots/01_A1ZI	1	0	1	.txt:1
Dota Mod Project/Tools/HeroWorkshop2/items/I0N0__I0N0/slots/02_A1ZH	1	0	1	.txt:1
Dota Mod Project/Tools/HeroWorkshop2/items/I0NA__I0NA	2	134	1	.json:1, .txt:1
Dota Mod Project/Tools/HeroWorkshop2/items/I0NA__I0NA/slots	1	0	0	.txt:1
Dota Mod Project/Tools/HeroWorkshop2/items/I0NA__I0NA/slots/01_A3FA	1	0	1	.txt:1
Dota Mod Project/Tools/HeroWorkshop2/items/I0NE__I0NE	5	332	1	.txt:4, .json:1
Dota Mod Project/Tools/HeroWorkshop2/items/I0NE__I0NE/slots	4	0	0	.txt:4
Dota Mod Project/Tools/HeroWorkshop2/items/I0NE__I0NE/slots/01_A1ZW	1	0	1	.txt:1
Dota Mod Project/Tools/HeroWorkshop2/items/I0NE__I0NE/slots/02_A20Q	1	0	1	.txt:1
Dota Mod Project/Tools/HeroWorkshop2/items/I0NE__I0NE/slots/03_A1ZU	1	0	1	.txt:1
Dota Mod Project/Tools/HeroWorkshop2/items/I0NE__I0NE/slots/04_AIat	1	0	1	.txt:1
Dota Mod Project/Tools/HeroWorkshop2/items/I0NG__I0NG	2	134	1	.json:1, .txt:1
Dota Mod Project/Tools/HeroWorkshop2/items/I0NG__I0NG/slots	1	0	0	.txt:1
Dota Mod Project/Tools/HeroWorkshop2/items/I0NG__I0NG/slots/01_A206	1	0	1	.txt:1
Dota Mod Project/Tools/HeroWorkshop2/items/I0NI__I0NI	2	134	1	.json:1, .txt:1
Dota Mod Project/Tools/HeroWorkshop2/items/I0NI__I0NI/slots	1	0	0	.txt:1
Dota Mod Project/Tools/HeroWorkshop2/items/I0NI__I0NI/slots/01_A3FA	1	0	1	.txt:1
Dota Mod Project/Tools/HeroWorkshop2/items/I0NK__I0NK	5	332	1	.txt:4, .json:1
Dota Mod Project/Tools/HeroWorkshop2/items/I0NK__I0NK/slots	4	0	0	.txt:4
Dota Mod Project/Tools/HeroWorkshop2/items/I0NK__I0NK/slots/01_A1ZW	1	0	1	.txt:1
Dota Mod Project/Tools/HeroWorkshop2/items/I0NK__I0NK/slots/02_A20Q	1	0	1	.txt:1
Dota Mod Project/Tools/HeroWorkshop2/items/I0NK__I0NK/slots/03_A1ZU	1	0	1	.txt:1
Dota Mod Project/Tools/HeroWorkshop2/items/I0NK__I0NK/slots/04_AIat	1	0	1	.txt:1
Dota Mod Project/Tools/HeroWorkshop2/items/I0NN__I0NN	3	200	1	.txt:2, .json:1
Dota Mod Project/Tools/HeroWorkshop2/items/I0NN__I0NN/slots	2	0	0	.txt:2
Dota Mod Project/Tools/HeroWorkshop2/items/I0NN__I0NN/slots/01_A28Y	1	0	1	.txt:1
Dota Mod Project/Tools/HeroWorkshop2/items/I0NN__I0NN/slots/02_A0HD	1	0	1	.txt:1
Dota Mod Project/Tools/HeroWorkshop2/items/I0NR__I0NR	3	200	1	.txt:2, .json:1
Dota Mod Project/Tools/HeroWorkshop2/items/I0NR__I0NR/slots	2	0	0	.txt:2
Dota Mod Project/Tools/HeroWorkshop2/items/I0NR__I0NR/slots/01_A21Z	1	0	1	.txt:1
Dota Mod Project/Tools/HeroWorkshop2/items/I0NR__I0NR/slots/02_A0TK	1	0	1	.txt:1
Dota Mod Project/Tools/HeroWorkshop2/items/I0NU__I0NU	3	200	1	.txt:2, .json:1
Dota Mod Project/Tools/HeroWorkshop2/items/I0NU__I0NU/slots	2	0	0	.txt:2
Dota Mod Project/Tools/HeroWorkshop2/items/I0NU__I0NU/slots/01_A23E	1	0	1	.txt:1
Dota Mod Project/Tools/HeroWorkshop2/items/I0NU__I0NU/slots/02_A0TK	1	0	1	.txt:1
Dota Mod Project/Tools/HeroWorkshop2/items/I0NX__I0NX	2	134	1	.json:1, .txt:1
Dota Mod Project/Tools/HeroWorkshop2/items/I0NX__I0NX/slots	1	0	0	.txt:1
Dota Mod Project/Tools/HeroWorkshop2/items/I0NX__I0NX/slots/01_A0TK	1	0	1	.txt:1
Dota Mod Project/Tools/HeroWorkshop2/items/I0O0__I0O0	3	200	1	.txt:2, .json:1
Dota Mod Project/Tools/HeroWorkshop2/items/I0O0__I0O0/slots	2	0	0	.txt:2
Dota Mod Project/Tools/HeroWorkshop2/items/I0O0__I0O0/slots/01_A29E	1	0	1	.txt:1
Dota Mod Project/Tools/HeroWorkshop2/items/I0O0__I0O0/slots/02_A0TK	1	0	1	.txt:1
Dota Mod Project/Tools/HeroWorkshop2/items/I0O3__I0O3	3	200	1	.txt:2, .json:1
Dota Mod Project/Tools/HeroWorkshop2/items/I0O3__I0O3/slots	2	0	0	.txt:2
Dota Mod Project/Tools/HeroWorkshop2/items/I0O3__I0O3/slots/01_A28D	1	0	1	.txt:1
Dota Mod Project/Tools/HeroWorkshop2/items/I0O3__I0O3/slots/02_A2VN	1	0	1	.txt:1
Dota Mod Project/Tools/HeroWorkshop2/items/I0O6__I0O6	2	134	1	.json:1, .txt:1
Dota Mod Project/Tools/HeroWorkshop2/items/I0O6__I0O6/slots	1	0	0	.txt:1
Dota Mod Project/Tools/HeroWorkshop2/items/I0O6__I0O6/slots/01_A3FA	1	0	1	.txt:1
Dota Mod Project/Tools/HeroWorkshop2/items/I0O8__I0O8	2	134	1	.json:1, .txt:1
Dota Mod Project/Tools/HeroWorkshop2/items/I0O8__I0O8/slots	1	0	0	.txt:1
Dota Mod Project/Tools/HeroWorkshop2/items/I0O8__I0O8/slots/01_A29X	1	0	1	.txt:1
Dota Mod Project/Tools/HeroWorkshop2/items/I0OA__I0OA	2	134	1	.json:1, .txt:1
Dota Mod Project/Tools/HeroWorkshop2/items/I0OA__I0OA/slots	1	0	0	.txt:1
Dota Mod Project/Tools/HeroWorkshop2/items/I0OA__I0OA/slots/01_A3FA	1	0	1	.txt:1
Dota Mod Project/Tools/HeroWorkshop2/items/I0OE__I0OE	6	398	1	.txt:5, .json:1
Dota Mod Project/Tools/HeroWorkshop2/items/I0OE__I0OE/slots	5	0	0	.txt:5
Dota Mod Project/Tools/HeroWorkshop2/items/I0OE__I0OE/slots/01_A2HQ	1	0	1	.txt:1
Dota Mod Project/Tools/HeroWorkshop2/items/I0OE__I0OE/slots/02_A2E9	1	0	1	.txt:1
Dota Mod Project/Tools/HeroWorkshop2/items/I0OE__I0OE/slots/03_A0TF	1	0	1	.txt:1
Dota Mod Project/Tools/HeroWorkshop2/items/I0OE__I0OE/slots/04_AIsx	1	0	1	.txt:1
Dota Mod Project/Tools/HeroWorkshop2/items/I0OE__I0OE/slots/05_A0UY	1	0	1	.txt:1
Dota Mod Project/Tools/HeroWorkshop2/items/I0OG__I0OG	4	266	1	.txt:3, .json:1
Dota Mod Project/Tools/HeroWorkshop2/items/I0OG__I0OG/slots	3	0	0	.txt:3
Dota Mod Project/Tools/HeroWorkshop2/items/I0OG__I0OG/slots/01_A2HR	1	0	1	.txt:1
Dota Mod Project/Tools/HeroWorkshop2/items/I0OG__I0OG/slots/02_AId4	1	0	1	.txt:1
Dota Mod Project/Tools/HeroWorkshop2/items/I0OG__I0OG/slots/03_A2W3	1	0	1	.txt:1
Dota Mod Project/Tools/HeroWorkshop2/items/I0OI__I0OI	3	200	1	.txt:2, .json:1
Dota Mod Project/Tools/HeroWorkshop2/items/I0OI__I0OI/slots	2	0	0	.txt:2
Dota Mod Project/Tools/HeroWorkshop2/items/I0OI__I0OI/slots/01_A2I9	1	0	1	.txt:1
Dota Mod Project/Tools/HeroWorkshop2/items/I0OI__I0OI/slots/02_AId4	1	0	1	.txt:1
Dota Mod Project/Tools/HeroWorkshop2/items/I0OL__I0OL	4	266	1	.txt:3, .json:1
Dota Mod Project/Tools/HeroWorkshop2/items/I0OL__I0OL/slots	3	0	0	.txt:3
Dota Mod Project/Tools/HeroWorkshop2/items/I0OL__I0OL/slots/01_A2EA	1	0	1	.txt:1
Dota Mod Project/Tools/HeroWorkshop2/items/I0OL__I0OL/slots/02_A2W2	1	0	1	.txt:1
Dota Mod Project/Tools/HeroWorkshop2/items/I0OL__I0OL/slots/03_A3B3	1	0	1	.txt:1
Dota Mod Project/Tools/HeroWorkshop2/items/I0OS__I0OS	2	134	1	.json:1, .txt:1
Dota Mod Project/Tools/HeroWorkshop2/items/I0OS__I0OS/slots	1	0	0	.txt:1
Dota Mod Project/Tools/HeroWorkshop2/items/I0OS__I0OS/slots/01_A0TK	1	0	1	.txt:1
Dota Mod Project/Tools/HeroWorkshop2/items/I0OV__I0OV	5	332	1	.txt:4, .json:1
Dota Mod Project/Tools/HeroWorkshop2/items/I0OV__I0OV/slots	4	0	0	.txt:4
Dota Mod Project/Tools/HeroWorkshop2/items/I0OV__I0OV/slots/01_A2K4	1	0	1	.txt:1
Dota Mod Project/Tools/HeroWorkshop2/items/I0OV__I0OV/slots/02_A00B	1	0	1	.txt:1
Dota Mod Project/Tools/HeroWorkshop2/items/I0OV__I0OV/slots/03_A2K6	1	0	1	.txt:1
Dota Mod Project/Tools/HeroWorkshop2/items/I0OV__I0OV/slots/04_A2K8	1	0	1	.txt:1
Dota Mod Project/Tools/HeroWorkshop2/items/I0OX__I0OX	4	266	1	.txt:3, .json:1
Dota Mod Project/Tools/HeroWorkshop2/items/I0OX__I0OX/slots	3	0	0	.txt:3
Dota Mod Project/Tools/HeroWorkshop2/items/I0OX__I0OX/slots/01_A2K7	1	0	1	.txt:1
Dota Mod Project/Tools/HeroWorkshop2/items/I0OX__I0OX/slots/02_A3AJ	1	0	1	.txt:1
Dota Mod Project/Tools/HeroWorkshop2/items/I0OX__I0OX/slots/03_A015	1	0	1	.txt:1
Dota Mod Project/Tools/HeroWorkshop2/items/I0P1__I0P1	5	332	1	.txt:4, .json:1
Dota Mod Project/Tools/HeroWorkshop2/items/I0P1__I0P1/slots	4	0	0	.txt:4
Dota Mod Project/Tools/HeroWorkshop2/items/I0P1__I0P1/slots/01_A2KG	1	0	1	.txt:1
Dota Mod Project/Tools/HeroWorkshop2/items/I0P1__I0P1/slots/02_A2KE	1	0	1	.txt:1
Dota Mod Project/Tools/HeroWorkshop2/items/I0P1__I0P1/slots/03_AIad	1	0	1	.txt:1
Dota Mod Project/Tools/HeroWorkshop2/items/I0P1__I0P1/slots/04_A2KG	1	0	1	.txt:1
Dota Mod Project/Tools/HeroWorkshop2/items/I0P4__I0P4	5	332	1	.txt:4, .json:1
Dota Mod Project/Tools/HeroWorkshop2/items/I0P4__I0P4/slots	4	0	0	.txt:4
Dota Mod Project/Tools/HeroWorkshop2/items/I0P4__I0P4/slots/01_A2KG	1	0	1	.txt:1
Dota Mod Project/Tools/HeroWorkshop2/items/I0P4__I0P4/slots/02_A2KE	1	0	1	.txt:1
Dota Mod Project/Tools/HeroWorkshop2/items/I0P4__I0P4/slots/03_A0PX	1	0	1	.txt:1
Dota Mod Project/Tools/HeroWorkshop2/items/I0P4__I0P4/slots/04_A2KG	1	0	1	.txt:1
Dota Mod Project/Tools/HeroWorkshop2/items/I0P8__I0P8	5	332	1	.txt:4, .json:1
Dota Mod Project/Tools/HeroWorkshop2/items/I0P8__I0P8/slots	4	0	0	.txt:4
Dota Mod Project/Tools/HeroWorkshop2/items/I0P8__I0P8/slots/01_A2LI	1	0	1	.txt:1
Dota Mod Project/Tools/HeroWorkshop2/items/I0P8__I0P8/slots/02_A015	1	0	1	.txt:1
Dota Mod Project/Tools/HeroWorkshop2/items/I0P8__I0P8/slots/03_AIti	1	0	1	.txt:1
Dota Mod Project/Tools/HeroWorkshop2/items/I0P8__I0P8/slots/04_AItx	1	0	1	.txt:1
Dota Mod Project/Tools/HeroWorkshop2/items/I0PB__I0PB	3	200	1	.txt:2, .json:1
Dota Mod Project/Tools/HeroWorkshop2/items/I0PB__I0PB/slots	2	0	0	.txt:2
Dota Mod Project/Tools/HeroWorkshop2/items/I0PB__I0PB/slots/01_A2N1	1	0	1	.txt:1
Dota Mod Project/Tools/HeroWorkshop2/items/I0PB__I0PB/slots/02_A3LH	1	0	1	.txt:1
Dota Mod Project/Tools/HeroWorkshop2/items/I0PH__I0PH	2	134	1	.json:1, .txt:1
Dota Mod Project/Tools/HeroWorkshop2/items/I0PH__I0PH/slots	1	0	0	.txt:1
Dota Mod Project/Tools/HeroWorkshop2/items/I0PH__I0PH/slots/01_A0TK	1	0	1	.txt:1
Dota Mod Project/Tools/HeroWorkshop2/items/I0PK__I0PK	2	134	1	.json:1, .txt:1
Dota Mod Project/Tools/HeroWorkshop2/items/I0PK__I0PK/slots	1	0	0	.txt:1
Dota Mod Project/Tools/HeroWorkshop2/items/I0PK__I0PK/slots/01_A0TK	1	0	1	.txt:1
Dota Mod Project/Tools/HeroWorkshop2/items/I0PM__I0PM	4	266	1	.txt:3, .json:1
Dota Mod Project/Tools/HeroWorkshop2/items/I0PM__I0PM/slots	3	0	0	.txt:3
Dota Mod Project/Tools/HeroWorkshop2/items/I0PM__I0PM/slots/01_A2R1	1	0	1	.txt:1
Dota Mod Project/Tools/HeroWorkshop2/items/I0PM__I0PM/slots/02_A0PJ	1	0	1	.txt:1
Dota Mod Project/Tools/HeroWorkshop2/items/I0PM__I0PM/slots/03_A0K8	1	0	1	.txt:1
Dota Mod Project/Tools/HeroWorkshop2/items/I0PQ__I0PQ	2	134	1	.json:1, .txt:1
Dota Mod Project/Tools/HeroWorkshop2/items/I0PQ__I0PQ/slots	1	0	0	.txt:1
Dota Mod Project/Tools/HeroWorkshop2/items/I0PQ__I0PQ/slots/01_A0TK	1	0	1	.txt:1
Dota Mod Project/Tools/HeroWorkshop2/items/I0PT__I0PT	2	134	1	.json:1, .txt:1
Dota Mod Project/Tools/HeroWorkshop2/items/I0PT__I0PT/slots	1	0	0	.txt:1
Dota Mod Project/Tools/HeroWorkshop2/items/I0PT__I0PT/slots/01_A0TK	1	0	1	.txt:1
Dota Mod Project/Tools/HeroWorkshop2/items/I0PW__I0PW	2	134	1	.json:1, .txt:1
Dota Mod Project/Tools/HeroWorkshop2/items/I0PW__I0PW/slots	1	0	0	.txt:1
Dota Mod Project/Tools/HeroWorkshop2/items/I0PW__I0PW/slots/01_A0TK	1	0	1	.txt:1
Dota Mod Project/Tools/HeroWorkshop2/items/I0Q2__I0Q2	2	134	1	.json:1, .txt:1
Dota Mod Project/Tools/HeroWorkshop2/items/I0Q2__I0Q2/slots	1	0	0	.txt:1
Dota Mod Project/Tools/HeroWorkshop2/items/I0Q2__I0Q2/slots/01_A0TK	1	0	1	.txt:1
Dota Mod Project/Tools/HeroWorkshop2/items/I0Q3__I0Q3	2	134	1	.json:1, .txt:1
Dota Mod Project/Tools/HeroWorkshop2/items/I0Q3__I0Q3/slots	1	0	0	.txt:1
Dota Mod Project/Tools/HeroWorkshop2/items/I0Q3__I0Q3/slots/01_A0TK	1	0	1	.txt:1
Dota Mod Project/Tools/HeroWorkshop2/items/I0Q6__I0Q6	2	134	1	.json:1, .txt:1
Dota Mod Project/Tools/HeroWorkshop2/items/I0Q6__I0Q6/slots	1	0	0	.txt:1
Dota Mod Project/Tools/HeroWorkshop2/items/I0Q6__I0Q6/slots/01_A2VG	1	0	1	.txt:1
Dota Mod Project/Tools/HeroWorkshop2/items/I0Q9__I0Q9	2	134	1	.json:1, .txt:1
Dota Mod Project/Tools/HeroWorkshop2/items/I0Q9__I0Q9/slots	1	0	0	.txt:1
Dota Mod Project/Tools/HeroWorkshop2/items/I0Q9__I0Q9/slots/01_A2VG	1	0	1	.txt:1
Dota Mod Project/Tools/HeroWorkshop2/items/I0QA__I0QA	2	134	1	.json:1, .txt:1
Dota Mod Project/Tools/HeroWorkshop2/items/I0QA__I0QA/slots	1	0	0	.txt:1
Dota Mod Project/Tools/HeroWorkshop2/items/I0QA__I0QA/slots/01_A2VH	1	0	1	.txt:1
Dota Mod Project/Tools/HeroWorkshop2/items/I0QB__I0QB	2	134	1	.json:1, .txt:1
Dota Mod Project/Tools/HeroWorkshop2/items/I0QB__I0QB/slots	1	0	0	.txt:1
Dota Mod Project/Tools/HeroWorkshop2/items/I0QB__I0QB/slots/01_A2VI	1	0	1	.txt:1
Dota Mod Project/Tools/HeroWorkshop2/items/I0QC__I0QC	2	134	1	.json:1, .txt:1
Dota Mod Project/Tools/HeroWorkshop2/items/I0QC__I0QC/slots	1	0	0	.txt:1
Dota Mod Project/Tools/HeroWorkshop2/items/I0QC__I0QC/slots/01_A2VJ	1	0	1	.txt:1
Dota Mod Project/Tools/HeroWorkshop2/items/I0QD__I0QD	2	134	1	.json:1, .txt:1
Dota Mod Project/Tools/HeroWorkshop2/items/I0QD__I0QD/slots	1	0	0	.txt:1
Dota Mod Project/Tools/HeroWorkshop2/items/I0QD__I0QD/slots/01_A2VK	1	0	1	.txt:1
Dota Mod Project/Tools/HeroWorkshop2/items/I0QM__I0QM	2	134	1	.json:1, .txt:1
Dota Mod Project/Tools/HeroWorkshop2/items/I0QM__I0QM/slots	1	0	0	.txt:1
Dota Mod Project/Tools/HeroWorkshop2/items/I0QM__I0QM/slots/01_A0TK	1	0	1	.txt:1
Dota Mod Project/Tools/HeroWorkshop2/items/I0QP__I0QP	2	134	1	.json:1, .txt:1
Dota Mod Project/Tools/HeroWorkshop2/items/I0QP__I0QP/slots	1	0	0	.txt:1
Dota Mod Project/Tools/HeroWorkshop2/items/I0QP__I0QP/slots/01_A0TK	1	0	1	.txt:1
Dota Mod Project/Tools/HeroWorkshop2/items/I0QS__I0QS	2	134	1	.json:1, .txt:1
Dota Mod Project/Tools/HeroWorkshop2/items/I0QS__I0QS/slots	1	0	0	.txt:1
Dota Mod Project/Tools/HeroWorkshop2/items/I0QS__I0QS/slots/01_A0H7	1	0	1	.txt:1
Dota Mod Project/Tools/HeroWorkshop2/items/I0QT__I0QT	2	134	1	.json:1, .txt:1
Dota Mod Project/Tools/HeroWorkshop2/items/I0QT__I0QT/slots	1	0	0	.txt:1
Dota Mod Project/Tools/HeroWorkshop2/items/I0QT__I0QT/slots/01_A0H7	1	0	1	.txt:1
Dota Mod Project/Tools/HeroWorkshop2/items/I0QV__I0QV	3	200	1	.txt:2, .json:1
Dota Mod Project/Tools/HeroWorkshop2/items/I0QV__I0QV/slots	2	0	0	.txt:2
Dota Mod Project/Tools/HeroWorkshop2/items/I0QV__I0QV/slots/01_A308	1	0	1	.txt:1
Dota Mod Project/Tools/HeroWorkshop2/items/I0QV__I0QV/slots/02_A309	1	0	1	.txt:1
Dota Mod Project/Tools/HeroWorkshop2/items/I0R2__I0R2	2	134	1	.json:1, .txt:1
Dota Mod Project/Tools/HeroWorkshop2/items/I0R2__I0R2/slots	1	0	0	.txt:1
Dota Mod Project/Tools/HeroWorkshop2/items/I0R2__I0R2/slots/01_A0TK	1	0	1	.txt:1
Dota Mod Project/Tools/HeroWorkshop2/items/I0R5__I0R5	2	134	1	.json:1, .txt:1
Dota Mod Project/Tools/HeroWorkshop2/items/I0R5__I0R5/slots	1	0	0	.txt:1
Dota Mod Project/Tools/HeroWorkshop2/items/I0R5__I0R5/slots/01_A0TK	1	0	1	.txt:1
Dota Mod Project/Tools/HeroWorkshop2/items/I0R8__I0R8	2	134	1	.json:1, .txt:1
Dota Mod Project/Tools/HeroWorkshop2/items/I0R8__I0R8/slots	1	0	0	.txt:1
Dota Mod Project/Tools/HeroWorkshop2/items/I0R8__I0R8/slots/01_A0TK	1	0	1	.txt:1
Dota Mod Project/Tools/HeroWorkshop2/items/I0RB__I0RB	2	134	1	.json:1, .txt:1
Dota Mod Project/Tools/HeroWorkshop2/items/I0RB__I0RB/slots	1	0	0	.txt:1
Dota Mod Project/Tools/HeroWorkshop2/items/I0RB__I0RB/slots/01_A0TK	1	0	1	.txt:1
Dota Mod Project/Tools/HeroWorkshop2/items/I0RE__I0RE	2	134	1	.json:1, .txt:1
Dota Mod Project/Tools/HeroWorkshop2/items/I0RE__I0RE/slots	1	0	0	.txt:1
Dota Mod Project/Tools/HeroWorkshop2/items/I0RE__I0RE/slots/01_A0TK	1	0	1	.txt:1
Dota Mod Project/Tools/HeroWorkshop2/items/I0RH__I0RH	2	134	1	.json:1, .txt:1
Dota Mod Project/Tools/HeroWorkshop2/items/I0RH__I0RH/slots	1	0	0	.txt:1
Dota Mod Project/Tools/HeroWorkshop2/items/I0RH__I0RH/slots/01_A0TK	1	0	1	.txt:1
Dota Mod Project/Tools/HeroWorkshop2/items/I0RV__I0RV	2	134	1	.json:1, .txt:1
Dota Mod Project/Tools/HeroWorkshop2/items/I0RV__I0RV/slots	1	0	0	.txt:1
Dota Mod Project/Tools/HeroWorkshop2/items/I0RV__I0RV/slots/01_A0TK	1	0	1	.txt:1
Dota Mod Project/Tools/HeroWorkshop2/items/I0RY__I0RY	2	134	1	.json:1, .txt:1
Dota Mod Project/Tools/HeroWorkshop2/items/I0RY__I0RY/slots	1	0	0	.txt:1
Dota Mod Project/Tools/HeroWorkshop2/items/I0RY__I0RY/slots/01_A0TK	1	0	1	.txt:1
Dota Mod Project/Tools/HeroWorkshop2/items/I0S1__I0S1	2	134	1	.json:1, .txt:1
Dota Mod Project/Tools/HeroWorkshop2/items/I0S1__I0S1/slots	1	0	0	.txt:1
Dota Mod Project/Tools/HeroWorkshop2/items/I0S1__I0S1/slots/01_A0TK	1	0	1	.txt:1
Dota Mod Project/Tools/HeroWorkshop2/items/I0S4__I0S4	2	134	1	.json:1, .txt:1
Dota Mod Project/Tools/HeroWorkshop2/items/I0S4__I0S4/slots	1	0	0	.txt:1
Dota Mod Project/Tools/HeroWorkshop2/items/I0S4__I0S4/slots/01_A0TK	1	0	1	.txt:1
Dota Mod Project/Tools/HeroWorkshop2/items/I0S7__I0S7	3	200	1	.txt:2, .json:1
Dota Mod Project/Tools/HeroWorkshop2/items/I0S7__I0S7/slots	2	0	0	.txt:2
Dota Mod Project/Tools/HeroWorkshop2/items/I0S7__I0S7/slots/01_A38R	1	0	1	.txt:1
Dota Mod Project/Tools/HeroWorkshop2/items/I0S7__I0S7/slots/02_A38Q	1	0	1	.txt:1
Dota Mod Project/Tools/HeroWorkshop2/items/I0SA__I0SA	4	266	1	.txt:3, .json:1
Dota Mod Project/Tools/HeroWorkshop2/items/I0SA__I0SA/slots	3	0	0	.txt:3
Dota Mod Project/Tools/HeroWorkshop2/items/I0SA__I0SA/slots/01_A38V	1	0	1	.txt:1
Dota Mod Project/Tools/HeroWorkshop2/items/I0SA__I0SA/slots/02_A38U	1	0	1	.txt:1
Dota Mod Project/Tools/HeroWorkshop2/items/I0SA__I0SA/slots/03_A38S	1	0	1	.txt:1
Dota Mod Project/Tools/HeroWorkshop2/items/I0SD__I0SD	3	200	1	.txt:2, .json:1
Dota Mod Project/Tools/HeroWorkshop2/items/I0SD__I0SD/slots	2	0	0	.txt:2
Dota Mod Project/Tools/HeroWorkshop2/items/I0SD__I0SD/slots/01_A395	1	0	1	.txt:1
Dota Mod Project/Tools/HeroWorkshop2/items/I0SD__I0SD/slots/02_A38Y	1	0	1	.txt:1
Dota Mod Project/Tools/HeroWorkshop2/items/I0SJ__I0SJ	4	266	1	.txt:3, .json:1
Dota Mod Project/Tools/HeroWorkshop2/items/I0SJ__I0SJ/slots	3	0	0	.txt:3
Dota Mod Project/Tools/HeroWorkshop2/items/I0SJ__I0SJ/slots/01_A397	1	0	1	.txt:1
Dota Mod Project/Tools/HeroWorkshop2/items/I0SJ__I0SJ/slots/02_A2FJ	1	0	1	.txt:1
Dota Mod Project/Tools/HeroWorkshop2/items/I0SJ__I0SJ/slots/03_A396	1	0	1	.txt:1
Dota Mod Project/Tools/HeroWorkshop2/items/I0SM__I0SM	5	332	1	.txt:4, .json:1
Dota Mod Project/Tools/HeroWorkshop2/items/I0SM__I0SM/slots	4	0	0	.txt:4
Dota Mod Project/Tools/HeroWorkshop2/items/I0SM__I0SM/slots/01_A39C	1	0	1	.txt:1
Dota Mod Project/Tools/HeroWorkshop2/items/I0SM__I0SM/slots/02_A399	1	0	1	.txt:1
Dota Mod Project/Tools/HeroWorkshop2/items/I0SM__I0SM/slots/03_A39A	1	0	1	.txt:1
Dota Mod Project/Tools/HeroWorkshop2/items/I0SM__I0SM/slots/04_A39B	1	0	1	.txt:1
Dota Mod Project/Tools/HeroWorkshop2/items/I0SP__I0SP	2	134	1	.json:1, .txt:1
Dota Mod Project/Tools/HeroWorkshop2/items/I0SP__I0SP/slots	1	0	0	.txt:1
Dota Mod Project/Tools/HeroWorkshop2/items/I0SP__I0SP/slots/01_A3FA	1	0	1	.txt:1
Dota Mod Project/Tools/HeroWorkshop2/items/I0SS__I0SS	5	332	1	.txt:4, .json:1
Dota Mod Project/Tools/HeroWorkshop2/items/I0SS__I0SS/slots	4	0	0	.txt:4
Dota Mod Project/Tools/HeroWorkshop2/items/I0SS__I0SS/slots/01_A39K	1	0	1	.txt:1
Dota Mod Project/Tools/HeroWorkshop2/items/I0SS__I0SS/slots/02_A39H	1	0	1	.txt:1
Dota Mod Project/Tools/HeroWorkshop2/items/I0SS__I0SS/slots/03_A39E	1	0	1	.txt:1
Dota Mod Project/Tools/HeroWorkshop2/items/I0SS__I0SS/slots/04_A39G	1	0	1	.txt:1
Dota Mod Project/Tools/HeroWorkshop2/items/I0SV__I0SV	2	134	1	.json:1, .txt:1
Dota Mod Project/Tools/HeroWorkshop2/items/I0SV__I0SV/slots	1	0	0	.txt:1
Dota Mod Project/Tools/HeroWorkshop2/items/I0SV__I0SV/slots/01_A39T	1	0	1	.txt:1
Dota Mod Project/Tools/HeroWorkshop2/items/I0SX__I0SX	2	134	1	.json:1, .txt:1
Dota Mod Project/Tools/HeroWorkshop2/items/I0SX__I0SX/slots	1	0	0	.txt:1
Dota Mod Project/Tools/HeroWorkshop2/items/I0SX__I0SX/slots/01_A2WH	1	0	1	.txt:1
Dota Mod Project/Tools/HeroWorkshop2/items/I0SY__I0SY	2	134	1	.json:1, .txt:1
Dota Mod Project/Tools/HeroWorkshop2/items/I0SY__I0SY/slots	1	0	0	.txt:1
Dota Mod Project/Tools/HeroWorkshop2/items/I0SY__I0SY/slots/01_A2WI	1	0	1	.txt:1
Dota Mod Project/Tools/HeroWorkshop2/items/I0T0__I0T0	3	200	1	.txt:2, .json:1
Dota Mod Project/Tools/HeroWorkshop2/items/I0T0__I0T0/slots	2	0	0	.txt:2
Dota Mod Project/Tools/HeroWorkshop2/items/I0T0__I0T0/slots/01_A3AG	1	0	1	.txt:1
Dota Mod Project/Tools/HeroWorkshop2/items/I0T0__I0T0/slots/02_A00D	1	0	1	.txt:1
Dota Mod Project/Tools/HeroWorkshop2/items/I0T6__I0T6	3	200	1	.txt:2, .json:1
Dota Mod Project/Tools/HeroWorkshop2/items/I0T6__I0T6/slots	2	0	0	.txt:2
Dota Mod Project/Tools/HeroWorkshop2/items/I0T6__I0T6/slots/01_A3BP	1	0	1	.txt:1
Dota Mod Project/Tools/HeroWorkshop2/items/I0T6__I0T6/slots/02_A3BK	1	0	1	.txt:1
Dota Mod Project/Tools/HeroWorkshop2/items/I0T8__I0T8	2	134	1	.json:1, .txt:1
Dota Mod Project/Tools/HeroWorkshop2/items/I0T8__I0T8/slots	1	0	0	.txt:1
Dota Mod Project/Tools/HeroWorkshop2/items/I0T8__I0T8/slots/01_A3CP	1	0	1	.txt:1
Dota Mod Project/Tools/HeroWorkshop2/items/I0T9__I0T9	2	134	1	.json:1, .txt:1
Dota Mod Project/Tools/HeroWorkshop2/items/I0T9__I0T9/slots	1	0	0	.txt:1
Dota Mod Project/Tools/HeroWorkshop2/items/I0T9__I0T9/slots/01_A3CR	1	0	1	.txt:1
Dota Mod Project/Tools/HeroWorkshop2/items/I0TB__I0TB	2	134	1	.json:1, .txt:1
Dota Mod Project/Tools/HeroWorkshop2/items/I0TB__I0TB/slots	1	0	0	.txt:1
Dota Mod Project/Tools/HeroWorkshop2/items/I0TB__I0TB/slots/01_A0TK	1	0	1	.txt:1
Dota Mod Project/Tools/HeroWorkshop2/items/I0TE__I0TE	2	134	1	.json:1, .txt:1
Dota Mod Project/Tools/HeroWorkshop2/items/I0TE__I0TE/slots	1	0	0	.txt:1
Dota Mod Project/Tools/HeroWorkshop2/items/I0TE__I0TE/slots/01_A0TK	1	0	1	.txt:1
Dota Mod Project/Tools/HeroWorkshop2/items/I0TH__I0TH	2	134	1	.json:1, .txt:1
Dota Mod Project/Tools/HeroWorkshop2/items/I0TH__I0TH/slots	1	0	0	.txt:1
Dota Mod Project/Tools/HeroWorkshop2/items/I0TH__I0TH/slots/01_A0TK	1	0	1	.txt:1
Dota Mod Project/Tools/HeroWorkshop2/items/I0TK__I0TK	2	134	1	.json:1, .txt:1
Dota Mod Project/Tools/HeroWorkshop2/items/I0TK__I0TK/slots	1	0	0	.txt:1
Dota Mod Project/Tools/HeroWorkshop2/items/I0TK__I0TK/slots/01_A0TK	1	0	1	.txt:1
Dota Mod Project/Tools/HeroWorkshop2/items/I0TN__I0TN	2	134	1	.json:1, .txt:1
Dota Mod Project/Tools/HeroWorkshop2/items/I0TN__I0TN/slots	1	0	0	.txt:1
Dota Mod Project/Tools/HeroWorkshop2/items/I0TN__I0TN/slots/01_A0TK	1	0	1	.txt:1
Dota Mod Project/Tools/HeroWorkshop2/items/I0TQ__I0TQ	3	200	1	.txt:2, .json:1
Dota Mod Project/Tools/HeroWorkshop2/items/I0TQ__I0TQ/slots	2	0	0	.txt:2
Dota Mod Project/Tools/HeroWorkshop2/items/I0TQ__I0TQ/slots/01_A3E8	1	0	1	.txt:1
Dota Mod Project/Tools/HeroWorkshop2/items/I0TQ__I0TQ/slots/02_A0TK	1	0	1	.txt:1
Dota Mod Project/Tools/HeroWorkshop2/items/I0TS__I0TS	2	134	1	.json:1, .txt:1
Dota Mod Project/Tools/HeroWorkshop2/items/I0TS__I0TS/slots	1	0	0	.txt:1
Dota Mod Project/Tools/HeroWorkshop2/items/I0TS__I0TS/slots/01_A3CR	1	0	1	.txt:1
Dota Mod Project/Tools/HeroWorkshop2/items/I0TT__I0TT	2	134	1	.json:1, .txt:1
Dota Mod Project/Tools/HeroWorkshop2/items/I0TT__I0TT/slots	1	0	0	.txt:1
Dota Mod Project/Tools/HeroWorkshop2/items/I0TT__I0TT/slots/01_A3FM	1	0	1	.txt:1
Dota Mod Project/Tools/HeroWorkshop2/items/I0TU__I0TU	2	134	1	.json:1, .txt:1
Dota Mod Project/Tools/HeroWorkshop2/items/I0TU__I0TU/slots	1	0	0	.txt:1
Dota Mod Project/Tools/HeroWorkshop2/items/I0TU__I0TU/slots/01_A3FN	1	0	1	.txt:1
Dota Mod Project/Tools/HeroWorkshop2/items/I0TW__I0TW	2	134	1	.json:1, .txt:1
Dota Mod Project/Tools/HeroWorkshop2/items/I0TW__I0TW/slots	1	0	0	.txt:1
Dota Mod Project/Tools/HeroWorkshop2/items/I0TW__I0TW/slots/01_A0TK	1	0	1	.txt:1
Dota Mod Project/Tools/HeroWorkshop2/items/I0TY__I0TY	2	134	1	.json:1, .txt:1
Dota Mod Project/Tools/HeroWorkshop2/items/I0TY__I0TY/slots	1	0	0	.txt:1
Dota Mod Project/Tools/HeroWorkshop2/items/I0TY__I0TY/slots/01_A3J6	1	0	1	.txt:1
Dota Mod Project/Tools/HeroWorkshop2/items/I0TZ__I0TZ	2	134	1	.json:1, .txt:1
Dota Mod Project/Tools/HeroWorkshop2/items/I0TZ__I0TZ/slots	1	0	0	.txt:1
Dota Mod Project/Tools/HeroWorkshop2/items/I0TZ__I0TZ/slots/01_A3J7	1	0	1	.txt:1
Dota Mod Project/Tools/HeroWorkshop2/items/I0U5__I0U5	2	134	1	.json:1, .txt:1
Dota Mod Project/Tools/HeroWorkshop2/items/I0U5__I0U5/slots	1	0	0	.txt:1
Dota Mod Project/Tools/HeroWorkshop2/items/I0U5__I0U5/slots/01_A3KM	1	0	1	.txt:1
Dota Mod Project/Tools/HeroWorkshop2/items/I0U6__I0U6	2	134	1	.json:1, .txt:1
Dota Mod Project/Tools/HeroWorkshop2/items/I0U6__I0U6/slots	1	0	0	.txt:1
Dota Mod Project/Tools/HeroWorkshop2/items/I0U6__I0U6/slots/01_A07A	1	0	1	.txt:1
Dota Mod Project/Tools/HeroWorkshop2/items/I0U7__I0U7	2	134	1	.json:1, .txt:1
Dota Mod Project/Tools/HeroWorkshop2/items/I0U7__I0U7/slots	1	0	0	.txt:1
Dota Mod Project/Tools/HeroWorkshop2/items/I0U7__I0U7/slots/01_A025	1	0	1	.txt:1
Dota Mod Project/Tools/HeroWorkshop2/items/I0Z2__I0Z2	2	134	1	.json:1, .txt:1
Dota Mod Project/Tools/HeroWorkshop2/items/I0Z2__I0Z2/slots	1	0	0	.txt:1
Dota Mod Project/Tools/HeroWorkshop2/items/I0Z2__I0Z2/slots/01_A0TK	1	0	1	.txt:1
Dota Mod Project/Tools/HeroWorkshop2/items/dust__dust	2	134	1	.json:1, .txt:1
Dota Mod Project/Tools/HeroWorkshop2/items/dust__dust/slots	1	0	0	.txt:1
Dota Mod Project/Tools/HeroWorkshop2/items/dust__dust/slots/01_AItb	1	0	1	.txt:1
Dota Mod Project/Tools/HeroWorkshop2/items/hslv__hslv	2	134	1	.json:1, .txt:1
Dota Mod Project/Tools/HeroWorkshop2/items/hslv__hslv/slots	1	0	0	.txt:1
Dota Mod Project/Tools/HeroWorkshop2/items/hslv__hslv/slots/01_AIrl	1	0	1	.txt:1
Dota Mod Project/Tools/HeroWorkshop2/items/mcri__mcri	2	134	1	.json:1, .txt:1
Dota Mod Project/Tools/HeroWorkshop2/items/mcri__mcri/slots	1	0	0	.txt:1
Dota Mod Project/Tools/HeroWorkshop2/items/mcri__mcri/slots/01_Amec	1	0	1	.txt:1
Dota Mod Project/Tools/HeroWorkshop2/items/moon__moon	2	134	1	.json:1, .txt:1
Dota Mod Project/Tools/HeroWorkshop2/items/moon__moon/slots	1	0	0	.txt:1
Dota Mod Project/Tools/HeroWorkshop2/items/moon__moon/slots/01_AIct	1	0	1	.txt:1
Dota Mod Project/Tools/HeroWorkshop2/items/ocor__ocor	2	134	1	.json:1, .txt:1
Dota Mod Project/Tools/HeroWorkshop2/items/ocor__ocor/slots	1	0	0	.txt:1
Dota Mod Project/Tools/HeroWorkshop2/items/ocor__ocor/slots/01_AIcb	1	0	1	.txt:1
Dota Mod Project/Tools/HeroWorkshop2/items/ofir__ofir	2	134	1	.json:1, .txt:1
Dota Mod Project/Tools/HeroWorkshop2/items/ofir__ofir/slots	1	0	0	.txt:1
Dota Mod Project/Tools/HeroWorkshop2/items/ofir__ofir/slots/01_AIfb	1	0	1	.txt:1
Dota Mod Project/Tools/HeroWorkshop2/items/oli2__oli2	2	134	1	.json:1, .txt:1
Dota Mod Project/Tools/HeroWorkshop2/items/oli2__oli2/slots	1	0	0	.txt:1
Dota Mod Project/Tools/HeroWorkshop2/items/oli2__oli2/slots/01_AIll	1	0	1	.txt:1
Dota Mod Project/Tools/HeroWorkshop2/items/oven__oven	3	200	1	.txt:2, .json:1
Dota Mod Project/Tools/HeroWorkshop2/items/oven__oven/slots	2	0	0	.txt:2
Dota Mod Project/Tools/HeroWorkshop2/items/oven__oven/slots/01_AIpb	1	0	1	.txt:1
Dota Mod Project/Tools/HeroWorkshop2/items/oven__oven/slots/02_Apo2	1	0	1	.txt:1
Dota Mod Project/Tools/HeroWorkshop2/items/pams__pams	2	134	1	.json:1, .txt:1
Dota Mod Project/Tools/HeroWorkshop2/items/pams__pams/slots	1	0	0	.txt:1
Dota Mod Project/Tools/HeroWorkshop2/items/pams__pams/slots/01_AIxs	1	0	1	.txt:1
Dota Mod Project/Tools/HeroWorkshop2/items/phea__phea	2	134	1	.json:1, .txt:1
Dota Mod Project/Tools/HeroWorkshop2/items/phea__phea/slots	1	0	0	.txt:1
Dota Mod Project/Tools/HeroWorkshop2/items/phea__phea/slots/01_AIh1	1	0	1	.txt:1
Dota Mod Project/Tools/HeroWorkshop2/items/plcl__plcl	2	134	1	.json:1, .txt:1
Dota Mod Project/Tools/HeroWorkshop2/items/plcl__plcl/slots	1	0	0	.txt:1
Dota Mod Project/Tools/HeroWorkshop2/items/plcl__plcl/slots/01_AIpl	1	0	1	.txt:1
Dota Mod Project/Tools/HeroWorkshop2/items/pman__pman	2	134	1	.json:1, .txt:1
Dota Mod Project/Tools/HeroWorkshop2/items/pman__pman/slots	1	0	0	.txt:1
Dota Mod Project/Tools/HeroWorkshop2/items/pman__pman/slots/01_AIm1	1	0	1	.txt:1
Dota Mod Project/Tools/HeroWorkshop2/items/rej2__rej2	2	134	1	.json:1, .txt:1
Dota Mod Project/Tools/HeroWorkshop2/items/rej2__rej2/slots	1	0	0	.txt:1
Dota Mod Project/Tools/HeroWorkshop2/items/rej2__rej2/slots/01_AIp2	1	0	1	.txt:1
Dota Mod Project/Tools/HeroWorkshop2/items/rnec__rnec	2	134	1	.json:1, .txt:1
Dota Mod Project/Tools/HeroWorkshop2/items/rnec__rnec/slots	1	0	0	.txt:1
Dota Mod Project/Tools/HeroWorkshop2/items/rnec__rnec/slots/01_AIrd	1	0	1	.txt:1
Dota Mod Project/Tools/HeroWorkshop2/items/shas__shas	2	134	1	.json:1, .txt:1
Dota Mod Project/Tools/HeroWorkshop2/items/shas__shas/slots	1	0	0	.txt:1
Dota Mod Project/Tools/HeroWorkshop2/items/shas__shas/slots/01_AIsa	1	0	1	.txt:1
Dota Mod Project/Tools/HeroWorkshop2/items/shea__shea	2	134	1	.json:1, .txt:1
Dota Mod Project/Tools/HeroWorkshop2/items/shea__shea/slots	1	0	0	.txt:1
Dota Mod Project/Tools/HeroWorkshop2/items/shea__shea/slots/01_AIha	1	0	1	.txt:1
Dota Mod Project/Tools/HeroWorkshop2/items/skul__skul	2	134	1	.json:1, .txt:1
Dota Mod Project/Tools/HeroWorkshop2/items/skul__skul/slots	1	0	0	.txt:1
Dota Mod Project/Tools/HeroWorkshop2/items/skul__skul/slots/01_Ablp	1	0	1	.txt:1
Dota Mod Project/Tools/HeroWorkshop2/items/spre__spre	2	134	1	.json:1, .txt:1
Dota Mod Project/Tools/HeroWorkshop2/items/spre__spre/slots	1	0	0	.txt:1
Dota Mod Project/Tools/HeroWorkshop2/items/spre__spre/slots/01_ANpr	1	0	1	.txt:1
Dota Mod Project/Tools/HeroWorkshop2/items/sreg__sreg	2	134	1	.json:1, .txt:1
Dota Mod Project/Tools/HeroWorkshop2/items/sreg__sreg/slots	1	0	0	.txt:1
Dota Mod Project/Tools/HeroWorkshop2/items/sreg__sreg/slots/01_AIsl	1	0	1	.txt:1
Dota Mod Project/Tools/HeroWorkshop2/items/ssan__ssan	2	134	1	.json:1, .txt:1
Dota Mod Project/Tools/HeroWorkshop2/items/ssan__ssan/slots	1	0	0	.txt:1
Dota Mod Project/Tools/HeroWorkshop2/items/ssan__ssan/slots/01_ANsa	1	0	1	.txt:1
Dota Mod Project/Tools/HeroWorkshop2/items/stwp__stwp	2	134	1	.json:1, .txt:1
Dota Mod Project/Tools/HeroWorkshop2/items/stwp__stwp/slots	1	0	0	.txt:1
Dota Mod Project/Tools/HeroWorkshop2/items/stwp__stwp/slots/01_AItp	1	0	1	.txt:1
Dota Mod Project/Tools/HeroWorkshop2/items/tgrh__tgrh	2	134	1	.json:1, .txt:1
Dota Mod Project/Tools/HeroWorkshop2/items/tgrh__tgrh/slots	1	0	0	.txt:1
Dota Mod Project/Tools/HeroWorkshop2/items/tgrh__tgrh/slots/01_AIbg	1	0	1	.txt:1
Dota Mod Project/Tools/HeroWorkshop2/items/tsct__tsct	2	134	1	.json:1, .txt:1
Dota Mod Project/Tools/HeroWorkshop2/items/tsct__tsct/slots	1	0	0	.txt:1
Dota Mod Project/Tools/HeroWorkshop2/items/tsct__tsct/slots/01_AIbt	1	0	1	.txt:1
Dota Mod Project/Tools/HeroWorkshop2/tools	2	1023808	2	(none):2
Dota Mod Project/Tools/HeroWorkshop2/units	222	88402	0	.json:222
Dota Mod Project/Tools/HeroWorkshop2/units/H00J__H00J	1	710	1	.json:1
Dota Mod Project/Tools/HeroWorkshop2/units/H00Y__H00Y	1	340	1	.json:1
Dota Mod Project/Tools/HeroWorkshop2/units/H07G__H07G	1	340	1	.json:1
Dota Mod Project/Tools/HeroWorkshop2/units/H0B8__H0B8	1	550	1	.json:1
Dota Mod Project/Tools/HeroWorkshop2/units/H0DL__H0DL	1	482	1	.json:1
Dota Mod Project/Tools/HeroWorkshop2/units/N0MM__N0MM	1	780	1	.json:1
Dota Mod Project/Tools/HeroWorkshop2/units/e000__e000	1	410	1	.json:1
Dota Mod Project/Tools/HeroWorkshop2/units/e001__e001	1	340	1	.json:1
Dota Mod Project/Tools/HeroWorkshop2/units/e003__e003	1	340	1	.json:1
Dota Mod Project/Tools/HeroWorkshop2/units/e006__e006	1	340	1	.json:1
Dota Mod Project/Tools/HeroWorkshop2/units/e008__e008	1	340	1	.json:1
Dota Mod Project/Tools/HeroWorkshop2/units/e009__e009	1	340	1	.json:1
Dota Mod Project/Tools/HeroWorkshop2/units/e00A__e00A	1	340	1	.json:1
Dota Mod Project/Tools/HeroWorkshop2/units/e00B__e00B	1	340	1	.json:1
Dota Mod Project/Tools/HeroWorkshop2/units/e00C__e00C	1	270	1	.json:1
Dota Mod Project/Tools/HeroWorkshop2/units/e00D__e00D	1	340	1	.json:1
Dota Mod Project/Tools/HeroWorkshop2/units/e00E__e00E	1	340	1	.json:1
Dota Mod Project/Tools/HeroWorkshop2/units/e00I__e00I	1	267	1	.json:1
Dota Mod Project/Tools/HeroWorkshop2/units/e00J__e00J	1	340	1	.json:1
Dota Mod Project/Tools/HeroWorkshop2/units/e00K__e00K	1	267	1	.json:1
Dota Mod Project/Tools/HeroWorkshop2/units/e00L__e00L	1	340	1	.json:1
Dota Mod Project/Tools/HeroWorkshop2/units/e00Q__e00Q	1	340	1	.json:1
Dota Mod Project/Tools/HeroWorkshop2/units/e00R__e00R	1	340	1	.json:1
Dota Mod Project/Tools/HeroWorkshop2/units/e00S__e00S	1	340	1	.json:1
Dota Mod Project/Tools/HeroWorkshop2/units/e00U__e00U	1	340	1	.json:1
Dota Mod Project/Tools/HeroWorkshop2/units/e00X__e00X	1	410	1	.json:1
Dota Mod Project/Tools/HeroWorkshop2/units/e010__e010	1	271	1	.json:1
Dota Mod Project/Tools/HeroWorkshop2/units/e011__e011	1	340	1	.json:1
Dota Mod Project/Tools/HeroWorkshop2/units/e017__e017	1	341	1	.json:1
Dota Mod Project/Tools/HeroWorkshop2/units/e019__e019	1	340	1	.json:1
Dota Mod Project/Tools/HeroWorkshop2/units/e01E__e01E	1	410	1	.json:1
Dota Mod Project/Tools/HeroWorkshop2/units/e01F__e01F	1	410	1	.json:1
Dota Mod Project/Tools/HeroWorkshop2/units/e01G__e01G	1	341	1	.json:1
Dota Mod Project/Tools/HeroWorkshop2/units/e01K__e01K	1	410	1	.json:1
Dota Mod Project/Tools/HeroWorkshop2/units/e01L__e01L	1	410	1	.json:1
Dota Mod Project/Tools/HeroWorkshop2/units/e01M__e01M	1	410	1	.json:1
Dota Mod Project/Tools/HeroWorkshop2/units/e01O__e01O	1	410	1	.json:1
Dota Mod Project/Tools/HeroWorkshop2/units/e01R__e01R	1	340	1	.json:1
Dota Mod Project/Tools/HeroWorkshop2/units/e01T__e01T	1	340	1	.json:1
Dota Mod Project/Tools/HeroWorkshop2/units/e01V__e01V	1	340	1	.json:1
Dota Mod Project/Tools/HeroWorkshop2/units/e020__e020	1	620	1	.json:1
Dota Mod Project/Tools/HeroWorkshop2/units/e022__e022	1	340	1	.json:1
Dota Mod Project/Tools/HeroWorkshop2/units/e025__e025	1	620	1	.json:1
Dota Mod Project/Tools/HeroWorkshop2/units/e02A__e02A	1	340	1	.json:1
Dota Mod Project/Tools/HeroWorkshop2/units/e02C__e02C	1	340	1	.json:1
Dota Mod Project/Tools/HeroWorkshop2/units/e02P__e02P	1	270	1	.json:1
Dota Mod Project/Tools/HeroWorkshop2/units/e02Q__e02Q	1	340	1	.json:1
Dota Mod Project/Tools/HeroWorkshop2/units/e02Y__e02Y	1	340	1	.json:1
Dota Mod Project/Tools/HeroWorkshop2/units/e02Z__e02Z	1	340	1	.json:1
Dota Mod Project/Tools/HeroWorkshop2/units/e039__e039	1	340	1	.json:1
Dota Mod Project/Tools/HeroWorkshop2/units/eaoe__eaoe	1	270	1	.json:1
Dota Mod Project/Tools/HeroWorkshop2/units/eaom__eaom	1	270	1	.json:1
Dota Mod Project/Tools/HeroWorkshop2/units/eaow__eaow	1	270	1	.json:1
Dota Mod Project/Tools/HeroWorkshop2/units/edob__edob	1	270	1	.json:1
Dota Mod Project/Tools/HeroWorkshop2/units/emow__emow	1	340	1	.json:1
Dota Mod Project/Tools/HeroWorkshop2/units/etol__etol	1	270	1	.json:1
Dota Mod Project/Tools/HeroWorkshop2/units/ewsp__ewsp	1	410	1	.json:1
Dota Mod Project/Tools/HeroWorkshop2/units/h002__h002	1	550	1	.json:1
Dota Mod Project/Tools/HeroWorkshop2/units/h003__h003	1	410	1	.json:1
Dota Mod Project/Tools/HeroWorkshop2/units/h005__h005	1	410	1	.json:1
Dota Mod Project/Tools/HeroWorkshop2/units/h007__h007	1	410	1	.json:1
Dota Mod Project/Tools/HeroWorkshop2/units/h00C__h00C	1	410	1	.json:1
Dota Mod Project/Tools/HeroWorkshop2/units/h00O__h00O	1	340	1	.json:1
Dota Mod Project/Tools/HeroWorkshop2/units/h00P__h00P	1	340	1	.json:1
Dota Mod Project/Tools/HeroWorkshop2/units/h03Y__h03Y	1	340	1	.json:1
Dota Mod Project/Tools/HeroWorkshop2/units/h06I__h06I	1	410	1	.json:1
Dota Mod Project/Tools/HeroWorkshop2/units/h06J__h06J	1	410	1	.json:1
Dota Mod Project/Tools/HeroWorkshop2/units/h06K__h06K	1	270	1	.json:1
Dota Mod Project/Tools/HeroWorkshop2/units/h06L__h06L	1	410	1	.json:1
Dota Mod Project/Tools/HeroWorkshop2/units/h06M__h06M	1	410	1	.json:1
Dota Mod Project/Tools/HeroWorkshop2/units/h06O__h06O	1	410	1	.json:1
Dota Mod Project/Tools/HeroWorkshop2/units/h06P__h06P	1	410	1	.json:1
Dota Mod Project/Tools/HeroWorkshop2/units/h06R__h06R	1	410	1	.json:1
Dota Mod Project/Tools/HeroWorkshop2/units/h06V__h06V	1	410	1	.json:1
Dota Mod Project/Tools/HeroWorkshop2/units/h06Z__h06Z	1	410	1	.json:1
Dota Mod Project/Tools/HeroWorkshop2/units/h077__h077	1	480	1	.json:1
Dota Mod Project/Tools/HeroWorkshop2/units/h078__h078	1	480	1	.json:1
Dota Mod Project/Tools/HeroWorkshop2/units/h07F__h07F	1	410	1	.json:1
Dota Mod Project/Tools/HeroWorkshop2/units/h07H__h07H	1	410	1	.json:1
Dota Mod Project/Tools/HeroWorkshop2/units/h07J__h07J	1	410	1	.json:1
Dota Mod Project/Tools/HeroWorkshop2/units/h07K__h07K	1	480	1	.json:1
Dota Mod Project/Tools/HeroWorkshop2/units/h07Q__h07Q	1	410	1	.json:1
Dota Mod Project/Tools/HeroWorkshop2/units/h07U__h07U	1	410	1	.json:1
Dota Mod Project/Tools/HeroWorkshop2/units/h07W__h07W	1	340	1	.json:1
Dota Mod Project/Tools/HeroWorkshop2/units/h07Z__h07Z	1	410	1	.json:1
Dota Mod Project/Tools/HeroWorkshop2/units/h081__h081	1	480	1	.json:1
Dota Mod Project/Tools/HeroWorkshop2/units/h088__h088	1	410	1	.json:1
Dota Mod Project/Tools/HeroWorkshop2/units/h090__h090	1	410	1	.json:1
Dota Mod Project/Tools/HeroWorkshop2/units/h091__h091	1	410	1	.json:1
Dota Mod Project/Tools/HeroWorkshop2/units/h092__h092	1	410	1	.json:1
Dota Mod Project/Tools/HeroWorkshop2/units/h098__h098	1	340	1	.json:1
Dota Mod Project/Tools/HeroWorkshop2/units/h0B1__h0B1	1	410	1	.json:1
Dota Mod Project/Tools/HeroWorkshop2/units/h0B2__h0B2	1	410	1	.json:1
Dota Mod Project/Tools/HeroWorkshop2/units/h0B6__h0B6	1	411	1	.json:1
Dota Mod Project/Tools/HeroWorkshop2/units/h0BB__h0BB	1	410	1	.json:1
Dota Mod Project/Tools/HeroWorkshop2/units/h0BD__h0BD	1	410	1	.json:1
Dota Mod Project/Tools/HeroWorkshop2/units/h0BQ__h0BQ	1	340	1	.json:1
Dota Mod Project/Tools/HeroWorkshop2/units/h0BX__h0BX	1	410	1	.json:1
Dota Mod Project/Tools/HeroWorkshop2/units/h0C2__h0C2	1	410	1	.json:1
Dota Mod Project/Tools/HeroWorkshop2/units/h0C3__h0C3	1	410	1	.json:1
Dota Mod Project/Tools/HeroWorkshop2/units/h0C6__h0C6	1	410	1	.json:1
Dota Mod Project/Tools/HeroWorkshop2/units/h0CJ__h0CJ	1	340	1	.json:1
Dota Mod Project/Tools/HeroWorkshop2/units/h0CK__h0CK	1	410	1	.json:1
Dota Mod Project/Tools/HeroWorkshop2/units/h0CL__h0CL	1	410	1	.json:1
Dota Mod Project/Tools/HeroWorkshop2/units/h0CS__h0CS	1	410	1	.json:1
Dota Mod Project/Tools/HeroWorkshop2/units/h0CU__h0CU	1	410	1	.json:1
Dota Mod Project/Tools/HeroWorkshop2/units/h0CV__h0CV	1	550	1	.json:1
Dota Mod Project/Tools/HeroWorkshop2/units/h0CW__h0CW	1	550	1	.json:1
Dota Mod Project/Tools/HeroWorkshop2/units/h0CX__h0CX	1	550	1	.json:1
Dota Mod Project/Tools/HeroWorkshop2/units/h0DS__h0DS	1	410	1	.json:1
Dota Mod Project/Tools/HeroWorkshop2/units/h0E7__h0E7	1	340	1	.json:1
Dota Mod Project/Tools/HeroWorkshop2/units/h0E8__h0E8	1	410	1	.json:1
Dota Mod Project/Tools/HeroWorkshop2/units/h0ED__h0ED	1	410	1	.json:1
Dota Mod Project/Tools/HeroWorkshop2/units/h0EG__h0EG	1	410	1	.json:1
Dota Mod Project/Tools/HeroWorkshop2/units/h0EJ__h0EJ	1	410	1	.json:1
Dota Mod Project/Tools/HeroWorkshop2/units/hC95__hC95	1	550	1	.json:1
Dota Mod Project/Tools/HeroWorkshop2/units/n002__n002	1	551	1	.json:1
Dota Mod Project/Tools/HeroWorkshop2/units/n005__n005	1	410	1	.json:1
Dota Mod Project/Tools/HeroWorkshop2/units/n007__n007	1	410	1	.json:1
Dota Mod Project/Tools/HeroWorkshop2/units/n008__n008	1	410	1	.json:1
Dota Mod Project/Tools/HeroWorkshop2/units/n009__n009	1	550	1	.json:1
Dota Mod Project/Tools/HeroWorkshop2/units/n00C__n00C	1	340	1	.json:1
Dota Mod Project/Tools/HeroWorkshop2/units/n00V__n00V	1	551	1	.json:1
Dota Mod Project/Tools/HeroWorkshop2/units/n00W__n00W	1	551	1	.json:1
Dota Mod Project/Tools/HeroWorkshop2/units/n00X__n00X	1	550	1	.json:1
Dota Mod Project/Tools/HeroWorkshop2/units/n018__n018	1	411	1	.json:1
Dota Mod Project/Tools/HeroWorkshop2/units/n019__n019	1	410	1	.json:1
Dota Mod Project/Tools/HeroWorkshop2/units/n01B__n01B	1	410	1	.json:1
Dota Mod Project/Tools/HeroWorkshop2/units/n01C__n01C	1	480	1	.json:1
Dota Mod Project/Tools/HeroWorkshop2/units/n01D__n01D	1	410	1	.json:1
Dota Mod Project/Tools/HeroWorkshop2/units/n01G__n01G	1	621	1	.json:1
Dota Mod Project/Tools/HeroWorkshop2/units/n01K__n01K	1	550	1	.json:1
Dota Mod Project/Tools/HeroWorkshop2/units/n01M__n01M	1	340	1	.json:1
Dota Mod Project/Tools/HeroWorkshop2/units/n01N__n01N	1	410	1	.json:1
Dota Mod Project/Tools/HeroWorkshop2/units/n01P__n01P	1	410	1	.json:1
Dota Mod Project/Tools/HeroWorkshop2/units/n01Q__n01Q	1	270	1	.json:1
Dota Mod Project/Tools/HeroWorkshop2/units/n01R__n01R	1	270	1	.json:1
Dota Mod Project/Tools/HeroWorkshop2/units/n01S__n01S	1	340	1	.json:1
Dota Mod Project/Tools/HeroWorkshop2/units/n01U__n01U	1	340	1	.json:1
Dota Mod Project/Tools/HeroWorkshop2/units/n01X__n01X	1	340	1	.json:1
Dota Mod Project/Tools/HeroWorkshop2/units/n027__n027	1	340	1	.json:1
Dota Mod Project/Tools/HeroWorkshop2/units/n02A__n02A	1	270	1	.json:1
Dota Mod Project/Tools/HeroWorkshop2/units/n036__n036	1	620	1	.json:1
Dota Mod Project/Tools/HeroWorkshop2/units/n0DC__n0DC	1	340	1	.json:1
Dota Mod Project/Tools/HeroWorkshop2/units/n0EO__n0EO	1	410	1	.json:1
Dota Mod Project/Tools/HeroWorkshop2/units/n0F5__n0F5	1	480	1	.json:1
Dota Mod Project/Tools/HeroWorkshop2/units/n0F6__n0F6	1	341	1	.json:1
Dota Mod Project/Tools/HeroWorkshop2/units/n0FH__n0FH	1	341	1	.json:1
Dota Mod Project/Tools/HeroWorkshop2/units/n0FI__n0FI	1	341	1	.json:1
Dota Mod Project/Tools/HeroWorkshop2/units/n0FJ__n0FJ	1	341	1	.json:1
Dota Mod Project/Tools/HeroWorkshop2/units/n0GJ__n0GJ	1	410	1	.json:1
Dota Mod Project/Tools/HeroWorkshop2/units/n0GK__n0GK	1	410	1	.json:1
Dota Mod Project/Tools/HeroWorkshop2/units/n0HE__n0HE	1	551	1	.json:1
Dota Mod Project/Tools/HeroWorkshop2/units/n0HQ__n0HQ	1	340	1	.json:1
Dota Mod Project/Tools/HeroWorkshop2/units/n0LH__n0LH	1	410	1	.json:1
Dota Mod Project/Tools/HeroWorkshop2/units/n0LI__n0LI	1	410	1	.json:1
Dota Mod Project/Tools/HeroWorkshop2/units/n0LJ__n0LJ	1	410	1	.json:1
Dota Mod Project/Tools/HeroWorkshop2/units/n0NI__n0NI	1	340	1	.json:1
Dota Mod Project/Tools/HeroWorkshop2/units/n129__n129	1	690	1	.json:1
Dota Mod Project/Tools/HeroWorkshop2/units/n12B__n12B	1	550	1	.json:1
Dota Mod Project/Tools/HeroWorkshop2/units/n12K__n12K	1	551	1	.json:1
Dota Mod Project/Tools/HeroWorkshop2/units/n12M__n12M	1	1041	1	.json:1
Dota Mod Project/Tools/HeroWorkshop2/units/n12N__n12N	1	550	1	.json:1
Dota Mod Project/Tools/HeroWorkshop2/units/nC35__nC35	1	550	1	.json:1
Dota Mod Project/Tools/HeroWorkshop2/units/nC38__nC38	1	550	1	.json:1
Dota Mod Project/Tools/HeroWorkshop2/units/ncop__ncop	1	971	1	.json:1
Dota Mod Project/Tools/HeroWorkshop2/units/ncp2__ncp2	1	410	1	.json:1
Dota Mod Project/Tools/HeroWorkshop2/units/ndfl__ndfl	1	410	1	.json:1
Dota Mod Project/Tools/HeroWorkshop2/units/nfoh__nfoh	1	410	1	.json:1
Dota Mod Project/Tools/HeroWorkshop2/units/nshe__nshe	1	270	1	.json:1
Dota Mod Project/Tools/HeroWorkshop2/units/o003__o003	1	480	1	.json:1
Dota Mod Project/Tools/HeroWorkshop2/units/o00C__o00C	1	340	1	.json:1
Dota Mod Project/Tools/HeroWorkshop2/units/o00D__o00D	1	340	1	.json:1
Dota Mod Project/Tools/HeroWorkshop2/units/o00G__o00G	1	340	1	.json:1
Dota Mod Project/Tools/HeroWorkshop2/units/o00Q__o00Q	1	340	1	.json:1
Dota Mod Project/Tools/HeroWorkshop2/units/o00S__o00S	1	340	1	.json:1
Dota Mod Project/Tools/HeroWorkshop2/units/o00Y__o00Y	1	410	1	.json:1
Dota Mod Project/Tools/HeroWorkshop2/units/o00Z__o00Z	1	340	1	.json:1
Dota Mod Project/Tools/HeroWorkshop2/units/o010__o010	1	340	1	.json:1
Dota Mod Project/Tools/HeroWorkshop2/units/o019__o019	1	340	1	.json:1
Dota Mod Project/Tools/HeroWorkshop2/units/o01A__o01A	1	340	1	.json:1
Dota Mod Project/Tools/HeroWorkshop2/units/o01P__o01P	1	340	1	.json:1
Dota Mod Project/Tools/HeroWorkshop2/units/o01W__o01W	1	340	1	.json:1
Dota Mod Project/Tools/HeroWorkshop2/units/o01X__o01X	1	550	1	.json:1
Dota Mod Project/Tools/HeroWorkshop2/units/o01Y__o01Y	1	340	1	.json:1
Dota Mod Project/Tools/HeroWorkshop2/units/o01Z__o01Z	1	340	1	.json:1
Dota Mod Project/Tools/HeroWorkshop2/units/o022__o022	1	340	1	.json:1
Dota Mod Project/Tools/HeroWorkshop2/units/o02B__o02B	1	340	1	.json:1
Dota Mod Project/Tools/HeroWorkshop2/units/o02C__o02C	1	340	1	.json:1
Dota Mod Project/Tools/HeroWorkshop2/units/o02D__o02D	1	340	1	.json:1
Dota Mod Project/Tools/HeroWorkshop2/units/u001__u001	1	270	1	.json:1
Dota Mod Project/Tools/HeroWorkshop2/units/u004__u004	1	410	1	.json:1
Dota Mod Project/Tools/HeroWorkshop2/units/u00B__u00B	1	340	1	.json:1
Dota Mod Project/Tools/HeroWorkshop2/units/u00D__u00D	1	270	1	.json:1
Dota Mod Project/Tools/HeroWorkshop2/units/u00H__u00H	1	410	1	.json:1
Dota Mod Project/Tools/HeroWorkshop2/units/u00J__u00J	1	340	1	.json:1
Dota Mod Project/Tools/HeroWorkshop2/units/u00L__u00L	1	480	1	.json:1
Dota Mod Project/Tools/HeroWorkshop2/units/u00M__u00M	1	270	1	.json:1
Dota Mod Project/Tools/HeroWorkshop2/units/u00N__u00N	1	270	1	.json:1
Dota Mod Project/Tools/HeroWorkshop2/units/u00O__u00O	1	341	1	.json:1
Dota Mod Project/Tools/HeroWorkshop2/units/u00Q__u00Q	1	550	1	.json:1
Dota Mod Project/Tools/HeroWorkshop2/units/u00T__u00T	1	270	1	.json:1
Dota Mod Project/Tools/HeroWorkshop2/units/u00X__u00X	1	340	1	.json:1
Dota Mod Project/Tools/HeroWorkshop2/units/u00Y__u00Y	1	340	1	.json:1
Dota Mod Project/Tools/HeroWorkshop2/units/u00Z__u00Z	1	551	1	.json:1
Dota Mod Project/Tools/HeroWorkshop2/units/u010__u010	1	551	1	.json:1
Dota Mod Project/Tools/HeroWorkshop2/units/u014__u014	1	410	1	.json:1
Dota Mod Project/Tools/HeroWorkshop2/units/u01D__u01D	1	410	1	.json:1
Dota Mod Project/Tools/HeroWorkshop2/units/u01I__u01I	1	340	1	.json:1
Dota Mod Project/Tools/HeroWorkshop2/units/u01R__u01R	1	410	1	.json:1
Dota Mod Project/Tools/HeroWorkshop2/units/u021__u021	1	271	1	.json:1
Dota Mod Project/Tools/HeroWorkshop2/units/u022__u022	1	270	1	.json:1
Dota Mod Project/Tools/HeroWorkshop2/units/u023__u023	1	340	1	.json:1
Dota Mod Project/Tools/HeroWorkshop2/units/u024__u024	1	340	1	.json:1
Dota Mod Project/Tools/HeroWorkshop2/units/u026__u026	1	340	1	.json:1
Dota Mod Project/Tools/HeroWorkshop2/units/uC74__uC74	1	550	1	.json:1
Dota Mod Project/Tools/HeroWorkshop2/units/ubon__ubon	1	267	1	.json:1
Dota Mod Project/Tools/HeroWorkshop2/units/unpl__unpl	1	270	1	.json:1
Dota Mod Project/Tools/HeroWorkshop2/units/usap__usap	1	267	1	.json:1
Dota Mod Project/Tools/HeroWorkshop2/units/usep__usep	1	267	1	.json:1
Dota Mod Project/Tools/HeroWorkshop2/units/utod__utod	1	267	1	.json:1
Dota Mod Project/Tools/HeroWorkshop2/units/uzig__uzig	1	267	1	.json:1
Dota Mod Project/Workspaces	5389	1588478066	0	.png:2707, .blp:2619, .w3x:21, .tsv:14, .txt:8, .py:6, .json:5, .md:3
Dota Mod Project/Workspaces/Dota2	5371	1547419987	17	.png:2707, .blp:2619, .w3x:19, .tsv:10, .json:4, .txt:3, .md:3, .py:2
Dota Mod Project/Workspaces/Dota2/Backups	17	1239578694	17	.w3x:17
Dota Mod Project/Workspaces/Dota2/CooldownFDF	5	10898	5	.fdf:1, .toc:1, .j:1, .md:1, .py:1
Dota Mod Project/Workspaces/Dota2/FailedTests	2	214989696	2	.w3x:2
Dota Mod Project/Workspaces/Dota2/Icon Audit	5330	44295309	4	.png:2707, .blp:2619, .tsv:3, .md:1
Dota Mod Project/Workspaces/Dota2/Icon Audit/CONTACT_SHEETS	88	7495560	0	.png:88
Dota Mod Project/Workspaces/Dota2/Icon Audit/CONTACT_SHEETS/Heroes	88	7495560	88	.png:88
Dota Mod Project/Workspaces/Dota2/Icon Audit/Heroes	1920	13130778	0	.blp:960, .png:960
Dota Mod Project/Workspaces/Dota2/Icon Audit/Heroes/Abaddon	18	109551	0	.blp:9, .png:9
Dota Mod Project/Workspaces/Dota2/Icon Audit/Heroes/Abaddon/114_Heroes_Icons	18	109551	0	.blp:9, .png:9
Dota Mod Project/Workspaces/Dota2/Icon Audit/Heroes/Abaddon/114_Heroes_Icons/ReplaceableTextures	18	109551	0	.blp:9, .png:9
Dota Mod Project/Workspaces/Dota2/Icon Audit/Heroes/Abaddon/114_Heroes_Icons/ReplaceableTextures/CommandButtons	8	55714	8	.blp:4, .png:4
Dota Mod Project/Workspaces/Dota2/Icon Audit/Heroes/Abaddon/114_Heroes_Icons/ReplaceableTextures/CommandButtonsDisabled	8	40628	8	.blp:4, .png:4
Dota Mod Project/Workspaces/Dota2/Icon Audit/Heroes/Abaddon/114_Heroes_Icons/ReplaceableTextures/PassiveButtons	2	13209	2	.blp:1, .png:1
Dota Mod Project/Workspaces/Dota2/Icon Audit/Heroes/Alchemist	12	95252	0	.blp:6, .png:6
Dota Mod Project/Workspaces/Dota2/Icon Audit/Heroes/Alchemist/114_Heroes_Icons	4	27595	0	.blp:2, .png:2
Dota Mod Project/Workspaces/Dota2/Icon Audit/Heroes/Alchemist/114_Heroes_Icons/ReplaceableTextures	4	27595	0	.blp:2, .png:2
Dota Mod Project/Workspaces/Dota2/Icon Audit/Heroes/Alchemist/114_Heroes_Icons/ReplaceableTextures/CommandButtons	2	15348	2	.blp:1, .png:1
Dota Mod Project/Workspaces/Dota2/Icon Audit/Heroes/Alchemist/114_Heroes_Icons/ReplaceableTextures/CommandButtonsDisabled	2	12247	2	.blp:1, .png:1
Dota Mod Project/Workspaces/Dota2/Icon Audit/Heroes/Alchemist/Dota_1_5	8	67657	0	.blp:4, .png:4
Dota Mod Project/Workspaces/Dota2/Icon Audit/Heroes/Alchemist/Dota_1_5/ReplaceableTextures	8	67657	0	.blp:4, .png:4
Dota Mod Project/Workspaces/Dota2/Icon Audit/Heroes/Alchemist/Dota_1_5/ReplaceableTextures/CommandButtons	4	39034	4	.blp:2, .png:2
Dota Mod Project/Workspaces/Dota2/Icon Audit/Heroes/Alchemist/Dota_1_5/ReplaceableTextures/CommandButtonsDisabled	4	28623	4	.blp:2, .png:2
Dota Mod Project/Workspaces/Dota2/Icon Audit/Heroes/Ancient Apparition	12	79828	0	.blp:6, .png:6
Dota Mod Project/Workspaces/Dota2/Icon Audit/Heroes/Ancient Apparition/114_Heroes_Icons	12	79828	0	.blp:6, .png:6
Dota Mod Project/Workspaces/Dota2/Icon Audit/Heroes/Ancient Apparition/114_Heroes_Icons/ReplaceableTextures	12	79828	0	.blp:6, .png:6
Dota Mod Project/Workspaces/Dota2/Icon Audit/Heroes/Ancient Apparition/114_Heroes_Icons/ReplaceableTextures/CommandButtons	6	44709	6	.blp:3, .png:3
Dota Mod Project/Workspaces/Dota2/Icon Audit/Heroes/Ancient Apparition/114_Heroes_Icons/ReplaceableTextures/CommandButtonsDisabled	6	35119	6	.blp:3, .png:3
Dota Mod Project/Workspaces/Dota2/Icon Audit/Heroes/Anti-Mage	10	104792	0	.blp:5, .png:5
Dota Mod Project/Workspaces/Dota2/Icon Audit/Heroes/Anti-Mage/114_Heroes_Icons	10	104792	0	.blp:5, .png:5
Dota Mod Project/Workspaces/Dota2/Icon Audit/Heroes/Anti-Mage/114_Heroes_Icons/ReplaceableTextures	10	104792	0	.blp:5, .png:5
Dota Mod Project/Workspaces/Dota2/Icon Audit/Heroes/Anti-Mage/114_Heroes_Icons/ReplaceableTextures/CommandButtons	4	46122	4	.blp:2, .png:2
Dota Mod Project/Workspaces/Dota2/Icon Audit/Heroes/Anti-Mage/114_Heroes_Icons/ReplaceableTextures/CommandButtonsDisabled	4	37285	4	.blp:2, .png:2
Dota Mod Project/Workspaces/Dota2/Icon Audit/Heroes/Anti-Mage/114_Heroes_Icons/ReplaceableTextures/PassiveButtons	2	21385	2	.blp:1, .png:1
Dota Mod Project/Workspaces/Dota2/Icon Audit/Heroes/Axe	50	336330	0	.blp:25, .png:25
Dota Mod Project/Workspaces/Dota2/Icon Audit/Heroes/Axe/114_Heroes_Icons	30	179145	0	.blp:15, .png:15
Dota Mod Project/Workspaces/Dota2/Icon Audit/Heroes/Axe/114_Heroes_Icons/ReplaceableTextures	30	179145	0	.blp:15, .png:15
Dota Mod Project/Workspaces/Dota2/Icon Audit/Heroes/Axe/114_Heroes_Icons/ReplaceableTextures/CommandButtons	14	96524	14	.blp:7, .png:7
Dota Mod Project/Workspaces/Dota2/Icon Audit/Heroes/Axe/114_Heroes_Icons/ReplaceableTextures/CommandButtonsDisabled	14	69716	14	.blp:7, .png:7
Dota Mod Project/Workspaces/Dota2/Icon Audit/Heroes/Axe/114_Heroes_Icons/ReplaceableTextures/PassiveButtons	2	12905	2	.blp:1, .png:1
Dota Mod Project/Workspaces/Dota2/Icon Audit/Heroes/Axe/Dota_1_5	20	157185	0	.blp:10, .png:10
Dota Mod Project/Workspaces/Dota2/Icon Audit/Heroes/Axe/Dota_1_5/ReplaceableTextures	20	157185	0	.blp:10, .png:10
Dota Mod Project/Workspaces/Dota2/Icon Audit/Heroes/Axe/Dota_1_5/ReplaceableTextures/CommandButtons	8	77139	8	.blp:4, .png:4
Dota Mod Project/Workspaces/Dota2/Icon Audit/Heroes/Axe/Dota_1_5/ReplaceableTextures/CommandButtonsDisabled	12	80046	12	.blp:6, .png:6
Dota Mod Project/Workspaces/Dota2/Icon Audit/Heroes/Bane	8	49163	0	.blp:4, .png:4
Dota Mod Project/Workspaces/Dota2/Icon Audit/Heroes/Bane/114_Heroes_Icons	8	49163	0	.blp:4, .png:4
Dota Mod Project/Workspaces/Dota2/Icon Audit/Heroes/Bane/114_Heroes_Icons/ReplaceableTextures	8	49163	0	.blp:4, .png:4
Dota Mod Project/Workspaces/Dota2/Icon Audit/Heroes/Bane/114_Heroes_Icons/ReplaceableTextures/CommandButtons	4	28187	4	.blp:2, .png:2
Dota Mod Project/Workspaces/Dota2/Icon Audit/Heroes/Bane/114_Heroes_Icons/ReplaceableTextures/CommandButtonsDisabled	4	20976	4	.blp:2, .png:2
Dota Mod Project/Workspaces/Dota2/Icon Audit/Heroes/Batrider	12	78466	0	.blp:6, .png:6
Dota Mod Project/Workspaces/Dota2/Icon Audit/Heroes/Batrider/114_Heroes_Icons	4	21577	0	.blp:2, .png:2
Dota Mod Project/Workspaces/Dota2/Icon Audit/Heroes/Batrider/114_Heroes_Icons/ReplaceableTextures	4	21577	0	.blp:2, .png:2
Dota Mod Project/Workspaces/Dota2/Icon Audit/Heroes/Batrider/114_Heroes_Icons/ReplaceableTextures/CommandButtons	2	13085	2	.blp:1, .png:1
Dota Mod Project/Workspaces/Dota2/Icon Audit/Heroes/Batrider/114_Heroes_Icons/ReplaceableTextures/CommandButtonsDisabled	2	8492	2	.blp:1, .png:1
Dota Mod Project/Workspaces/Dota2/Icon Audit/Heroes/Batrider/Dota_1_5	8	56889	0	.blp:4, .png:4
Dota Mod Project/Workspaces/Dota2/Icon Audit/Heroes/Batrider/Dota_1_5/ReplaceableTextures	8	56889	0	.blp:4, .png:4
Dota Mod Project/Workspaces/Dota2/Icon Audit/Heroes/Batrider/Dota_1_5/ReplaceableTextures/CommandButtons	4	34133	4	.blp:2, .png:2
Dota Mod Project/Workspaces/Dota2/Icon Audit/Heroes/Batrider/Dota_1_5/ReplaceableTextures/CommandButtonsDisabled	4	22756	4	.blp:2, .png:2
Dota Mod Project/Workspaces/Dota2/Icon Audit/Heroes/Beastmaster	4	26370	0	.blp:2, .png:2
Dota Mod Project/Workspaces/Dota2/Icon Audit/Heroes/Beastmaster/Dota_1_5	4	26370	0	.blp:2, .png:2
Dota Mod Project/Workspaces/Dota2/Icon Audit/Heroes/Beastmaster/Dota_1_5/ReplaceableTextures	4	26370	0	.blp:2, .png:2
Dota Mod Project/Workspaces/Dota2/Icon Audit/Heroes/Beastmaster/Dota_1_5/ReplaceableTextures/CommandButtons	2	14766	2	.blp:1, .png:1
Dota Mod Project/Workspaces/Dota2/Icon Audit/Heroes/Beastmaster/Dota_1_5/ReplaceableTextures/CommandButtonsDisabled	2	11604	2	.blp:1, .png:1
Dota Mod Project/Workspaces/Dota2/Icon Audit/Heroes/Bounty Hunter	10	59200	0	.blp:5, .png:5
Dota Mod Project/Workspaces/Dota2/Icon Audit/Heroes/Bounty Hunter/114_Heroes_Icons	6	34734	0	.blp:3, .png:3
Dota Mod Project/Workspaces/Dota2/Icon Audit/Heroes/Bounty Hunter/114_Heroes_Icons/ReplaceableTextures	6	34734	0	.blp:3, .png:3
Dota Mod Project/Workspaces/Dota2/Icon Audit/Heroes/Bounty Hunter/114_Heroes_Icons/ReplaceableTextures/CommandButtons	2	12526	2	.blp:1, .png:1
Dota Mod Project/Workspaces/Dota2/Icon Audit/Heroes/Bounty Hunter/114_Heroes_Icons/ReplaceableTextures/CommandButtonsDisabled	2	9682	2	.blp:1, .png:1
Dota Mod Project/Workspaces/Dota2/Icon Audit/Heroes/Bounty Hunter/114_Heroes_Icons/ReplaceableTextures/PassiveButtons	2	12526	2	.blp:1, .png:1
Dota Mod Project/Workspaces/Dota2/Icon Audit/Heroes/Bounty Hunter/Dota_1_5	4	24466	0	.blp:2, .png:2
Dota Mod Project/Workspaces/Dota2/Icon Audit/Heroes/Bounty Hunter/Dota_1_5/ReplaceableTextures	4	24466	0	.blp:2, .png:2
Dota Mod Project/Workspaces/Dota2/Icon Audit/Heroes/Bounty Hunter/Dota_1_5/ReplaceableTextures/CommandButtons	2	14784	2	.blp:1, .png:1
Dota Mod Project/Workspaces/Dota2/Icon Audit/Heroes/Bounty Hunter/Dota_1_5/ReplaceableTextures/CommandButtonsDisabled	2	9682	2	.blp:1, .png:1
Dota Mod Project/Workspaces/Dota2/Icon Audit/Heroes/Bristleback	12	72017	0	.blp:6, .png:6
Dota Mod Project/Workspaces/Dota2/Icon Audit/Heroes/Bristleback/114_Heroes_Icons	8	45258	0	.blp:4, .png:4
Dota Mod Project/Workspaces/Dota2/Icon Audit/Heroes/Bristleback/114_Heroes_Icons/ReplaceableTextures	8	45258	0	.blp:4, .png:4
Dota Mod Project/Workspaces/Dota2/Icon Audit/Heroes/Bristleback/114_Heroes_Icons/ReplaceableTextures/CommandButtons	4	27254	4	.blp:2, .png:2
Dota Mod Project/Workspaces/Dota2/Icon Audit/Heroes/Bristleback/114_Heroes_Icons/ReplaceableTextures/CommandButtonsDisabled	4	18004	4	.blp:2, .png:2
Dota Mod Project/Workspaces/Dota2/Icon Audit/Heroes/Bristleback/Dota_1_5	4	26759	0	.blp:2, .png:2
Dota Mod Project/Workspaces/Dota2/Icon Audit/Heroes/Bristleback/Dota_1_5/ReplaceableTextures	4	26759	0	.blp:2, .png:2
Dota Mod Project/Workspaces/Dota2/Icon Audit/Heroes/Bristleback/Dota_1_5/ReplaceableTextures/CommandButtons	2	16946	2	.blp:1, .png:1
Dota Mod Project/Workspaces/Dota2/Icon Audit/Heroes/Bristleback/Dota_1_5/ReplaceableTextures/CommandButtonsDisabled	2	9813	2	.blp:1, .png:1
Dota Mod Project/Workspaces/Dota2/Icon Audit/Heroes/Broodmother	12	77316	0	.blp:6, .png:6
Dota Mod Project/Workspaces/Dota2/Icon Audit/Heroes/Broodmother/114_Heroes_Icons	12	77316	0	.blp:6, .png:6
Dota Mod Project/Workspaces/Dota2/Icon Audit/Heroes/Broodmother/114_Heroes_Icons/ReplaceableTextures	12	77316	0	.blp:6, .png:6
Dota Mod Project/Workspaces/Dota2/Icon Audit/Heroes/Broodmother/114_Heroes_Icons/ReplaceableTextures/CommandButtons	6	44977	6	.blp:3, .png:3
Dota Mod Project/Workspaces/Dota2/Icon Audit/Heroes/Broodmother/114_Heroes_Icons/ReplaceableTextures/CommandButtonsDisabled	6	32339	6	.blp:3, .png:3
Dota Mod Project/Workspaces/Dota2/Icon Audit/Heroes/Centaur Warrunner	16	95004	0	.blp:8, .png:8
Dota Mod Project/Workspaces/Dota2/Icon Audit/Heroes/Centaur Warrunner/114_Heroes_Icons	12	68546	0	.blp:6, .png:6
Dota Mod Project/Workspaces/Dota2/Icon Audit/Heroes/Centaur Warrunner/114_Heroes_Icons/ReplaceableTextures	12	68546	0	.blp:6, .png:6
Dota Mod Project/Workspaces/Dota2/Icon Audit/Heroes/Centaur Warrunner/114_Heroes_Icons/ReplaceableTextures/CommandButtons	6	40462	6	.blp:3, .png:3
Dota Mod Project/Workspaces/Dota2/Icon Audit/Heroes/Centaur Warrunner/114_Heroes_Icons/ReplaceableTextures/CommandButtonsDisabled	6	28084	6	.blp:3, .png:3
Dota Mod Project/Workspaces/Dota2/Icon Audit/Heroes/Centaur Warrunner/Dota_1_5	4	26458	0	.blp:2, .png:2
Dota Mod Project/Workspaces/Dota2/Icon Audit/Heroes/Centaur Warrunner/Dota_1_5/ReplaceableTextures	4	26458	0	.blp:2, .png:2
Dota Mod Project/Workspaces/Dota2/Icon Audit/Heroes/Centaur Warrunner/Dota_1_5/ReplaceableTextures/CommandButtons	2	15825	2	.blp:1, .png:1
Dota Mod Project/Workspaces/Dota2/Icon Audit/Heroes/Centaur Warrunner/Dota_1_5/ReplaceableTextures/CommandButtonsDisabled	2	10633	2	.blp:1, .png:1
Dota Mod Project/Workspaces/Dota2/Icon Audit/Heroes/Chaos Knight	34	306282	0	.blp:17, .png:17
Dota Mod Project/Workspaces/Dota2/Icon Audit/Heroes/Chaos Knight/114_Heroes_Icons	22	222222	0	.blp:11, .png:11
Dota Mod Project/Workspaces/Dota2/Icon Audit/Heroes/Chaos Knight/114_Heroes_Icons/ReplaceableTextures	22	222222	0	.blp:11, .png:11
Dota Mod Project/Workspaces/Dota2/Icon Audit/Heroes/Chaos Knight/114_Heroes_Icons/ReplaceableTextures/CommandButtons	10	113994	10	.blp:5, .png:5
Dota Mod Project/Workspaces/Dota2/Icon Audit/Heroes/Chaos Knight/114_Heroes_Icons/ReplaceableTextures/CommandButtonsDisabled	10	94226	10	.blp:5, .png:5
Dota Mod Project/Workspaces/Dota2/Icon Audit/Heroes/Chaos Knight/114_Heroes_Icons/ReplaceableTextures/PassiveButtons	2	14002	2	.blp:1, .png:1
Dota Mod Project/Workspaces/Dota2/Icon Audit/Heroes/Chaos Knight/Dota_1_5	12	84060	0	.blp:6, .png:6
Dota Mod Project/Workspaces/Dota2/Icon Audit/Heroes/Chaos Knight/Dota_1_5/ReplaceableTextures	12	84060	0	.blp:6, .png:6
Dota Mod Project/Workspaces/Dota2/Icon Audit/Heroes/Chaos Knight/Dota_1_5/ReplaceableTextures/CommandButtons	6	48094	6	.blp:3, .png:3
Dota Mod Project/Workspaces/Dota2/Icon Audit/Heroes/Chaos Knight/Dota_1_5/ReplaceableTextures/CommandButtonsDisabled	6	35966	6	.blp:3, .png:3
Dota Mod Project/Workspaces/Dota2/Icon Audit/Heroes/Clinkz	12	81374	0	.blp:6, .png:6
Dota Mod Project/Workspaces/Dota2/Icon Audit/Heroes/Clinkz/114_Heroes_Icons	8	51692	0	.blp:4, .png:4
Dota Mod Project/Workspaces/Dota2/Icon Audit/Heroes/Clinkz/114_Heroes_Icons/ReplaceableTextures	8	51692	0	.blp:4, .png:4
Dota Mod Project/Workspaces/Dota2/Icon Audit/Heroes/Clinkz/114_Heroes_Icons/ReplaceableTextures/CommandButtons	4	29528	4	.blp:2, .png:2
Dota Mod Project/Workspaces/Dota2/Icon Audit/Heroes/Clinkz/114_Heroes_Icons/ReplaceableTextures/CommandButtonsDisabled	4	22164	4	.blp:2, .png:2
Dota Mod Project/Workspaces/Dota2/Icon Audit/Heroes/Clinkz/Dota_1_5	4	29682	0	.blp:2, .png:2
Dota Mod Project/Workspaces/Dota2/Icon Audit/Heroes/Clinkz/Dota_1_5/ReplaceableTextures	4	29682	0	.blp:2, .png:2
Dota Mod Project/Workspaces/Dota2/Icon Audit/Heroes/Clinkz/Dota_1_5/ReplaceableTextures/CommandButtons	2	17074	2	.blp:1, .png:1
Dota Mod Project/Workspaces/Dota2/Icon Audit/Heroes/Clinkz/Dota_1_5/ReplaceableTextures/CommandButtonsDisabled	2	12608	2	.blp:1, .png:1
Dota Mod Project/Workspaces/Dota2/Icon Audit/Heroes/Clockwerk	4	32153	0	.blp:2, .png:2
Dota Mod Project/Workspaces/Dota2/Icon Audit/Heroes/Clockwerk/Dota_1_5	4	32153	0	.blp:2, .png:2
Dota Mod Project/Workspaces/Dota2/Icon Audit/Heroes/Clockwerk/Dota_1_5/ReplaceableTextures	4	32153	0	.blp:2, .png:2
Dota Mod Project/Workspaces/Dota2/Icon Audit/Heroes/Clockwerk/Dota_1_5/ReplaceableTextures/CommandButtons	2	18235	2	.blp:1, .png:1
Dota Mod Project/Workspaces/Dota2/Icon Audit/Heroes/Clockwerk/Dota_1_5/ReplaceableTextures/CommandButtonsDisabled	2	13918	2	.blp:1, .png:1
Dota Mod Project/Workspaces/Dota2/Icon Audit/Heroes/Crystal Maiden	30	175054	0	.blp:15, .png:15
Dota Mod Project/Workspaces/Dota2/Icon Audit/Heroes/Crystal Maiden/114_Heroes_Icons	12	69280	0	.blp:6, .png:6
Dota Mod Project/Workspaces/Dota2/Icon Audit/Heroes/Crystal Maiden/114_Heroes_Icons/ReplaceableTextures	12	69280	0	.blp:6, .png:6
Dota Mod Project/Workspaces/Dota2/Icon Audit/Heroes/Crystal Maiden/114_Heroes_Icons/ReplaceableTextures/CommandButtons	6	41416	6	.blp:3, .png:3
Dota Mod Project/Workspaces/Dota2/Icon Audit/Heroes/Crystal Maiden/114_Heroes_Icons/ReplaceableTextures/CommandButtonsDisabled	6	27864	6	.blp:3, .png:3
Dota Mod Project/Workspaces/Dota2/Icon Audit/Heroes/Crystal Maiden/Dota_1_5	18	105774	0	.blp:9, .png:9
Dota Mod Project/Workspaces/Dota2/Icon Audit/Heroes/Crystal Maiden/Dota_1_5/ReplaceableTextures	18	105774	0	.blp:9, .png:9
Dota Mod Project/Workspaces/Dota2/Icon Audit/Heroes/Crystal Maiden/Dota_1_5/ReplaceableTextures/CommandButtons	8	54659	8	.blp:4, .png:4
Dota Mod Project/Workspaces/Dota2/Icon Audit/Heroes/Crystal Maiden/Dota_1_5/ReplaceableTextures/CommandButtonsDisabled	10	51115	10	.blp:5, .png:5
Dota Mod Project/Workspaces/Dota2/Icon Audit/Heroes/Dark Seer	12	68943	0	.blp:6, .png:6
Dota Mod Project/Workspaces/Dota2/Icon Audit/Heroes/Dark Seer/114_Heroes_Icons	12	68943	0	.blp:6, .png:6
Dota Mod Project/Workspaces/Dota2/Icon Audit/Heroes/Dark Seer/114_Heroes_Icons/ReplaceableTextures	12	68943	0	.blp:6, .png:6
Dota Mod Project/Workspaces/Dota2/Icon Audit/Heroes/Dark Seer/114_Heroes_Icons/ReplaceableTextures/CommandButtons	6	40652	6	.blp:3, .png:3
Dota Mod Project/Workspaces/Dota2/Icon Audit/Heroes/Dark Seer/114_Heroes_Icons/ReplaceableTextures/CommandButtonsDisabled	6	28291	6	.blp:3, .png:3
Dota Mod Project/Workspaces/Dota2/Icon Audit/Heroes/Dazzle	14	85332	0	.blp:7, .png:7
Dota Mod Project/Workspaces/Dota2/Icon Audit/Heroes/Dazzle/114_Heroes_Icons	14	85332	0	.blp:7, .png:7
Dota Mod Project/Workspaces/Dota2/Icon Audit/Heroes/Dazzle/114_Heroes_Icons/ReplaceableTextures	14	85332	0	.blp:7, .png:7
Dota Mod Project/Workspaces/Dota2/Icon Audit/Heroes/Dazzle/114_Heroes_Icons/ReplaceableTextures/CommandButtons	6	40484	6	.blp:3, .png:3
Dota Mod Project/Workspaces/Dota2/Icon Audit/Heroes/Dazzle/114_Heroes_Icons/ReplaceableTextures/CommandButtonsDisabled	6	30388	6	.blp:3, .png:3
Dota Mod Project/Workspaces/Dota2/Icon Audit/Heroes/Dazzle/114_Heroes_Icons/ReplaceableTextures/CommandButtonsPassive	2	14460	2	.blp:1, .png:1
Dota Mod Project/Workspaces/Dota2/Icon Audit/Heroes/Death Prophet	8	54226	0	.blp:4, .png:4
Dota Mod Project/Workspaces/Dota2/Icon Audit/Heroes/Death Prophet/114_Heroes_Icons	4	26496	0	.blp:2, .png:2
Dota Mod Project/Workspaces/Dota2/Icon Audit/Heroes/Death Prophet/114_Heroes_Icons/ReplaceableTextures	4	26496	0	.blp:2, .png:2
Dota Mod Project/Workspaces/Dota2/Icon Audit/Heroes/Death Prophet/114_Heroes_Icons/ReplaceableTextures/CommandButtons	2	14773	2	.blp:1, .png:1
Dota Mod Project/Workspaces/Dota2/Icon Audit/Heroes/Death Prophet/114_Heroes_Icons/ReplaceableTextures/CommandButtonsDisabled	2	11723	2	.blp:1, .png:1
Dota Mod Project/Workspaces/Dota2/Icon Audit/Heroes/Death Prophet/Dota_1_5	4	27730	0	.blp:2, .png:2
Dota Mod Project/Workspaces/Dota2/Icon Audit/Heroes/Death Prophet/Dota_1_5/ReplaceableTextures	4	27730	0	.blp:2, .png:2
Dota Mod Project/Workspaces/Dota2/Icon Audit/Heroes/Death Prophet/Dota_1_5/ReplaceableTextures/CommandButtons	2	15988	2	.blp:1, .png:1
Dota Mod Project/Workspaces/Dota2/Icon Audit/Heroes/Death Prophet/Dota_1_5/ReplaceableTextures/CommandButtonsDisabled	2	11742	2	.blp:1, .png:1
Dota Mod Project/Workspaces/Dota2/Icon Audit/Heroes/Doom	28	178105	0	.blp:14, .png:14
Dota Mod Project/Workspaces/Dota2/Icon Audit/Heroes/Doom/114_Heroes_Icons	14	81337	0	.blp:7, .png:7
Dota Mod Project/Workspaces/Dota2/Icon Audit/Heroes/Doom/114_Heroes_Icons/ReplaceableTextures	14	81337	0	.blp:7, .png:7
Dota Mod Project/Workspaces/Dota2/Icon Audit/Heroes/Doom/114_Heroes_Icons/ReplaceableTextures/AutoCastButtons	2	14622	2	.blp:1, .png:1
Dota Mod Project/Workspaces/Dota2/Icon Audit/Heroes/Doom/114_Heroes_Icons/ReplaceableTextures/CommandButtons	6	39659	6	.blp:3, .png:3
Dota Mod Project/Workspaces/Dota2/Icon Audit/Heroes/Doom/114_Heroes_Icons/ReplaceableTextures/CommandButtonsDisabled	6	27056	6	.blp:3, .png:3
Dota Mod Project/Workspaces/Dota2/Icon Audit/Heroes/Doom/Dota_1_5	14	96768	0	.blp:7, .png:7
Dota Mod Project/Workspaces/Dota2/Icon Audit/Heroes/Doom/Dota_1_5/ReplaceableTextures	14	96768	0	.blp:7, .png:7
Dota Mod Project/Workspaces/Dota2/Icon Audit/Heroes/Doom/Dota_1_5/ReplaceableTextures/CommandButtons	6	48380	6	.blp:3, .png:3
Dota Mod Project/Workspaces/Dota2/Icon Audit/Heroes/Doom/Dota_1_5/ReplaceableTextures/CommandButtonsDisabled	8	48388	8	.blp:4, .png:4
Dota Mod Project/Workspaces/Dota2/Icon Audit/Heroes/Drow Ranger	4	27168	0	.blp:2, .png:2
Dota Mod Project/Workspaces/Dota2/Icon Audit/Heroes/Drow Ranger/Dota_1_5	4	27168	0	.blp:2, .png:2
Dota Mod Project/Workspaces/Dota2/Icon Audit/Heroes/Drow Ranger/Dota_1_5/ReplaceableTextures	4	27168	0	.blp:2, .png:2
Dota Mod Project/Workspaces/Dota2/Icon Audit/Heroes/Drow Ranger/Dota_1_5/ReplaceableTextures/CommandButtons	2	15351	2	.blp:1, .png:1
Dota Mod Project/Workspaces/Dota2/Icon Audit/Heroes/Drow Ranger/Dota_1_5/ReplaceableTextures/CommandButtonsDisabled	2	11817	2	.blp:1, .png:1
Dota Mod Project/Workspaces/Dota2/Icon Audit/Heroes/Earth Spirit	20	118105	0	.blp:10, .png:10
Dota Mod Project/Workspaces/Dota2/Icon Audit/Heroes/Earth Spirit/114_Heroes_Icons	20	118105	0	.blp:10, .png:10
Dota Mod Project/Workspaces/Dota2/Icon Audit/Heroes/Earth Spirit/114_Heroes_Icons/ReplaceableTextures	20	118105	0	.blp:10, .png:10
Dota Mod Project/Workspaces/Dota2/Icon Audit/Heroes/Earth Spirit/114_Heroes_Icons/ReplaceableTextures/CommandButtons	10	69616	10	.blp:5, .png:5
Dota Mod Project/Workspaces/Dota2/Icon Audit/Heroes/Earth Spirit/114_Heroes_Icons/ReplaceableTextures/CommandButtonsDisabled	10	48489	10	.blp:5, .png:5
Dota Mod Project/Workspaces/Dota2/Icon Audit/Heroes/Earthshaker	12	69120	0	.blp:6, .png:6
Dota Mod Project/Workspaces/Dota2/Icon Audit/Heroes/Earthshaker/114_Heroes_Icons	4	26567	0	.blp:2, .png:2
Dota Mod Project/Workspaces/Dota2/Icon Audit/Heroes/Earthshaker/114_Heroes_Icons/ReplaceableTextures	4	26567	0	.blp:2, .png:2
Dota Mod Project/Workspaces/Dota2/Icon Audit/Heroes/Earthshaker/114_Heroes_Icons/ReplaceableTextures/CommandButtons	2	15012	2	.blp:1, .png:1
Dota Mod Project/Workspaces/Dota2/Icon Audit/Heroes/Earthshaker/114_Heroes_Icons/ReplaceableTextures/CommandButtonsDisabled	2	11555	2	.blp:1, .png:1
Dota Mod Project/Workspaces/Dota2/Icon Audit/Heroes/Earthshaker/Dota_1_5	8	42553	0	.blp:4, .png:4
Dota Mod Project/Workspaces/Dota2/Icon Audit/Heroes/Earthshaker/Dota_1_5/ReplaceableTextures	8	42553	0	.blp:4, .png:4
Dota Mod Project/Workspaces/Dota2/Icon Audit/Heroes/Earthshaker/Dota_1_5/ReplaceableTextures/CommandButtons	4	25623	4	.blp:2, .png:2
Dota Mod Project/Workspaces/Dota2/Icon Audit/Heroes/Earthshaker/Dota_1_5/ReplaceableTextures/CommandButtonsDisabled	4	16930	4	.blp:2, .png:2
Dota Mod Project/Workspaces/Dota2/Icon Audit/Heroes/Elder Titan	54	370623	0	.blp:27, .png:27
Dota Mod Project/Workspaces/Dota2/Icon Audit/Heroes/Elder Titan/114_Heroes_Icons	28	188890	0	.blp:14, .png:14
Dota Mod Project/Workspaces/Dota2/Icon Audit/Heroes/Elder Titan/114_Heroes_Icons/ReplaceableTextures	28	188890	0	.blp:14, .png:14
Dota Mod Project/Workspaces/Dota2/Icon Audit/Heroes/Elder Titan/114_Heroes_Icons/ReplaceableTextures/CommandButtons	14	106795	14	.blp:7, .png:7
Dota Mod Project/Workspaces/Dota2/Icon Audit/Heroes/Elder Titan/114_Heroes_Icons/ReplaceableTextures/CommandButtonsDisabled	12	65796	12	.blp:6, .png:6
Dota Mod Project/Workspaces/Dota2/Icon Audit/Heroes/Elder Titan/114_Heroes_Icons/ReplaceableTextures/PassiveButtons	2	16299	2	.blp:1, .png:1
Dota Mod Project/Workspaces/Dota2/Icon Audit/Heroes/Elder Titan/Dota_1_5	26	181733	0	.blp:13, .png:13
Dota Mod Project/Workspaces/Dota2/Icon Audit/Heroes/Elder Titan/Dota_1_5/ReplaceableTextures	26	181733	0	.blp:13, .png:13
Dota Mod Project/Workspaces/Dota2/Icon Audit/Heroes/Elder Titan/Dota_1_5/ReplaceableTextures/CommandButtons	12	100367	12	.blp:6, .png:6
Dota Mod Project/Workspaces/Dota2/Icon Audit/Heroes/Elder Titan/Dota_1_5/ReplaceableTextures/CommandButtonsDisabled	14	81366	14	.blp:7, .png:7
Dota Mod Project/Workspaces/Dota2/Icon Audit/Heroes/Ember Spirit	20	125578	0	.blp:10, .png:10
Dota Mod Project/Workspaces/Dota2/Icon Audit/Heroes/Ember Spirit/114_Heroes_Icons	20	125578	0	.blp:10, .png:10
Dota Mod Project/Workspaces/Dota2/Icon Audit/Heroes/Ember Spirit/114_Heroes_Icons/ReplaceableTextures	20	125578	0	.blp:10, .png:10
Dota Mod Project/Workspaces/Dota2/Icon Audit/Heroes/Ember Spirit/114_Heroes_Icons/ReplaceableTextures/CommandButtons	10	71231	10	.blp:5, .png:5
Dota Mod Project/Workspaces/Dota2/Icon Audit/Heroes/Ember Spirit/114_Heroes_Icons/ReplaceableTextures/CommandButtonsDisabled	10	54347	10	.blp:5, .png:5
Dota Mod Project/Workspaces/Dota2/Icon Audit/Heroes/Enchantress	4	23033	0	.blp:2, .png:2
Dota Mod Project/Workspaces/Dota2/Icon Audit/Heroes/Enchantress/114_Heroes_Icons	4	23033	0	.blp:2, .png:2
Dota Mod Project/Workspaces/Dota2/Icon Audit/Heroes/Enchantress/114_Heroes_Icons/ReplaceableTextures	4	23033	0	.blp:2, .png:2
Dota Mod Project/Workspaces/Dota2/Icon Audit/Heroes/Enchantress/114_Heroes_Icons/ReplaceableTextures/CommandButtons	2	13745	2	.blp:1, .png:1
Dota Mod Project/Workspaces/Dota2/Icon Audit/Heroes/Enchantress/114_Heroes_Icons/ReplaceableTextures/CommandButtonsDisabled	2	9288	2	.blp:1, .png:1
Dota Mod Project/Workspaces/Dota2/Icon Audit/Heroes/Enigma	16	100369	0	.blp:8, .png:8
Dota Mod Project/Workspaces/Dota2/Icon Audit/Heroes/Enigma/114_Heroes_Icons	16	100369	0	.blp:8, .png:8
Dota Mod Project/Workspaces/Dota2/Icon Audit/Heroes/Enigma/114_Heroes_Icons/ReplaceableTextures	16	100369	0	.blp:8, .png:8
Dota Mod Project/Workspaces/Dota2/Icon Audit/Heroes/Enigma/114_Heroes_Icons/ReplaceableTextures/CommandButtons	8	56345	8	.blp:4, .png:4
Dota Mod Project/Workspaces/Dota2/Icon Audit/Heroes/Enigma/114_Heroes_Icons/ReplaceableTextures/CommandButtonsDisabled	8	44024	8	.blp:4, .png:4
Dota Mod Project/Workspaces/Dota2/Icon Audit/Heroes/Faceless Void	12	69261	0	.blp:6, .png:6
Dota Mod Project/Workspaces/Dota2/Icon Audit/Heroes/Faceless Void/114_Heroes_Icons	4	21454	0	.blp:2, .png:2
Dota Mod Project/Workspaces/Dota2/Icon Audit/Heroes/Faceless Void/114_Heroes_Icons/ReplaceableTextures	4	21454	0	.blp:2, .png:2
Dota Mod Project/Workspaces/Dota2/Icon Audit/Heroes/Faceless Void/114_Heroes_Icons/ReplaceableTextures/CommandButtons	2	13190	2	.blp:1, .png:1
Dota Mod Project/Workspaces/Dota2/Icon Audit/Heroes/Faceless Void/114_Heroes_Icons/ReplaceableTextures/CommandButtonsDisabled	2	8264	2	.blp:1, .png:1
Dota Mod Project/Workspaces/Dota2/Icon Audit/Heroes/Faceless Void/Dota_1_5	8	47807	0	.blp:4, .png:4
Dota Mod Project/Workspaces/Dota2/Icon Audit/Heroes/Faceless Void/Dota_1_5/ReplaceableTextures	8	47807	0	.blp:4, .png:4
Dota Mod Project/Workspaces/Dota2/Icon Audit/Heroes/Faceless Void/Dota_1_5/ReplaceableTextures/CommandButtons	4	28018	4	.blp:2, .png:2
Dota Mod Project/Workspaces/Dota2/Icon Audit/Heroes/Faceless Void/Dota_1_5/ReplaceableTextures/CommandButtonsDisabled	4	19789	4	.blp:2, .png:2
Dota Mod Project/Workspaces/Dota2/Icon Audit/Heroes/Gyrocopter	12	71376	0	.blp:6, .png:6
Dota Mod Project/Workspaces/Dota2/Icon Audit/Heroes/Gyrocopter/114_Heroes_Icons	12	71376	0	.blp:6, .png:6
Dota Mod Project/Workspaces/Dota2/Icon Audit/Heroes/Gyrocopter/114_Heroes_Icons/ReplaceableTextures	12	71376	0	.blp:6, .png:6
Dota Mod Project/Workspaces/Dota2/Icon Audit/Heroes/Gyrocopter/114_Heroes_Icons/ReplaceableTextures/CommandButtons	6	41599	6	.blp:3, .png:3
Dota Mod Project/Workspaces/Dota2/Icon Audit/Heroes/Gyrocopter/114_Heroes_Icons/ReplaceableTextures/CommandButtonsDisabled	6	29777	6	.blp:3, .png:3
Dota Mod Project/Workspaces/Dota2/Icon Audit/Heroes/Huskar	14	91825	0	.blp:7, .png:7
Dota Mod Project/Workspaces/Dota2/Icon Audit/Heroes/Huskar/114_Heroes_Icons	14	91825	0	.blp:7, .png:7
Dota Mod Project/Workspaces/Dota2/Icon Audit/Heroes/Huskar/114_Heroes_Icons/ReplaceableTextures	14	91825	0	.blp:7, .png:7
Dota Mod Project/Workspaces/Dota2/Icon Audit/Heroes/Huskar/114_Heroes_Icons/ReplaceableTextures/CommandButtons	6	43157	6	.blp:3, .png:3
Dota Mod Project/Workspaces/Dota2/Icon Audit/Heroes/Huskar/114_Heroes_Icons/ReplaceableTextures/CommandButtonsDisabled	6	33904	6	.blp:3, .png:3
Dota Mod Project/Workspaces/Dota2/Icon Audit/Heroes/Huskar/114_Heroes_Icons/ReplaceableTextures/PassiveButtons	2	14764	2	.blp:1, .png:1
Dota Mod Project/Workspaces/Dota2/Icon Audit/Heroes/Invoker	20	170146	0	.blp:10, .png:10
Dota Mod Project/Workspaces/Dota2/Icon Audit/Heroes/Invoker/114_Heroes_Icons	16	150797	0	.blp:8, .png:8
Dota Mod Project/Workspaces/Dota2/Icon Audit/Heroes/Invoker/114_Heroes_Icons/ReplaceableTextures	16	150797	0	.blp:8, .png:8
Dota Mod Project/Workspaces/Dota2/Icon Audit/Heroes/Invoker/114_Heroes_Icons/ReplaceableTextures/CommandButtons	16	150797	16	.blp:8, .png:8
Dota Mod Project/Workspaces/Dota2/Icon Audit/Heroes/Invoker/Dota_1_5	4	19349	0	.blp:2, .png:2
Dota Mod Project/Workspaces/Dota2/Icon Audit/Heroes/Invoker/Dota_1_5/ReplaceableTextures	4	19349	0	.blp:2, .png:2
Dota Mod Project/Workspaces/Dota2/Icon Audit/Heroes/Invoker/Dota_1_5/ReplaceableTextures/CommandButtons	2	11817	2	.blp:1, .png:1
Dota Mod Project/Workspaces/Dota2/Icon Audit/Heroes/Invoker/Dota_1_5/ReplaceableTextures/CommandButtonsDisabled	2	7532	2	.blp:1, .png:1
Dota Mod Project/Workspaces/Dota2/Icon Audit/Heroes/Io	296	2092361	0	.blp:148, .png:148
Dota Mod Project/Workspaces/Dota2/Icon Audit/Heroes/Io/114_Heroes_Icons	118	837434	0	.blp:59, .png:59
Dota Mod Project/Workspaces/Dota2/Icon Audit/Heroes/Io/114_Heroes_Icons/ReplaceableTextures	118	837434	0	.blp:59, .png:59
Dota Mod Project/Workspaces/Dota2/Icon Audit/Heroes/Io/114_Heroes_Icons/ReplaceableTextures/CommandButtons	52	405740	52	.blp:26, .png:26
Dota Mod Project/Workspaces/Dota2/Icon Audit/Heroes/Io/114_Heroes_Icons/ReplaceableTextures/CommandButtonsDisabled	56	331040	56	.blp:28, .png:28
Dota Mod Project/Workspaces/Dota2/Icon Audit/Heroes/Io/114_Heroes_Icons/ReplaceableTextures/PassiveButtons	10	100654	10	.blp:5, .png:5
Dota Mod Project/Workspaces/Dota2/Icon Audit/Heroes/Io/Dota_1_5	178	1254927	0	.blp:89, .png:89
Dota Mod Project/Workspaces/Dota2/Icon Audit/Heroes/Io/Dota_1_5/ReplaceableTextures	178	1254927	0	.blp:89, .png:89
Dota Mod Project/Workspaces/Dota2/Icon Audit/Heroes/Io/Dota_1_5/ReplaceableTextures/CommandButtons	84	692672	84	.blp:42, .png:42
Dota Mod Project/Workspaces/Dota2/Icon Audit/Heroes/Io/Dota_1_5/ReplaceableTextures/CommandButtonsDisabled	94	562255	94	.blp:47, .png:47
Dota Mod Project/Workspaces/Dota2/Icon Audit/Heroes/Juggernaut	18	328388	0	.blp:9, .png:9
Dota Mod Project/Workspaces/Dota2/Icon Audit/Heroes/Juggernaut/114_Heroes_Icons	18	328388	0	.blp:9, .png:9
Dota Mod Project/Workspaces/Dota2/Icon Audit/Heroes/Juggernaut/114_Heroes_Icons/ReplaceableTextures	18	328388	0	.blp:9, .png:9
Dota Mod Project/Workspaces/Dota2/Icon Audit/Heroes/Juggernaut/114_Heroes_Icons/ReplaceableTextures/CommandButtons	8	190916	8	.blp:4, .png:4
Dota Mod Project/Workspaces/Dota2/Icon Audit/Heroes/Juggernaut/114_Heroes_Icons/ReplaceableTextures/CommandButtonsDisabled	8	91748	8	.blp:4, .png:4
Dota Mod Project/Workspaces/Dota2/Icon Audit/Heroes/Juggernaut/114_Heroes_Icons/ReplaceableTextures/PassiveButtons	2	45724	2	.blp:1, .png:1
Dota Mod Project/Workspaces/Dota2/Icon Audit/Heroes/Keeper of the Light	8	52012	0	.blp:4, .png:4
Dota Mod Project/Workspaces/Dota2/Icon Audit/Heroes/Keeper of the Light/Dota_1_5	8	52012	0	.blp:4, .png:4
Dota Mod Project/Workspaces/Dota2/Icon Audit/Heroes/Keeper of the Light/Dota_1_5/ReplaceableTextures	8	52012	0	.blp:4, .png:4
Dota Mod Project/Workspaces/Dota2/Icon Audit/Heroes/Keeper of the Light/Dota_1_5/ReplaceableTextures/CommandButtons	4	29759	4	.blp:2, .png:2
Dota Mod Project/Workspaces/Dota2/Icon Audit/Heroes/Keeper of the Light/Dota_1_5/ReplaceableTextures/CommandButtonsDisabled	4	22253	4	.blp:2, .png:2
Dota Mod Project/Workspaces/Dota2/Icon Audit/Heroes/Kunkka	22	159682	0	.blp:11, .png:11
Dota Mod Project/Workspaces/Dota2/Icon Audit/Heroes/Kunkka/114_Heroes_Icons	14	90028	0	.blp:7, .png:7
Dota Mod Project/Workspaces/Dota2/Icon Audit/Heroes/Kunkka/114_Heroes_Icons/ReplaceableTextures	14	90028	0	.blp:7, .png:7
Dota Mod Project/Workspaces/Dota2/Icon Audit/Heroes/Kunkka/114_Heroes_Icons/ReplaceableTextures/AutoCastButtons	2	17092	2	.blp:1, .png:1
Dota Mod Project/Workspaces/Dota2/Icon Audit/Heroes/Kunkka/114_Heroes_Icons/ReplaceableTextures/CommandButtons	6	42065	6	.blp:3, .png:3
Dota Mod Project/Workspaces/Dota2/Icon Audit/Heroes/Kunkka/114_Heroes_Icons/ReplaceableTextures/CommandButtonsDisabled	6	30871	6	.blp:3, .png:3
Dota Mod Project/Workspaces/Dota2/Icon Audit/Heroes/Kunkka/Dota_1_5	8	69654	0	.blp:4, .png:4
Dota Mod Project/Workspaces/Dota2/Icon Audit/Heroes/Kunkka/Dota_1_5/ReplaceableTextures	8	69654	0	.blp:4, .png:4
Dota Mod Project/Workspaces/Dota2/Icon Audit/Heroes/Kunkka/Dota_1_5/ReplaceableTextures/CommandButtons	4	42891	4	.blp:2, .png:2
Dota Mod Project/Workspaces/Dota2/Icon Audit/Heroes/Kunkka/Dota_1_5/ReplaceableTextures/CommandButtonsDisabled	4	26763	4	.blp:2, .png:2
Dota Mod Project/Workspaces/Dota2/Icon Audit/Heroes/Lifestealer	14	82851	0	.blp:7, .png:7
Dota Mod Project/Workspaces/Dota2/Icon Audit/Heroes/Lifestealer/114_Heroes_Icons	10	55718	0	.blp:5, .png:5
Dota Mod Project/Workspaces/Dota2/Icon Audit/Heroes/Lifestealer/114_Heroes_Icons/ReplaceableTextures	10	55718	0	.blp:5, .png:5
Dota Mod Project/Workspaces/Dota2/Icon Audit/Heroes/Lifestealer/114_Heroes_Icons/ReplaceableTextures/CommandButtons	4	24004	4	.blp:2, .png:2
Dota Mod Project/Workspaces/Dota2/Icon Audit/Heroes/Lifestealer/114_Heroes_Icons/ReplaceableTextures/CommandButtonsDisabled	4	19679	4	.blp:2, .png:2
Dota Mod Project/Workspaces/Dota2/Icon Audit/Heroes/Lifestealer/114_Heroes_Icons/ReplaceableTextures/PassiveButtons	2	12035	2	.blp:1, .png:1
Dota Mod Project/Workspaces/Dota2/Icon Audit/Heroes/Lifestealer/Dota_1_5	4	27133	0	.blp:2, .png:2
Dota Mod Project/Workspaces/Dota2/Icon Audit/Heroes/Lifestealer/Dota_1_5/ReplaceableTextures	4	27133	0	.blp:2, .png:2
Dota Mod Project/Workspaces/Dota2/Icon Audit/Heroes/Lifestealer/Dota_1_5/ReplaceableTextures/CommandButtons	2	16463	2	.blp:1, .png:1
Dota Mod Project/Workspaces/Dota2/Icon Audit/Heroes/Lifestealer/Dota_1_5/ReplaceableTextures/CommandButtonsDisabled	2	10670	2	.blp:1, .png:1
Dota Mod Project/Workspaces/Dota2/Icon Audit/Heroes/Lina	18	101390	0	.blp:9, .png:9
Dota Mod Project/Workspaces/Dota2/Icon Audit/Heroes/Lina/114_Heroes_Icons	14	82327	0	.blp:7, .png:7
Dota Mod Project/Workspaces/Dota2/Icon Audit/Heroes/Lina/114_Heroes_Icons/ReplaceableTextures	14	82327	0	.blp:7, .png:7
Dota Mod Project/Workspaces/Dota2/Icon Audit/Heroes/Lina/114_Heroes_Icons/ReplaceableTextures/CommandButtons	6	40612	6	.blp:3, .png:3
Dota Mod Project/Workspaces/Dota2/Icon Audit/Heroes/Lina/114_Heroes_Icons/ReplaceableTextures/CommandButtonsDisabled	6	29674	6	.blp:3, .png:3
Dota Mod Project/Workspaces/Dota2/Icon Audit/Heroes/Lina/114_Heroes_Icons/ReplaceableTextures/PassiveButtons	2	12041	2	.blp:1, .png:1
Dota Mod Project/Workspaces/Dota2/Icon Audit/Heroes/Lina/Dota_1_5	4	19063	0	.blp:2, .png:2
Dota Mod Project/Workspaces/Dota2/Icon Audit/Heroes/Lina/Dota_1_5/ReplaceableTextures	4	19063	0	.blp:2, .png:2
Dota Mod Project/Workspaces/Dota2/Icon Audit/Heroes/Lina/Dota_1_5/ReplaceableTextures/CommandButtons	2	11885	2	.blp:1, .png:1
Dota Mod Project/Workspaces/Dota2/Icon Audit/Heroes/Lina/Dota_1_5/ReplaceableTextures/CommandButtonsDisabled	2	7178	2	.blp:1, .png:1
Dota Mod Project/Workspaces/Dota2/Icon Audit/Heroes/Lone Druid	38	269282	0	.blp:19, .png:19
Dota Mod Project/Workspaces/Dota2/Icon Audit/Heroes/Lone Druid/114_Heroes_Icons	8	52412	0	.blp:4, .png:4
Dota Mod Project/Workspaces/Dota2/Icon Audit/Heroes/Lone Druid/114_Heroes_Icons/ReplaceableTextures	8	52412	0	.blp:4, .png:4
Dota Mod Project/Workspaces/Dota2/Icon Audit/Heroes/Lone Druid/114_Heroes_Icons/ReplaceableTextures/CommandButtons	4	29758	4	.blp:2, .png:2
Dota Mod Project/Workspaces/Dota2/Icon Audit/Heroes/Lone Druid/114_Heroes_Icons/ReplaceableTextures/CommandButtonsDisabled	4	22654	4	.blp:2, .png:2
Dota Mod Project/Workspaces/Dota2/Icon Audit/Heroes/Lone Druid/Dota_1_5	30	216870	0	.blp:15, .png:15
Dota Mod Project/Workspaces/Dota2/Icon Audit/Heroes/Lone Druid/Dota_1_5/ReplaceableTextures	30	216870	0	.blp:15, .png:15
Dota Mod Project/Workspaces/Dota2/Icon Audit/Heroes/Lone Druid/Dota_1_5/ReplaceableTextures/CommandButtons	14	118598	14	.blp:7, .png:7
Dota Mod Project/Workspaces/Dota2/Icon Audit/Heroes/Lone Druid/Dota_1_5/ReplaceableTextures/CommandButtonsDisabled	16	98272	16	.blp:8, .png:8
Dota Mod Project/Workspaces/Dota2/Icon Audit/Heroes/Lycan	28	175520	0	.blp:14, .png:14
Dota Mod Project/Workspaces/Dota2/Icon Audit/Heroes/Lycan/114_Heroes_Icons	20	122816	0	.blp:10, .png:10
Dota Mod Project/Workspaces/Dota2/Icon Audit/Heroes/Lycan/114_Heroes_Icons/ReplaceableTextures	20	122816	0	.blp:10, .png:10
Dota Mod Project/Workspaces/Dota2/Icon Audit/Heroes/Lycan/114_Heroes_Icons/ReplaceableTextures/CommandButtons	8	53797	8	.blp:4, .png:4
Dota Mod Project/Workspaces/Dota2/Icon Audit/Heroes/Lycan/114_Heroes_Icons/ReplaceableTextures/CommandButtonsDisabled	8	42199	8	.blp:4, .png:4
Dota Mod Project/Workspaces/Dota2/Icon Audit/Heroes/Lycan/114_Heroes_Icons/ReplaceableTextures/PassiveButtons	4	26820	4	.blp:2, .png:2
Dota Mod Project/Workspaces/Dota2/Icon Audit/Heroes/Lycan/Dota_1_5	8	52704	0	.blp:4, .png:4
Dota Mod Project/Workspaces/Dota2/Icon Audit/Heroes/Lycan/Dota_1_5/ReplaceableTextures	8	52704	0	.blp:4, .png:4
Dota Mod Project/Workspaces/Dota2/Icon Audit/Heroes/Lycan/Dota_1_5/ReplaceableTextures/CommandButtons	4	30913	4	.blp:2, .png:2
Dota Mod Project/Workspaces/Dota2/Icon Audit/Heroes/Lycan/Dota_1_5/ReplaceableTextures/CommandButtonsDisabled	4	21791	4	.blp:2, .png:2
Dota Mod Project/Workspaces/Dota2/Icon Audit/Heroes/Magnus	12	79275	0	.blp:6, .png:6
Dota Mod Project/Workspaces/Dota2/Icon Audit/Heroes/Magnus/114_Heroes_Icons	12	79275	0	.blp:6, .png:6
Dota Mod Project/Workspaces/Dota2/Icon Audit/Heroes/Magnus/114_Heroes_Icons/ReplaceableTextures	12	79275	0	.blp:6, .png:6
Dota Mod Project/Workspaces/Dota2/Icon Audit/Heroes/Magnus/114_Heroes_Icons/ReplaceableTextures/CommandButtons	6	43501	6	.blp:3, .png:3
Dota Mod Project/Workspaces/Dota2/Icon Audit/Heroes/Magnus/114_Heroes_Icons/ReplaceableTextures/CommandButtonsDisabled	6	35774	6	.blp:3, .png:3
Dota Mod Project/Workspaces/Dota2/Icon Audit/Heroes/Medusa	12	69765	0	.blp:6, .png:6
Dota Mod Project/Workspaces/Dota2/Icon Audit/Heroes/Medusa/114_Heroes_Icons	12	69765	0	.blp:6, .png:6
Dota Mod Project/Workspaces/Dota2/Icon Audit/Heroes/Medusa/114_Heroes_Icons/ReplaceableTextures	12	69765	0	.blp:6, .png:6
Dota Mod Project/Workspaces/Dota2/Icon Audit/Heroes/Medusa/114_Heroes_Icons/ReplaceableTextures/CommandButtons	6	40850	6	.blp:3, .png:3
Dota Mod Project/Workspaces/Dota2/Icon Audit/Heroes/Medusa/114_Heroes_Icons/ReplaceableTextures/CommandButtonsDisabled	6	28915	6	.blp:3, .png:3
Dota Mod Project/Workspaces/Dota2/Icon Audit/Heroes/Meepo	16	113089	0	.blp:8, .png:8
Dota Mod Project/Workspaces/Dota2/Icon Audit/Heroes/Meepo/114_Heroes_Icons	16	113089	0	.blp:8, .png:8
Dota Mod Project/Workspaces/Dota2/Icon Audit/Heroes/Meepo/114_Heroes_Icons/ReplaceableTextures	16	113089	0	.blp:8, .png:8
Dota Mod Project/Workspaces/Dota2/Icon Audit/Heroes/Meepo/114_Heroes_Icons/ReplaceableTextures/CommandButtons	6	45182	6	.blp:3, .png:3
Dota Mod Project/Workspaces/Dota2/Icon Audit/Heroes/Meepo/114_Heroes_Icons/ReplaceableTextures/CommandButtonsDisabled	6	38284	6	.blp:3, .png:3
Dota Mod Project/Workspaces/Dota2/Icon Audit/Heroes/Meepo/114_Heroes_Icons/ReplaceableTextures/PassiveButtons	4	29623	4	.blp:2, .png:2
Dota Mod Project/Workspaces/Dota2/Icon Audit/Heroes/Morphling	32	193683	0	.blp:16, .png:16
Dota Mod Project/Workspaces/Dota2/Icon Audit/Heroes/Morphling/114_Heroes_Icons	24	141979	0	.blp:12, .png:12
Dota Mod Project/Workspaces/Dota2/Icon Audit/Heroes/Morphling/114_Heroes_Icons/ReplaceableTextures	24	141979	0	.blp:12, .png:12
Dota Mod Project/Workspaces/Dota2/Icon Audit/Heroes/Morphling/114_Heroes_Icons/ReplaceableTextures/AutoCastButtons	4	25831	4	.blp:2, .png:2
Dota Mod Project/Workspaces/Dota2/Icon Audit/Heroes/Morphling/114_Heroes_Icons/ReplaceableTextures/CommandButtons	8	55620	8	.blp:4, .png:4
Dota Mod Project/Workspaces/Dota2/Icon Audit/Heroes/Morphling/114_Heroes_Icons/ReplaceableTextures/CommandButtonsDisabled	12	60528	12	.blp:6, .png:6
Dota Mod Project/Workspaces/Dota2/Icon Audit/Heroes/Morphling/Dota_1_5	8	51704	0	.blp:4, .png:4
Dota Mod Project/Workspaces/Dota2/Icon Audit/Heroes/Morphling/Dota_1_5/ReplaceableTextures	8	51704	0	.blp:4, .png:4
Dota Mod Project/Workspaces/Dota2/Icon Audit/Heroes/Morphling/Dota_1_5/ReplaceableTextures/CommandButtons	4	30532	4	.blp:2, .png:2
Dota Mod Project/Workspaces/Dota2/Icon Audit/Heroes/Morphling/Dota_1_5/ReplaceableTextures/CommandButtonsDisabled	4	21172	4	.blp:2, .png:2
Dota Mod Project/Workspaces/Dota2/Icon Audit/Heroes/Naga Siren	20	137556	0	.blp:10, .png:10
Dota Mod Project/Workspaces/Dota2/Icon Audit/Heroes/Naga Siren/114_Heroes_Icons	12	82293	0	.blp:6, .png:6
Dota Mod Project/Workspaces/Dota2/Icon Audit/Heroes/Naga Siren/114_Heroes_Icons/ReplaceableTextures	12	82293	0	.blp:6, .png:6
Dota Mod Project/Workspaces/Dota2/Icon Audit/Heroes/Naga Siren/114_Heroes_Icons/ReplaceableTextures/CommandButtons	4	29249	4	.blp:2, .png:2
Dota Mod Project/Workspaces/Dota2/Icon Audit/Heroes/Naga Siren/114_Heroes_Icons/ReplaceableTextures/CommandButtonsDisabled	4	23795	4	.blp:2, .png:2
Dota Mod Project/Workspaces/Dota2/Icon Audit/Heroes/Naga Siren/114_Heroes_Icons/ReplaceableTextures/PassiveButtons	4	29249	4	.blp:2, .png:2
Dota Mod Project/Workspaces/Dota2/Icon Audit/Heroes/Naga Siren/Dota_1_5	8	55263	0	.blp:4, .png:4
Dota Mod Project/Workspaces/Dota2/Icon Audit/Heroes/Naga Siren/Dota_1_5/ReplaceableTextures	8	55263	0	.blp:4, .png:4
Dota Mod Project/Workspaces/Dota2/Icon Audit/Heroes/Naga Siren/Dota_1_5/ReplaceableTextures/CommandButtons	4	30348	4	.blp:2, .png:2
Dota Mod Project/Workspaces/Dota2/Icon Audit/Heroes/Naga Siren/Dota_1_5/ReplaceableTextures/CommandButtonsDisabled	4	24915	4	.blp:2, .png:2
Dota Mod Project/Workspaces/Dota2/Icon Audit/Heroes/Nature's Prophet	32	206906	0	.blp:16, .png:16
Dota Mod Project/Workspaces/Dota2/Icon Audit/Heroes/Nature's Prophet/114_Heroes_Icons	16	104158	0	.blp:8, .png:8
Dota Mod Project/Workspaces/Dota2/Icon Audit/Heroes/Nature's Prophet/114_Heroes_Icons/ReplaceableTextures	16	104158	0	.blp:8, .png:8
Dota Mod Project/Workspaces/Dota2/Icon Audit/Heroes/Nature's Prophet/114_Heroes_Icons/ReplaceableTextures/CommandButtons	8	58279	8	.blp:4, .png:4
Dota Mod Project/Workspaces/Dota2/Icon Audit/Heroes/Nature's Prophet/114_Heroes_Icons/ReplaceableTextures/CommandButtonsDisabled	8	45879	8	.blp:4, .png:4
Dota Mod Project/Workspaces/Dota2/Icon Audit/Heroes/Nature's Prophet/Dota_1_5	16	102748	0	.blp:8, .png:8
Dota Mod Project/Workspaces/Dota2/Icon Audit/Heroes/Nature's Prophet/Dota_1_5/ReplaceableTextures	16	102748	0	.blp:8, .png:8
Dota Mod Project/Workspaces/Dota2/Icon Audit/Heroes/Nature's Prophet/Dota_1_5/ReplaceableTextures/CommandButtons	8	61474	8	.blp:4, .png:4
Dota Mod Project/Workspaces/Dota2/Icon Audit/Heroes/Nature's Prophet/Dota_1_5/ReplaceableTextures/CommandButtonsDisabled	8	41274	8	.blp:4, .png:4
Dota Mod Project/Workspaces/Dota2/Icon Audit/Heroes/Necrophos	32	228416	0	.blp:16, .png:16
Dota Mod Project/Workspaces/Dota2/Icon Audit/Heroes/Necrophos/114_Heroes_Icons	18	119256	0	.blp:9, .png:9
Dota Mod Project/Workspaces/Dota2/Icon Audit/Heroes/Necrophos/114_Heroes_Icons/ReplaceableTextures	18	119256	0	.blp:9, .png:9
Dota Mod Project/Workspaces/Dota2/Icon Audit/Heroes/Necrophos/114_Heroes_Icons/ReplaceableTextures/CommandButtons	8	58255	8	.blp:4, .png:4
Dota Mod Project/Workspaces/Dota2/Icon Audit/Heroes/Necrophos/114_Heroes_Icons/ReplaceableTextures/CommandButtonsDisabled	8	45696	8	.blp:4, .png:4
Dota Mod Project/Workspaces/Dota2/Icon Audit/Heroes/Necrophos/114_Heroes_Icons/ReplaceableTextures/PassiveButtons	2	15305	2	.blp:1, .png:1
Dota Mod Project/Workspaces/Dota2/Icon Audit/Heroes/Necrophos/Dota_1_5	14	109160	0	.blp:7, .png:7
Dota Mod Project/Workspaces/Dota2/Icon Audit/Heroes/Necrophos/Dota_1_5/ReplaceableTextures	14	109160	0	.blp:7, .png:7
Dota Mod Project/Workspaces/Dota2/Icon Audit/Heroes/Necrophos/Dota_1_5/ReplaceableTextures/CommandButtons	4	40426	4	.blp:2, .png:2
Dota Mod Project/Workspaces/Dota2/Icon Audit/Heroes/Necrophos/Dota_1_5/ReplaceableTextures/CommandButtonsDisabled	10	68734	10	.blp:5, .png:5
Dota Mod Project/Workspaces/Dota2/Icon Audit/Heroes/Night Stalker	12	68905	0	.blp:6, .png:6
Dota Mod Project/Workspaces/Dota2/Icon Audit/Heroes/Night Stalker/114_Heroes_Icons	12	68905	0	.blp:6, .png:6
Dota Mod Project/Workspaces/Dota2/Icon Audit/Heroes/Night Stalker/114_Heroes_Icons/ReplaceableTextures	12	68905	0	.blp:6, .png:6
Dota Mod Project/Workspaces/Dota2/Icon Audit/Heroes/Night Stalker/114_Heroes_Icons/ReplaceableTextures/CommandButtons	6	39800	6	.blp:3, .png:3
Dota Mod Project/Workspaces/Dota2/Icon Audit/Heroes/Night Stalker/114_Heroes_Icons/ReplaceableTextures/CommandButtonsDisabled	6	29105	6	.blp:3, .png:3
Dota Mod Project/Workspaces/Dota2/Icon Audit/Heroes/Ogre Magi	6	45362	0	.blp:3, .png:3
Dota Mod Project/Workspaces/Dota2/Icon Audit/Heroes/Ogre Magi/Dota_1_5	6	45362	0	.blp:3, .png:3
Dota Mod Project/Workspaces/Dota2/Icon Audit/Heroes/Ogre Magi/Dota_1_5/ReplaceableTextures	6	45362	0	.blp:3, .png:3
Dota Mod Project/Workspaces/Dota2/Icon Audit/Heroes/Ogre Magi/Dota_1_5/ReplaceableTextures/CommandButtons	2	19683	2	.blp:1, .png:1
Dota Mod Project/Workspaces/Dota2/Icon Audit/Heroes/Ogre Magi/Dota_1_5/ReplaceableTextures/CommandButtonsDisabled	4	25679	4	.blp:2, .png:2
Dota Mod Project/Workspaces/Dota2/Icon Audit/Heroes/Omniknight	14	82457	0	.blp:7, .png:7
Dota Mod Project/Workspaces/Dota2/Icon Audit/Heroes/Omniknight/114_Heroes_Icons	14	82457	0	.blp:7, .png:7
Dota Mod Project/Workspaces/Dota2/Icon Audit/Heroes/Omniknight/114_Heroes_Icons/ReplaceableTextures	14	82457	0	.blp:7, .png:7
Dota Mod Project/Workspaces/Dota2/Icon Audit/Heroes/Omniknight/114_Heroes_Icons/ReplaceableTextures/CommandButtons	6	40377	6	.blp:3, .png:3
Dota Mod Project/Workspaces/Dota2/Icon Audit/Heroes/Omniknight/114_Heroes_Icons/ReplaceableTextures/CommandButtonsDisabled	6	29975	6	.blp:3, .png:3
Dota Mod Project/Workspaces/Dota2/Icon Audit/Heroes/Omniknight/114_Heroes_Icons/ReplaceableTextures/PassiveButtons	2	12105	2	.blp:1, .png:1
Dota Mod Project/Workspaces/Dota2/Icon Audit/Heroes/Oracle	8	53016	0	.blp:4, .png:4
Dota Mod Project/Workspaces/Dota2/Icon Audit/Heroes/Oracle/114_Heroes_Icons	8	53016	0	.blp:4, .png:4
Dota Mod Project/Workspaces/Dota2/Icon Audit/Heroes/Oracle/114_Heroes_Icons/ReplaceableTextures	8	53016	0	.blp:4, .png:4
Dota Mod Project/Workspaces/Dota2/Icon Audit/Heroes/Oracle/114_Heroes_Icons/ReplaceableTextures/CommandButtons	4	29284	4	.blp:2, .png:2
Dota Mod Project/Workspaces/Dota2/Icon Audit/Heroes/Oracle/114_Heroes_Icons/ReplaceableTextures/CommandButtonsDisabled	4	23732	4	.blp:2, .png:2
Dota Mod Project/Workspaces/Dota2/Icon Audit/Heroes/Phantom Assassin	136	886134	0	.blp:68, .png:68
Dota Mod Project/Workspaces/Dota2/Icon Audit/Heroes/Phantom Assassin/114_Heroes_Icons	78	500685	0	.blp:39, .png:39
Dota Mod Project/Workspaces/Dota2/Icon Audit/Heroes/Phantom Assassin/114_Heroes_Icons/ReplaceableTextures	78	500685	0	.blp:39, .png:39
Dota Mod Project/Workspaces/Dota2/Icon Audit/Heroes/Phantom Assassin/114_Heroes_Icons/ReplaceableTextures/CommandButtons	14	98229	14	.blp:7, .png:7
Dota Mod Project/Workspaces/Dota2/Icon Audit/Heroes/Phantom Assassin/114_Heroes_Icons/ReplaceableTextures/CommandButtonsDisabled	30	174132	30	.blp:15, .png:15
Dota Mod Project/Workspaces/Dota2/Icon Audit/Heroes/Phantom Assassin/114_Heroes_Icons/ReplaceableTextures/PassiveButtons	34	228324	34	.blp:17, .png:17
Dota Mod Project/Workspaces/Dota2/Icon Audit/Heroes/Phantom Assassin/Dota_1_5	58	385449	0	.blp:29, .png:29
Dota Mod Project/Workspaces/Dota2/Icon Audit/Heroes/Phantom Assassin/Dota_1_5/ReplaceableTextures	58	385449	0	.blp:29, .png:29
Dota Mod Project/Workspaces/Dota2/Icon Audit/Heroes/Phantom Assassin/Dota_1_5/ReplaceableTextures/CommandButtons	28	218217	28	.blp:14, .png:14
Dota Mod Project/Workspaces/Dota2/Icon Audit/Heroes/Phantom Assassin/Dota_1_5/ReplaceableTextures/CommandButtonsDisabled	30	167232	30	.blp:15, .png:15
Dota Mod Project/Workspaces/Dota2/Icon Audit/Heroes/Phantom Lancer	118	781374	0	.blp:59, .png:59
Dota Mod Project/Workspaces/Dota2/Icon Audit/Heroes/Phantom Lancer/114_Heroes_Icons	58	348258	0	.blp:29, .png:29
Dota Mod Project/Workspaces/Dota2/Icon Audit/Heroes/Phantom Lancer/114_Heroes_Icons/ReplaceableTextures	58	348258	0	.blp:29, .png:29
Dota Mod Project/Workspaces/Dota2/Icon Audit/Heroes/Phantom Lancer/114_Heroes_Icons/ReplaceableTextures/CommandButtons	26	177919	26	.blp:13, .png:13
Dota Mod Project/Workspaces/Dota2/Icon Audit/Heroes/Phantom Lancer/114_Heroes_Icons/ReplaceableTextures/CommandButtonsDisabled	26	132761	26	.blp:13, .png:13
Dota Mod Project/Workspaces/Dota2/Icon Audit/Heroes/Phantom Lancer/114_Heroes_Icons/ReplaceableTextures/PassiveButtons	6	37578	6	.blp:3, .png:3
Dota Mod Project/Workspaces/Dota2/Icon Audit/Heroes/Phantom Lancer/Dota_1_5	60	433116	0	.blp:30, .png:30
Dota Mod Project/Workspaces/Dota2/Icon Audit/Heroes/Phantom Lancer/Dota_1_5/ReplaceableTextures	60	433116	0	.blp:30, .png:30
Dota Mod Project/Workspaces/Dota2/Icon Audit/Heroes/Phantom Lancer/Dota_1_5/ReplaceableTextures/CommandButtons	26	226965	26	.blp:13, .png:13
Dota Mod Project/Workspaces/Dota2/Icon Audit/Heroes/Phantom Lancer/Dota_1_5/ReplaceableTextures/CommandButtonsDisabled	34	206151	34	.blp:17, .png:17
Dota Mod Project/Workspaces/Dota2/Icon Audit/Heroes/Phoenix	28	185229	0	.blp:14, .png:14
Dota Mod Project/Workspaces/Dota2/Icon Audit/Heroes/Phoenix/114_Heroes_Icons	20	118183	0	.blp:10, .png:10
Dota Mod Project/Workspaces/Dota2/Icon Audit/Heroes/Phoenix/114_Heroes_Icons/ReplaceableTextures	20	118183	0	.blp:10, .png:10
Dota Mod Project/Workspaces/Dota2/Icon Audit/Heroes/Phoenix/114_Heroes_Icons/ReplaceableTextures/CommandButtons	10	68147	10	.blp:5, .png:5
Dota Mod Project/Workspaces/Dota2/Icon Audit/Heroes/Phoenix/114_Heroes_Icons/ReplaceableTextures/CommandButtonsDisabled	10	50036	10	.blp:5, .png:5
Dota Mod Project/Workspaces/Dota2/Icon Audit/Heroes/Phoenix/Dota_1_5	8	67046	0	.blp:4, .png:4
Dota Mod Project/Workspaces/Dota2/Icon Audit/Heroes/Phoenix/Dota_1_5/ReplaceableTextures	8	67046	0	.blp:4, .png:4
Dota Mod Project/Workspaces/Dota2/Icon Audit/Heroes/Phoenix/Dota_1_5/ReplaceableTextures/CommandButtons	4	40480	4	.blp:2, .png:2
Dota Mod Project/Workspaces/Dota2/Icon Audit/Heroes/Phoenix/Dota_1_5/ReplaceableTextures/CommandButtonsDisabled	4	26566	4	.blp:2, .png:2
Dota Mod Project/Workspaces/Dota2/Icon Audit/Heroes/Puck	16	103080	0	.blp:8, .png:8
Dota Mod Project/Workspaces/Dota2/Icon Audit/Heroes/Puck/114_Heroes_Icons	16	103080	0	.blp:8, .png:8
Dota Mod Project/Workspaces/Dota2/Icon Audit/Heroes/Puck/114_Heroes_Icons/ReplaceableTextures	16	103080	0	.blp:8, .png:8
Dota Mod Project/Workspaces/Dota2/Icon Audit/Heroes/Puck/114_Heroes_Icons/ReplaceableTextures/CommandButtons	8	55391	8	.blp:4, .png:4
Dota Mod Project/Workspaces/Dota2/Icon Audit/Heroes/Puck/114_Heroes_Icons/ReplaceableTextures/CommandButtonsDisabled	8	47689	8	.blp:4, .png:4
Dota Mod Project/Workspaces/Dota2/Icon Audit/Heroes/Pudge	14	127628	0	.blp:7, .png:7
Dota Mod Project/Workspaces/Dota2/Icon Audit/Heroes/Pudge/114_Heroes_Icons	14	127628	0	.blp:7, .png:7
Dota Mod Project/Workspaces/Dota2/Icon Audit/Heroes/Pudge/114_Heroes_Icons/ReplaceableTextures	14	127628	0	.blp:7, .png:7
Dota Mod Project/Workspaces/Dota2/Icon Audit/Heroes/Pudge/114_Heroes_Icons/ReplaceableTextures/CommandButtons	6	62068	6	.blp:3, .png:3
Dota Mod Project/Workspaces/Dota2/Icon Audit/Heroes/Pudge/114_Heroes_Icons/ReplaceableTextures/CommandButtonsDisabled	6	45000	6	.blp:3, .png:3
Dota Mod Project/Workspaces/Dota2/Icon Audit/Heroes/Pudge/114_Heroes_Icons/ReplaceableTextures/PassiveButtons	2	20560	2	.blp:1, .png:1
Dota Mod Project/Workspaces/Dota2/Icon Audit/Heroes/Pugna	4	20837	0	.blp:2, .png:2
Dota Mod Project/Workspaces/Dota2/Icon Audit/Heroes/Pugna/114_Heroes_Icons	4	20837	0	.blp:2, .png:2
Dota Mod Project/Workspaces/Dota2/Icon Audit/Heroes/Pugna/114_Heroes_Icons/ReplaceableTextures	4	20837	0	.blp:2, .png:2
Dota Mod Project/Workspaces/Dota2/Icon Audit/Heroes/Pugna/114_Heroes_Icons/ReplaceableTextures/CommandButtons	2	13212	2	.blp:1, .png:1
Dota Mod Project/Workspaces/Dota2/Icon Audit/Heroes/Pugna/114_Heroes_Icons/ReplaceableTextures/CommandButtonsDisabled	2	7625	2	.blp:1, .png:1
Dota Mod Project/Workspaces/Dota2/Icon Audit/Heroes/Queen of Pain	4	28698	0	.blp:2, .png:2
Dota Mod Project/Workspaces/Dota2/Icon Audit/Heroes/Queen of Pain/Dota_1_5	4	28698	0	.blp:2, .png:2
Dota Mod Project/Workspaces/Dota2/Icon Audit/Heroes/Queen of Pain/Dota_1_5/ReplaceableTextures	4	28698	0	.blp:2, .png:2
Dota Mod Project/Workspaces/Dota2/Icon Audit/Heroes/Queen of Pain/Dota_1_5/ReplaceableTextures/CommandButtons	2	15716	2	.blp:1, .png:1
Dota Mod Project/Workspaces/Dota2/Icon Audit/Heroes/Queen of Pain/Dota_1_5/ReplaceableTextures/CommandButtonsDisabled	2	12982	2	.blp:1, .png:1
Dota Mod Project/Workspaces/Dota2/Icon Audit/Heroes/Razor	18	112862	0	.blp:9, .png:9
Dota Mod Project/Workspaces/Dota2/Icon Audit/Heroes/Razor/114_Heroes_Icons	14	89264	0	.blp:7, .png:7
Dota Mod Project/Workspaces/Dota2/Icon Audit/Heroes/Razor/114_Heroes_Icons/ReplaceableTextures	14	89264	0	.blp:7, .png:7
Dota Mod Project/Workspaces/Dota2/Icon Audit/Heroes/Razor/114_Heroes_Icons/ReplaceableTextures/CommandButtons	6	42528	6	.blp:3, .png:3
Dota Mod Project/Workspaces/Dota2/Icon Audit/Heroes/Razor/114_Heroes_Icons/ReplaceableTextures/CommandButtonsDisabled	6	31578	6	.blp:3, .png:3
Dota Mod Project/Workspaces/Dota2/Icon Audit/Heroes/Razor/114_Heroes_Icons/ReplaceableTextures/PassiveButtons	2	15158	2	.blp:1, .png:1
Dota Mod Project/Workspaces/Dota2/Icon Audit/Heroes/Razor/Dota_1_5	4	23598	0	.blp:2, .png:2
Dota Mod Project/Workspaces/Dota2/Icon Audit/Heroes/Razor/Dota_1_5/ReplaceableTextures	4	23598	0	.blp:2, .png:2
Dota Mod Project/Workspaces/Dota2/Icon Audit/Heroes/Razor/Dota_1_5/ReplaceableTextures/CommandButtons	2	14190	2	.blp:1, .png:1
Dota Mod Project/Workspaces/Dota2/Icon Audit/Heroes/Razor/Dota_1_5/ReplaceableTextures/CommandButtonsDisabled	2	9408	2	.blp:1, .png:1
Dota Mod Project/Workspaces/Dota2/Icon Audit/Heroes/Riki	18	106627	0	.blp:9, .png:9
Dota Mod Project/Workspaces/Dota2/Icon Audit/Heroes/Riki/114_Heroes_Icons	14	84522	0	.blp:7, .png:7
Dota Mod Project/Workspaces/Dota2/Icon Audit/Heroes/Riki/114_Heroes_Icons/ReplaceableTextures	14	84522	0	.blp:7, .png:7
Dota Mod Project/Workspaces/Dota2/Icon Audit/Heroes/Riki/114_Heroes_Icons/ReplaceableTextures/CommandButtons	6	40144	6	.blp:3, .png:3
Dota Mod Project/Workspaces/Dota2/Icon Audit/Heroes/Riki/114_Heroes_Icons/ReplaceableTextures/CommandButtonsDisabled	6	33241	6	.blp:3, .png:3
Dota Mod Project/Workspaces/Dota2/Icon Audit/Heroes/Riki/114_Heroes_Icons/ReplaceableTextures/PassiveButtons	2	11137	2	.blp:1, .png:1
Dota Mod Project/Workspaces/Dota2/Icon Audit/Heroes/Riki/Dota_1_5	4	22105	0	.blp:2, .png:2
Dota Mod Project/Workspaces/Dota2/Icon Audit/Heroes/Riki/Dota_1_5/ReplaceableTextures	4	22105	0	.blp:2, .png:2
Dota Mod Project/Workspaces/Dota2/Icon Audit/Heroes/Riki/Dota_1_5/ReplaceableTextures/CommandButtons	2	13426	2	.blp:1, .png:1
Dota Mod Project/Workspaces/Dota2/Icon Audit/Heroes/Riki/Dota_1_5/ReplaceableTextures/CommandButtonsDisabled	2	8679	2	.blp:1, .png:1
Dota Mod Project/Workspaces/Dota2/Icon Audit/Heroes/Rubick	16	98000	0	.blp:8, .png:8
Dota Mod Project/Workspaces/Dota2/Icon Audit/Heroes/Rubick/114_Heroes_Icons	16	98000	0	.blp:8, .png:8
Dota Mod Project/Workspaces/Dota2/Icon Audit/Heroes/Rubick/114_Heroes_Icons/ReplaceableTextures	16	98000	0	.blp:8, .png:8
Dota Mod Project/Workspaces/Dota2/Icon Audit/Heroes/Rubick/114_Heroes_Icons/ReplaceableTextures/CommandButtons	8	54889	8	.blp:4, .png:4
Dota Mod Project/Workspaces/Dota2/Icon Audit/Heroes/Rubick/114_Heroes_Icons/ReplaceableTextures/CommandButtonsDisabled	8	43111	8	.blp:4, .png:4
Dota Mod Project/Workspaces/Dota2/Icon Audit/Heroes/Sand King	4	22386	0	.blp:2, .png:2
Dota Mod Project/Workspaces/Dota2/Icon Audit/Heroes/Sand King/Dota_1_5	4	22386	0	.blp:2, .png:2
Dota Mod Project/Workspaces/Dota2/Icon Audit/Heroes/Sand King/Dota_1_5/ReplaceableTextures	4	22386	0	.blp:2, .png:2
Dota Mod Project/Workspaces/Dota2/Icon Audit/Heroes/Sand King/Dota_1_5/ReplaceableTextures/CommandButtons	2	13571	2	.blp:1, .png:1
Dota Mod Project/Workspaces/Dota2/Icon Audit/Heroes/Sand King/Dota_1_5/ReplaceableTextures/CommandButtonsDisabled	2	8815	2	.blp:1, .png:1
Dota Mod Project/Workspaces/Dota2/Icon Audit/Heroes/Shadow Shaman	12	78272	0	.blp:6, .png:6
Dota Mod Project/Workspaces/Dota2/Icon Audit/Heroes/Shadow Shaman/114_Heroes_Icons	8	51946	0	.blp:4, .png:4
Dota Mod Project/Workspaces/Dota2/Icon Audit/Heroes/Shadow Shaman/114_Heroes_Icons/ReplaceableTextures	8	51946	0	.blp:4, .png:4
Dota Mod Project/Workspaces/Dota2/Icon Audit/Heroes/Shadow Shaman/114_Heroes_Icons/ReplaceableTextures/CommandButtons	4	29243	4	.blp:2, .png:2
Dota Mod Project/Workspaces/Dota2/Icon Audit/Heroes/Shadow Shaman/114_Heroes_Icons/ReplaceableTextures/CommandButtonsDisabled	4	22703	4	.blp:2, .png:2
Dota Mod Project/Workspaces/Dota2/Icon Audit/Heroes/Shadow Shaman/Dota_1_5	4	26326	0	.blp:2, .png:2
Dota Mod Project/Workspaces/Dota2/Icon Audit/Heroes/Shadow Shaman/Dota_1_5/ReplaceableTextures	4	26326	0	.blp:2, .png:2
Dota Mod Project/Workspaces/Dota2/Icon Audit/Heroes/Shadow Shaman/Dota_1_5/ReplaceableTextures/CommandButtons	2	15244	2	.blp:1, .png:1
Dota Mod Project/Workspaces/Dota2/Icon Audit/Heroes/Shadow Shaman/Dota_1_5/ReplaceableTextures/CommandButtonsDisabled	2	11082	2	.blp:1, .png:1
Dota Mod Project/Workspaces/Dota2/Icon Audit/Heroes/Silencer	14	108927	0	.blp:7, .png:7
Dota Mod Project/Workspaces/Dota2/Icon Audit/Heroes/Silencer/114_Heroes_Icons	10	69336	0	.blp:5, .png:5
Dota Mod Project/Workspaces/Dota2/Icon Audit/Heroes/Silencer/114_Heroes_Icons/ReplaceableTextures	10	69336	0	.blp:5, .png:5
Dota Mod Project/Workspaces/Dota2/Icon Audit/Heroes/Silencer/114_Heroes_Icons/ReplaceableTextures/AutoCastButtons	2	15713	2	.blp:1, .png:1
Dota Mod Project/Workspaces/Dota2/Icon Audit/Heroes/Silencer/114_Heroes_Icons/ReplaceableTextures/CommandButtons	4	29666	4	.blp:2, .png:2
Dota Mod Project/Workspaces/Dota2/Icon Audit/Heroes/Silencer/114_Heroes_Icons/ReplaceableTextures/CommandButtonsDisabled	4	23957	4	.blp:2, .png:2
Dota Mod Project/Workspaces/Dota2/Icon Audit/Heroes/Silencer/Dota_1_5	4	39591	0	.blp:2, .png:2
Dota Mod Project/Workspaces/Dota2/Icon Audit/Heroes/Silencer/Dota_1_5/ReplaceableTextures	4	39591	0	.blp:2, .png:2
Dota Mod Project/Workspaces/Dota2/Icon Audit/Heroes/Silencer/Dota_1_5/ReplaceableTextures/CommandButtons	2	22658	2	.blp:1, .png:1
Dota Mod Project/Workspaces/Dota2/Icon Audit/Heroes/Silencer/Dota_1_5/ReplaceableTextures/CommandButtonsDisabled	2	16933	2	.blp:1, .png:1
Dota Mod Project/Workspaces/Dota2/Icon Audit/Heroes/Slardar	4	27762	0	.blp:2, .png:2
Dota Mod Project/Workspaces/Dota2/Icon Audit/Heroes/Slardar/Dota_1_5	4	27762	0	.blp:2, .png:2
Dota Mod Project/Workspaces/Dota2/Icon Audit/Heroes/Slardar/Dota_1_5/ReplaceableTextures	4	27762	0	.blp:2, .png:2
Dota Mod Project/Workspaces/Dota2/Icon Audit/Heroes/Slardar/Dota_1_5/ReplaceableTextures/CommandButtons	2	16237	2	.blp:1, .png:1
Dota Mod Project/Workspaces/Dota2/Icon Audit/Heroes/Slardar/Dota_1_5/ReplaceableTextures/CommandButtonsDisabled	2	11525	2	.blp:1, .png:1
Dota Mod Project/Workspaces/Dota2/Icon Audit/Heroes/Slark	4	26690	0	.blp:2, .png:2
Dota Mod Project/Workspaces/Dota2/Icon Audit/Heroes/Slark/114_Heroes_Icons	4	26690	0	.blp:2, .png:2
Dota Mod Project/Workspaces/Dota2/Icon Audit/Heroes/Slark/114_Heroes_Icons/ReplaceableTextures	4	26690	0	.blp:2, .png:2
Dota Mod Project/Workspaces/Dota2/Icon Audit/Heroes/Slark/114_Heroes_Icons/ReplaceableTextures/CommandButtons	2	14952	2	.blp:1, .png:1
Dota Mod Project/Workspaces/Dota2/Icon Audit/Heroes/Slark/114_Heroes_Icons/ReplaceableTextures/CommandButtonsDisabled	2	11738	2	.blp:1, .png:1
Dota Mod Project/Workspaces/Dota2/Icon Audit/Heroes/Sniper	14	79132	0	.blp:7, .png:7
Dota Mod Project/Workspaces/Dota2/Icon Audit/Heroes/Sniper/114_Heroes_Icons	14	79132	0	.blp:7, .png:7
Dota Mod Project/Workspaces/Dota2/Icon Audit/Heroes/Sniper/114_Heroes_Icons/ReplaceableTextures	14	79132	0	.blp:7, .png:7
Dota Mod Project/Workspaces/Dota2/Icon Audit/Heroes/Sniper/114_Heroes_Icons/ReplaceableTextures/CommandButtons	6	39392	6	.blp:3, .png:3
Dota Mod Project/Workspaces/Dota2/Icon Audit/Heroes/Sniper/114_Heroes_Icons/ReplaceableTextures/CommandButtonsDisabled	6	28316	6	.blp:3, .png:3
Dota Mod Project/Workspaces/Dota2/Icon Audit/Heroes/Sniper/114_Heroes_Icons/ReplaceableTextures/PassiveButtons	2	11424	2	.blp:1, .png:1
Dota Mod Project/Workspaces/Dota2/Icon Audit/Heroes/Spectre	22	146885	0	.blp:11, .png:11
Dota Mod Project/Workspaces/Dota2/Icon Audit/Heroes/Spectre/114_Heroes_Icons	22	146885	0	.blp:11, .png:11
Dota Mod Project/Workspaces/Dota2/Icon Audit/Heroes/Spectre/114_Heroes_Icons/ReplaceableTextures	22	146885	0	.blp:11, .png:11
Dota Mod Project/Workspaces/Dota2/Icon Audit/Heroes/Spectre/114_Heroes_Icons/ReplaceableTextures/CommandButtons	10	72836	10	.blp:5, .png:5
Dota Mod Project/Workspaces/Dota2/Icon Audit/Heroes/Spectre/114_Heroes_Icons/ReplaceableTextures/CommandButtonsDisabled	10	57295	10	.blp:5, .png:5
Dota Mod Project/Workspaces/Dota2/Icon Audit/Heroes/Spectre/114_Heroes_Icons/ReplaceableTextures/PassiveButtons	2	16754	2	.blp:1, .png:1
Dota Mod Project/Workspaces/Dota2/Icon Audit/Heroes/Spirit Breaker	14	89603	0	.blp:7, .png:7
Dota Mod Project/Workspaces/Dota2/Icon Audit/Heroes/Spirit Breaker/114_Heroes_Icons	14	89603	0	.blp:7, .png:7
Dota Mod Project/Workspaces/Dota2/Icon Audit/Heroes/Spirit Breaker/114_Heroes_Icons/ReplaceableTextures	14	89603	0	.blp:7, .png:7
Dota Mod Project/Workspaces/Dota2/Icon Audit/Heroes/Spirit Breaker/114_Heroes_Icons/ReplaceableTextures/CommandButtons	6	43059	6	.blp:3, .png:3
Dota Mod Project/Workspaces/Dota2/Icon Audit/Heroes/Spirit Breaker/114_Heroes_Icons/ReplaceableTextures/CommandButtonsDisabled	6	32331	6	.blp:3, .png:3
Dota Mod Project/Workspaces/Dota2/Icon Audit/Heroes/Spirit Breaker/114_Heroes_Icons/ReplaceableTextures/PassiveButtons	2	14213	2	.blp:1, .png:1
Dota Mod Project/Workspaces/Dota2/Icon Audit/Heroes/Storm Spirit	82	538327	0	.blp:41, .png:41
Dota Mod Project/Workspaces/Dota2/Icon Audit/Heroes/Storm Spirit/114_Heroes_Icons	44	277885	0	.blp:22, .png:22
Dota Mod Project/Workspaces/Dota2/Icon Audit/Heroes/Storm Spirit/114_Heroes_Icons/ReplaceableTextures	44	277885	0	.blp:22, .png:22
Dota Mod Project/Workspaces/Dota2/Icon Audit/Heroes/Storm Spirit/114_Heroes_Icons/ReplaceableTextures/CommandButtons	20	142530	20	.blp:10, .png:10
Dota Mod Project/Workspaces/Dota2/Icon Audit/Heroes/Storm Spirit/114_Heroes_Icons/ReplaceableTextures/CommandButtonsDisabled	22	121084	22	.blp:11, .png:11
Dota Mod Project/Workspaces/Dota2/Icon Audit/Heroes/Storm Spirit/114_Heroes_Icons/ReplaceableTextures/PassiveButtons	2	14271	2	.blp:1, .png:1
Dota Mod Project/Workspaces/Dota2/Icon Audit/Heroes/Storm Spirit/Dota_1_5	38	260442	0	.blp:19, .png:19
Dota Mod Project/Workspaces/Dota2/Icon Audit/Heroes/Storm Spirit/Dota_1_5/ReplaceableTextures	38	260442	0	.blp:19, .png:19
Dota Mod Project/Workspaces/Dota2/Icon Audit/Heroes/Storm Spirit/Dota_1_5/ReplaceableTextures/CommandButtons	18	144327	18	.blp:9, .png:9
Dota Mod Project/Workspaces/Dota2/Icon Audit/Heroes/Storm Spirit/Dota_1_5/ReplaceableTextures/CommandButtonsDisabled	20	116115	20	.blp:10, .png:10
Dota Mod Project/Workspaces/Dota2/Icon Audit/Heroes/Sven	8	49155	0	.blp:4, .png:4
Dota Mod Project/Workspaces/Dota2/Icon Audit/Heroes/Sven/114_Heroes_Icons	8	49155	0	.blp:4, .png:4
Dota Mod Project/Workspaces/Dota2/Icon Audit/Heroes/Sven/114_Heroes_Icons/ReplaceableTextures	8	49155	0	.blp:4, .png:4
Dota Mod Project/Workspaces/Dota2/Icon Audit/Heroes/Sven/114_Heroes_Icons/ReplaceableTextures/CommandButtons	4	28332	4	.blp:2, .png:2
Dota Mod Project/Workspaces/Dota2/Icon Audit/Heroes/Sven/114_Heroes_Icons/ReplaceableTextures/CommandButtonsDisabled	4	20823	4	.blp:2, .png:2
Dota Mod Project/Workspaces/Dota2/Icon Audit/Heroes/Terrorblade	8	47905	0	.blp:4, .png:4
Dota Mod Project/Workspaces/Dota2/Icon Audit/Heroes/Terrorblade/114_Heroes_Icons	4	23773	0	.blp:2, .png:2
Dota Mod Project/Workspaces/Dota2/Icon Audit/Heroes/Terrorblade/114_Heroes_Icons/ReplaceableTextures	4	23773	0	.blp:2, .png:2
Dota Mod Project/Workspaces/Dota2/Icon Audit/Heroes/Terrorblade/114_Heroes_Icons/ReplaceableTextures/CommandButtons	2	13777	2	.blp:1, .png:1
Dota Mod Project/Workspaces/Dota2/Icon Audit/Heroes/Terrorblade/114_Heroes_Icons/ReplaceableTextures/CommandButtonsDisabled	2	9996	2	.blp:1, .png:1
Dota Mod Project/Workspaces/Dota2/Icon Audit/Heroes/Terrorblade/Dota_1_5	4	24132	0	.blp:2, .png:2
Dota Mod Project/Workspaces/Dota2/Icon Audit/Heroes/Terrorblade/Dota_1_5/ReplaceableTextures	4	24132	0	.blp:2, .png:2
Dota Mod Project/Workspaces/Dota2/Icon Audit/Heroes/Terrorblade/Dota_1_5/ReplaceableTextures/CommandButtons	2	14136	2	.blp:1, .png:1
Dota Mod Project/Workspaces/Dota2/Icon Audit/Heroes/Terrorblade/Dota_1_5/ReplaceableTextures/CommandButtonsDisabled	2	9996	2	.blp:1, .png:1
Dota Mod Project/Workspaces/Dota2/Icon Audit/Heroes/Tidehunter	12	98273	0	.blp:6, .png:6
Dota Mod Project/Workspaces/Dota2/Icon Audit/Heroes/Tidehunter/114_Heroes_Icons	8	58184	0	.blp:4, .png:4
Dota Mod Project/Workspaces/Dota2/Icon Audit/Heroes/Tidehunter/114_Heroes_Icons/ReplaceableTextures	8	58184	0	.blp:4, .png:4
Dota Mod Project/Workspaces/Dota2/Icon Audit/Heroes/Tidehunter/114_Heroes_Icons/ReplaceableTextures/CommandButtons	4	30496	4	.blp:2, .png:2
Dota Mod Project/Workspaces/Dota2/Icon Audit/Heroes/Tidehunter/114_Heroes_Icons/ReplaceableTextures/CommandButtonsDisabled	2	12082	2	.blp:1, .png:1
Dota Mod Project/Workspaces/Dota2/Icon Audit/Heroes/Tidehunter/114_Heroes_Icons/ReplaceableTextures/PassiveButtons	2	15606	2	.blp:1, .png:1
Dota Mod Project/Workspaces/Dota2/Icon Audit/Heroes/Tidehunter/Dota_1_5	4	40089	0	.blp:2, .png:2
Dota Mod Project/Workspaces/Dota2/Icon Audit/Heroes/Tidehunter/Dota_1_5/ReplaceableTextures	4	40089	0	.blp:2, .png:2
Dota Mod Project/Workspaces/Dota2/Icon Audit/Heroes/Tidehunter/Dota_1_5/ReplaceableTextures/CommandButtons	2	23494	2	.blp:1, .png:1
Dota Mod Project/Workspaces/Dota2/Icon Audit/Heroes/Tidehunter/Dota_1_5/ReplaceableTextures/CommandButtonsDisabled	2	16595	2	.blp:1, .png:1
Dota Mod Project/Workspaces/Dota2/Icon Audit/Heroes/Timbersaw	8	54792	0	.blp:4, .png:4
Dota Mod Project/Workspaces/Dota2/Icon Audit/Heroes/Timbersaw/114_Heroes_Icons	4	26895	0	.blp:2, .png:2
Dota Mod Project/Workspaces/Dota2/Icon Audit/Heroes/Timbersaw/114_Heroes_Icons/ReplaceableTextures	4	26895	0	.blp:2, .png:2
Dota Mod Project/Workspaces/Dota2/Icon Audit/Heroes/Timbersaw/114_Heroes_Icons/ReplaceableTextures/CommandButtons	2	14941	2	.blp:1, .png:1
Dota Mod Project/Workspaces/Dota2/Icon Audit/Heroes/Timbersaw/114_Heroes_Icons/ReplaceableTextures/CommandButtonsDisabled	2	11954	2	.blp:1, .png:1
Dota Mod Project/Workspaces/Dota2/Icon Audit/Heroes/Timbersaw/Dota_1_5	4	27897	0	.blp:2, .png:2
Dota Mod Project/Workspaces/Dota2/Icon Audit/Heroes/Timbersaw/Dota_1_5/ReplaceableTextures	4	27897	0	.blp:2, .png:2
Dota Mod Project/Workspaces/Dota2/Icon Audit/Heroes/Timbersaw/Dota_1_5/ReplaceableTextures/CommandButtons	2	17348	2	.blp:1, .png:1
Dota Mod Project/Workspaces/Dota2/Icon Audit/Heroes/Timbersaw/Dota_1_5/ReplaceableTextures/CommandButtonsDisabled	2	10549	2	.blp:1, .png:1
Dota Mod Project/Workspaces/Dota2/Icon Audit/Heroes/Tinker	24	140285	0	.blp:12, .png:12
Dota Mod Project/Workspaces/Dota2/Icon Audit/Heroes/Tinker/114_Heroes_Icons	16	90332	0	.blp:8, .png:8
Dota Mod Project/Workspaces/Dota2/Icon Audit/Heroes/Tinker/114_Heroes_Icons/ReplaceableTextures	16	90332	0	.blp:8, .png:8
Dota Mod Project/Workspaces/Dota2/Icon Audit/Heroes/Tinker/114_Heroes_Icons/ReplaceableTextures/CommandButtons	8	52664	8	.blp:4, .png:4
Dota Mod Project/Workspaces/Dota2/Icon Audit/Heroes/Tinker/114_Heroes_Icons/ReplaceableTextures/CommandButtonsDisabled	8	37668	8	.blp:4, .png:4
Dota Mod Project/Workspaces/Dota2/Icon Audit/Heroes/Tinker/Dota_1_5	8	49953	0	.blp:4, .png:4
Dota Mod Project/Workspaces/Dota2/Icon Audit/Heroes/Tinker/Dota_1_5/ReplaceableTextures	8	49953	0	.blp:4, .png:4
Dota Mod Project/Workspaces/Dota2/Icon Audit/Heroes/Tinker/Dota_1_5/ReplaceableTextures/CommandButtons	4	29424	4	.blp:2, .png:2
Dota Mod Project/Workspaces/Dota2/Icon Audit/Heroes/Tinker/Dota_1_5/ReplaceableTextures/CommandButtonsDisabled	4	20529	4	.blp:2, .png:2
Dota Mod Project/Workspaces/Dota2/Icon Audit/Heroes/Tiny	18	130548	0	.blp:9, .png:9
Dota Mod Project/Workspaces/Dota2/Icon Audit/Heroes/Tiny/114_Heroes_Icons	14	101153	0	.blp:7, .png:7
Dota Mod Project/Workspaces/Dota2/Icon Audit/Heroes/Tiny/114_Heroes_Icons/ReplaceableTextures	14	101153	0	.blp:7, .png:7
Dota Mod Project/Workspaces/Dota2/Icon Audit/Heroes/Tiny/114_Heroes_Icons/ReplaceableTextures/CommandButtons	6	47467	6	.blp:3, .png:3
Dota Mod Project/Workspaces/Dota2/Icon Audit/Heroes/Tiny/114_Heroes_Icons/ReplaceableTextures/CommandButtonsDisabled	6	38229	6	.blp:3, .png:3
Dota Mod Project/Workspaces/Dota2/Icon Audit/Heroes/Tiny/114_Heroes_Icons/ReplaceableTextures/PassiveButtons	2	15457	2	.blp:1, .png:1
Dota Mod Project/Workspaces/Dota2/Icon Audit/Heroes/Tiny/Dota_1_5	4	29395	0	.blp:2, .png:2
Dota Mod Project/Workspaces/Dota2/Icon Audit/Heroes/Tiny/Dota_1_5/ReplaceableTextures	4	29395	0	.blp:2, .png:2
Dota Mod Project/Workspaces/Dota2/Icon Audit/Heroes/Tiny/Dota_1_5/ReplaceableTextures/CommandButtons	2	16906	2	.blp:1, .png:1
Dota Mod Project/Workspaces/Dota2/Icon Audit/Heroes/Tiny/Dota_1_5/ReplaceableTextures/CommandButtonsDisabled	2	12489	2	.blp:1, .png:1
Dota Mod Project/Workspaces/Dota2/Icon Audit/Heroes/Troll Warlord	8	51794	0	.blp:4, .png:4
Dota Mod Project/Workspaces/Dota2/Icon Audit/Heroes/Troll Warlord/114_Heroes_Icons	4	24289	0	.blp:2, .png:2
Dota Mod Project/Workspaces/Dota2/Icon Audit/Heroes/Troll Warlord/114_Heroes_Icons/ReplaceableTextures	4	24289	0	.blp:2, .png:2
Dota Mod Project/Workspaces/Dota2/Icon Audit/Heroes/Troll Warlord/114_Heroes_Icons/ReplaceableTextures/CommandButtons	2	14107	2	.blp:1, .png:1
Dota Mod Project/Workspaces/Dota2/Icon Audit/Heroes/Troll Warlord/114_Heroes_Icons/ReplaceableTextures/CommandButtonsDisabled	2	10182	2	.blp:1, .png:1
Dota Mod Project/Workspaces/Dota2/Icon Audit/Heroes/Troll Warlord/Dota_1_5	4	27505	0	.blp:2, .png:2
Dota Mod Project/Workspaces/Dota2/Icon Audit/Heroes/Troll Warlord/Dota_1_5/ReplaceableTextures	4	27505	0	.blp:2, .png:2
Dota Mod Project/Workspaces/Dota2/Icon Audit/Heroes/Troll Warlord/Dota_1_5/ReplaceableTextures/CommandButtons	2	15047	2	.blp:1, .png:1
Dota Mod Project/Workspaces/Dota2/Icon Audit/Heroes/Troll Warlord/Dota_1_5/ReplaceableTextures/CommandButtonsDisabled	2	12458	2	.blp:1, .png:1
Dota Mod Project/Workspaces/Dota2/Icon Audit/Heroes/Tusk	22	146855	0	.blp:11, .png:11
Dota Mod Project/Workspaces/Dota2/Icon Audit/Heroes/Tusk/114_Heroes_Icons	22	146855	0	.blp:11, .png:11
Dota Mod Project/Workspaces/Dota2/Icon Audit/Heroes/Tusk/114_Heroes_Icons/ReplaceableTextures	22	146855	0	.blp:11, .png:11
Dota Mod Project/Workspaces/Dota2/Icon Audit/Heroes/Tusk/114_Heroes_Icons/ReplaceableTextures/AutoCastButtons	2	16657	2	.blp:1, .png:1
Dota Mod Project/Workspaces/Dota2/Icon Audit/Heroes/Tusk/114_Heroes_Icons/ReplaceableTextures/CommandButtons	10	71352	10	.blp:5, .png:5
Dota Mod Project/Workspaces/Dota2/Icon Audit/Heroes/Tusk/114_Heroes_Icons/ReplaceableTextures/CommandButtonsDisabled	10	58846	10	.blp:5, .png:5
Dota Mod Project/Workspaces/Dota2/Icon Audit/Heroes/Ursa	8	42923	0	.blp:4, .png:4
Dota Mod Project/Workspaces/Dota2/Icon Audit/Heroes/Ursa/114_Heroes_Icons	8	42923	0	.blp:4, .png:4
Dota Mod Project/Workspaces/Dota2/Icon Audit/Heroes/Ursa/114_Heroes_Icons/ReplaceableTextures	8	42923	0	.blp:4, .png:4
Dota Mod Project/Workspaces/Dota2/Icon Audit/Heroes/Ursa/114_Heroes_Icons/ReplaceableTextures/CommandButtons	4	25765	4	.blp:2, .png:2
Dota Mod Project/Workspaces/Dota2/Icon Audit/Heroes/Ursa/114_Heroes_Icons/ReplaceableTextures/CommandButtonsDisabled	4	17158	4	.blp:2, .png:2
Dota Mod Project/Workspaces/Dota2/Icon Audit/Heroes/Vengeful Spirit	8	46130	0	.blp:4, .png:4
Dota Mod Project/Workspaces/Dota2/Icon Audit/Heroes/Vengeful Spirit/114_Heroes_Icons	4	22505	0	.blp:2, .png:2
Dota Mod Project/Workspaces/Dota2/Icon Audit/Heroes/Vengeful Spirit/114_Heroes_Icons/ReplaceableTextures	4	22505	0	.blp:2, .png:2
Dota Mod Project/Workspaces/Dota2/Icon Audit/Heroes/Vengeful Spirit/114_Heroes_Icons/ReplaceableTextures/CommandButtons	2	13528	2	.blp:1, .png:1
Dota Mod Project/Workspaces/Dota2/Icon Audit/Heroes/Vengeful Spirit/114_Heroes_Icons/ReplaceableTextures/CommandButtonsDisabled	2	8977	2	.blp:1, .png:1
Dota Mod Project/Workspaces/Dota2/Icon Audit/Heroes/Vengeful Spirit/Dota_1_5	4	23625	0	.blp:2, .png:2
Dota Mod Project/Workspaces/Dota2/Icon Audit/Heroes/Vengeful Spirit/Dota_1_5/ReplaceableTextures	4	23625	0	.blp:2, .png:2
Dota Mod Project/Workspaces/Dota2/Icon Audit/Heroes/Vengeful Spirit/Dota_1_5/ReplaceableTextures/CommandButtons	2	13209	2	.blp:1, .png:1
Dota Mod Project/Workspaces/Dota2/Icon Audit/Heroes/Vengeful Spirit/Dota_1_5/ReplaceableTextures/CommandButtonsDisabled	2	10416	2	.blp:1, .png:1
Dota Mod Project/Workspaces/Dota2/Icon Audit/Heroes/Venomancer	30	195159	0	.blp:15, .png:15
Dota Mod Project/Workspaces/Dota2/Icon Audit/Heroes/Venomancer/114_Heroes_Icons	16	98840	0	.blp:8, .png:8
Dota Mod Project/Workspaces/Dota2/Icon Audit/Heroes/Venomancer/114_Heroes_Icons/ReplaceableTextures	16	98840	0	.blp:8, .png:8
Dota Mod Project/Workspaces/Dota2/Icon Audit/Heroes/Venomancer/114_Heroes_Icons/ReplaceableTextures/CommandButtons	8	56234	8	.blp:4, .png:4
Dota Mod Project/Workspaces/Dota2/Icon Audit/Heroes/Venomancer/114_Heroes_Icons/ReplaceableTextures/CommandButtonsDisabled	8	42606	8	.blp:4, .png:4
Dota Mod Project/Workspaces/Dota2/Icon Audit/Heroes/Venomancer/Dota_1_5	14	96319	0	.blp:7, .png:7
Dota Mod Project/Workspaces/Dota2/Icon Audit/Heroes/Venomancer/Dota_1_5/ReplaceableTextures	14	96319	0	.blp:7, .png:7
Dota Mod Project/Workspaces/Dota2/Icon Audit/Heroes/Venomancer/Dota_1_5/ReplaceableTextures/CommandButtons	6	50104	6	.blp:3, .png:3
Dota Mod Project/Workspaces/Dota2/Icon Audit/Heroes/Venomancer/Dota_1_5/ReplaceableTextures/CommandButtonsDisabled	8	46215	8	.blp:4, .png:4
Dota Mod Project/Workspaces/Dota2/Icon Audit/Heroes/Viper	10	63021	0	.blp:5, .png:5
Dota Mod Project/Workspaces/Dota2/Icon Audit/Heroes/Viper/114_Heroes_Icons	10	63021	0	.blp:5, .png:5
Dota Mod Project/Workspaces/Dota2/Icon Audit/Heroes/Viper/114_Heroes_Icons/ReplaceableTextures	10	63021	0	.blp:5, .png:5
Dota Mod Project/Workspaces/Dota2/Icon Audit/Heroes/Viper/114_Heroes_Icons/ReplaceableTextures/CommandButtons	4	28049	4	.blp:2, .png:2
Dota Mod Project/Workspaces/Dota2/Icon Audit/Heroes/Viper/114_Heroes_Icons/ReplaceableTextures/CommandButtonsDisabled	4	21637	4	.blp:2, .png:2
Dota Mod Project/Workspaces/Dota2/Icon Audit/Heroes/Viper/114_Heroes_Icons/ReplaceableTextures/PassiveButtons	2	13335	2	.blp:1, .png:1
Dota Mod Project/Workspaces/Dota2/Icon Audit/Heroes/Visage	4	24404	0	.blp:2, .png:2
Dota Mod Project/Workspaces/Dota2/Icon Audit/Heroes/Visage/114_Heroes_Icons	4	24404	0	.blp:2, .png:2
Dota Mod Project/Workspaces/Dota2/Icon Audit/Heroes/Visage/114_Heroes_Icons/ReplaceableTextures	4	24404	0	.blp:2, .png:2
Dota Mod Project/Workspaces/Dota2/Icon Audit/Heroes/Visage/114_Heroes_Icons/ReplaceableTextures/CommandButtons	2	14118	2	.blp:1, .png:1
Dota Mod Project/Workspaces/Dota2/Icon Audit/Heroes/Visage/114_Heroes_Icons/ReplaceableTextures/CommandButtonsDisabled	2	10286	2	.blp:1, .png:1
Dota Mod Project/Workspaces/Dota2/Icon Audit/Heroes/Warlock	8	49752	0	.blp:4, .png:4
Dota Mod Project/Workspaces/Dota2/Icon Audit/Heroes/Warlock/114_Heroes_Icons	8	49752	0	.blp:4, .png:4
Dota Mod Project/Workspaces/Dota2/Icon Audit/Heroes/Warlock/114_Heroes_Icons/ReplaceableTextures	8	49752	0	.blp:4, .png:4
Dota Mod Project/Workspaces/Dota2/Icon Audit/Heroes/Warlock/114_Heroes_Icons/ReplaceableTextures/CommandButtons	4	27455	4	.blp:2, .png:2
Dota Mod Project/Workspaces/Dota2/Icon Audit/Heroes/Warlock/114_Heroes_Icons/ReplaceableTextures/CommandButtonsDisabled	4	22297	4	.blp:2, .png:2
Dota Mod Project/Workspaces/Dota2/Icon Audit/Heroes/Weaver	16	104526	0	.blp:8, .png:8
Dota Mod Project/Workspaces/Dota2/Icon Audit/Heroes/Weaver/114_Heroes_Icons	12	80036	0	.blp:6, .png:6
Dota Mod Project/Workspaces/Dota2/Icon Audit/Heroes/Weaver/114_Heroes_Icons/ReplaceableTextures	12	80036	0	.blp:6, .png:6
Dota Mod Project/Workspaces/Dota2/Icon Audit/Heroes/Weaver/114_Heroes_Icons/ReplaceableTextures/CommandButtons	6	44950	6	.blp:3, .png:3
Dota Mod Project/Workspaces/Dota2/Icon Audit/Heroes/Weaver/114_Heroes_Icons/ReplaceableTextures/CommandButtonsDisabled	6	35086	6	.blp:3, .png:3
Dota Mod Project/Workspaces/Dota2/Icon Audit/Heroes/Weaver/Dota_1_5	4	24490	0	.blp:2, .png:2
Dota Mod Project/Workspaces/Dota2/Icon Audit/Heroes/Weaver/Dota_1_5/ReplaceableTextures	4	24490	0	.blp:2, .png:2
Dota Mod Project/Workspaces/Dota2/Icon Audit/Heroes/Weaver/Dota_1_5/ReplaceableTextures/CommandButtons	2	14736	2	.blp:1, .png:1
Dota Mod Project/Workspaces/Dota2/Icon Audit/Heroes/Weaver/Dota_1_5/ReplaceableTextures/CommandButtonsDisabled	2	9754	2	.blp:1, .png:1
Dota Mod Project/Workspaces/Dota2/Icon Audit/Heroes/Windranger	4	27110	0	.blp:2, .png:2
Dota Mod Project/Workspaces/Dota2/Icon Audit/Heroes/Windranger/Dota_1_5	4	27110	0	.blp:2, .png:2
Dota Mod Project/Workspaces/Dota2/Icon Audit/Heroes/Windranger/Dota_1_5/ReplaceableTextures	4	27110	0	.blp:2, .png:2
Dota Mod Project/Workspaces/Dota2/Icon Audit/Heroes/Windranger/Dota_1_5/ReplaceableTextures/CommandButtons	2	14987	2	.blp:1, .png:1
Dota Mod Project/Workspaces/Dota2/Icon Audit/Heroes/Windranger/Dota_1_5/ReplaceableTextures/CommandButtonsDisabled	2	12123	2	.blp:1, .png:1
Dota Mod Project/Workspaces/Dota2/Icon Audit/Heroes/Witch Doctor	10	72889	0	.blp:5, .png:5
Dota Mod Project/Workspaces/Dota2/Icon Audit/Heroes/Witch Doctor/114_Heroes_Icons	6	37606	0	.blp:3, .png:3
Dota Mod Project/Workspaces/Dota2/Icon Audit/Heroes/Witch Doctor/114_Heroes_Icons/ReplaceableTextures	6	37606	0	.blp:3, .png:3
Dota Mod Project/Workspaces/Dota2/Icon Audit/Heroes/Witch Doctor/114_Heroes_Icons/ReplaceableTextures/CommandButtons	2	13395	2	.blp:1, .png:1
Dota Mod Project/Workspaces/Dota2/Icon Audit/Heroes/Witch Doctor/114_Heroes_Icons/ReplaceableTextures/CommandButtonsDisabled	2	10816	2	.blp:1, .png:1
Dota Mod Project/Workspaces/Dota2/Icon Audit/Heroes/Witch Doctor/114_Heroes_Icons/ReplaceableTextures/PassiveButtons	2	13395	2	.blp:1, .png:1
Dota Mod Project/Workspaces/Dota2/Icon Audit/Heroes/Witch Doctor/Dota_1_5	4	35283	0	.blp:2, .png:2
Dota Mod Project/Workspaces/Dota2/Icon Audit/Heroes/Witch Doctor/Dota_1_5/ReplaceableTextures	4	35283	0	.blp:2, .png:2
Dota Mod Project/Workspaces/Dota2/Icon Audit/Heroes/Witch Doctor/Dota_1_5/ReplaceableTextures/CommandButtons	2	20908	2	.blp:1, .png:1
Dota Mod Project/Workspaces/Dota2/Icon Audit/Heroes/Witch Doctor/Dota_1_5/ReplaceableTextures/CommandButtonsDisabled	2	14375	2	.blp:1, .png:1
Dota Mod Project/Workspaces/Dota2/Icon Audit/Heroes/Wraith King	8	140659	0	.blp:4, .png:4
Dota Mod Project/Workspaces/Dota2/Icon Audit/Heroes/Wraith King/114_Heroes_Icons	4	111388	0	.blp:2, .png:2
Dota Mod Project/Workspaces/Dota2/Icon Audit/Heroes/Wraith King/114_Heroes_Icons/ReplaceableTextures	4	111388	0	.blp:2, .png:2
Dota Mod Project/Workspaces/Dota2/Icon Audit/Heroes/Wraith King/114_Heroes_Icons/ReplaceableTextures/CommandButtons	2	59912	2	.blp:1, .png:1
Dota Mod Project/Workspaces/Dota2/Icon Audit/Heroes/Wraith King/114_Heroes_Icons/ReplaceableTextures/CommandButtonsDisabled	2	51476	2	.blp:1, .png:1
Dota Mod Project/Workspaces/Dota2/Icon Audit/Heroes/Wraith King/Dota_1_5	4	29271	0	.blp:2, .png:2
Dota Mod Project/Workspaces/Dota2/Icon Audit/Heroes/Wraith King/Dota_1_5/ReplaceableTextures	4	29271	0	.blp:2, .png:2
Dota Mod Project/Workspaces/Dota2/Icon Audit/Heroes/Wraith King/Dota_1_5/ReplaceableTextures/CommandButtons	2	19381	2	.blp:1, .png:1
Dota Mod Project/Workspaces/Dota2/Icon Audit/Heroes/Wraith King/Dota_1_5/ReplaceableTextures/CommandButtonsDisabled	2	9890	2	.blp:1, .png:1
Dota Mod Project/Workspaces/Dota2/Icon Audit/Heroes/Zeus	20	134867	0	.blp:10, .png:10
Dota Mod Project/Workspaces/Dota2/Icon Audit/Heroes/Zeus/114_Heroes_Icons	16	105058	0	.blp:8, .png:8
Dota Mod Project/Workspaces/Dota2/Icon Audit/Heroes/Zeus/114_Heroes_Icons/ReplaceableTextures	16	105058	0	.blp:8, .png:8
Dota Mod Project/Workspaces/Dota2/Icon Audit/Heroes/Zeus/114_Heroes_Icons/ReplaceableTextures/CommandButtons	8	56462	8	.blp:4, .png:4
Dota Mod Project/Workspaces/Dota2/Icon Audit/Heroes/Zeus/114_Heroes_Icons/ReplaceableTextures/CommandButtonsDisabled	8	48596	8	.blp:4, .png:4
Dota Mod Project/Workspaces/Dota2/Icon Audit/Heroes/Zeus/Dota_1_5	4	29809	0	.blp:2, .png:2
Dota Mod Project/Workspaces/Dota2/Icon Audit/Heroes/Zeus/Dota_1_5/ReplaceableTextures	4	29809	0	.blp:2, .png:2
Dota Mod Project/Workspaces/Dota2/Icon Audit/Heroes/Zeus/Dota_1_5/ReplaceableTextures/CommandButtons	2	17072	2	.blp:1, .png:1
Dota Mod Project/Workspaces/Dota2/Icon Audit/Heroes/Zeus/Dota_1_5/ReplaceableTextures/CommandButtonsDisabled	2	12737	2	.blp:1, .png:1
Dota Mod Project/Workspaces/Dota2/Icon Audit/Items	388	2913660	0	.blp:194, .png:194
Dota Mod Project/Workspaces/Dota2/Icon Audit/Items/114_Heroes_Icons	88	740092	0	.blp:44, .png:44
Dota Mod Project/Workspaces/Dota2/Icon Audit/Items/114_Heroes_Icons/ReplaceableTextures	88	740092	0	.blp:44, .png:44
Dota Mod Project/Workspaces/Dota2/Icon Audit/Items/114_Heroes_Icons/ReplaceableTextures/AutoCastButtons	2	13908	2	.blp:1, .png:1
Dota Mod Project/Workspaces/Dota2/Icon Audit/Items/114_Heroes_Icons/ReplaceableTextures/CommandButtons	42	424430	42	.blp:21, .png:21
Dota Mod Project/Workspaces/Dota2/Icon Audit/Items/114_Heroes_Icons/ReplaceableTextures/CommandButtonsDisabled	40	276265	40	.blp:20, .png:20
Dota Mod Project/Workspaces/Dota2/Icon Audit/Items/114_Heroes_Icons/ReplaceableTextures/PassiveButtons	4	25489	4	.blp:2, .png:2
Dota Mod Project/Workspaces/Dota2/Icon Audit/Items/Dota_1_5	300	2173568	0	.blp:150, .png:150
Dota Mod Project/Workspaces/Dota2/Icon Audit/Items/Dota_1_5/ReplaceableTextures	300	2173568	0	.blp:150, .png:150
Dota Mod Project/Workspaces/Dota2/Icon Audit/Items/Dota_1_5/ReplaceableTextures/CommandButtons	122	1087117	122	.blp:61, .png:61
Dota Mod Project/Workspaces/Dota2/Icon Audit/Items/Dota_1_5/ReplaceableTextures/CommandButtonsDisabled	178	1086451	178	.blp:89, .png:89
Dota Mod Project/Workspaces/Dota2/Icon Audit/Shared_or_Unassigned	2930	20038115	0	.blp:1465, .png:1465
Dota Mod Project/Workspaces/Dota2/Icon Audit/Shared_or_Unassigned/114_Heroes_Icons	1000	6366694	0	.blp:500, .png:500
Dota Mod Project/Workspaces/Dota2/Icon Audit/Shared_or_Unassigned/114_Heroes_Icons/ReplaceableTextures	1000	6366694	0	.blp:500, .png:500
Dota Mod Project/Workspaces/Dota2/Icon Audit/Shared_or_Unassigned/114_Heroes_Icons/ReplaceableTextures/AutoCastButtons	10	62954	10	.blp:5, .png:5
Dota Mod Project/Workspaces/Dota2/Icon Audit/Shared_or_Unassigned/114_Heroes_Icons/ReplaceableTextures/CommandButtons	480	3480554	480	.blp:240, .png:240
Dota Mod Project/Workspaces/Dota2/Icon Audit/Shared_or_Unassigned/114_Heroes_Icons/ReplaceableTextures/CommandButtonsDisabled	460	2507477	460	.blp:230, .png:230
Dota Mod Project/Workspaces/Dota2/Icon Audit/Shared_or_Unassigned/114_Heroes_Icons/ReplaceableTextures/PassiveButtons	50	315709	50	.blp:25, .png:25
Dota Mod Project/Workspaces/Dota2/Icon Audit/Shared_or_Unassigned/Dota_1_5	1930	13671421	0	.blp:965, .png:965
Dota Mod Project/Workspaces/Dota2/Icon Audit/Shared_or_Unassigned/Dota_1_5/ReplaceableTextures	1930	13671421	0	.blp:965, .png:965
Dota Mod Project/Workspaces/Dota2/Icon Audit/Shared_or_Unassigned/Dota_1_5/ReplaceableTextures/CommandButtons	900	7595915	900	.blp:450, .png:450
Dota Mod Project/Workspaces/Dota2/Icon Audit/Shared_or_Unassigned/Dota_1_5/ReplaceableTextures/CommandButtonsDisabled	1030	6075506	1030	.blp:515, .png:515
Dota Mod Project/Workspaces/Wardota	18	41058079	16	.txt:5, .tsv:4, .py:4, .sh:2, .w3x:2, .json:1
Dota Mod Project/Workspaces/Wardota/Backups	2	40943882	2	.w3x:2
Environment	1	79757	0	.blp:1
Environment/Sky	1	79757	0	.blp:1
Environment/Sky/Outland_Sky	1	79757	1	.blp:1
Maps	4	96194437	0	.w3x:3, .zip:1
Maps/Downloads	4	96194437	4	.w3x:3, .zip:1
Objects	2	165550	0	.blp:2
Objects/InventoryItems	2	165550	0	.blp:2
Objects/InventoryItems/TreasureChest	2	165550	2	.blp:2
ReplaceableTextures	1	315656	0	.blp:1
ReplaceableTextures/Weather	1	315656	1	.blp:1
SPELLS	2	67339	2	.blp:2
TerrainArt	22	9159527	1	.blp:11, .tga:10, .slk:1
TerrainArt/Blight	2	606271	2	.blp:1, .tga:1
TerrainArt/Cityscape	1	220768	1	.blp:1
TerrainArt/Felwood	11	6041442	11	.tga:6, .blp:5
TerrainArt/Northrend	2	598756	2	.tga:1, .blp:1
TerrainArt/Ruins	5	1642128	5	.blp:3, .tga:2
Textures	4	42169	4	.blp:4
Ton_ucki	12	805662	0	.blp:12
Ton_ucki/Clock	1	36956	1	.blp:1
Ton_ucki/Morted	1	3364	1	.blp:1
Ton_ucki/Pudge	2	734062	2	.blp:2
Ton_ucki/Zeus	8	31280	8	.blp:8
UI	5	591	0	.slk:5
UI/SoundInfo	5	591	5	.slk:5
Units	144	14065292	0	.blp:140, .tga:2, .mdx:2
Units/Creeps	32	1844705	0	.blp:32
Units/Creeps/BristleBack	1	96621	1	.blp:1
Units/Creeps/ForestTroll	5	238597	5	.blp:5
Units/Creeps/GoblinLandMine	1	14845	1	.blp:1
Units/Creeps/GoblinZeppelin	2	167796	2	.blp:2
Units/Creeps/HarpyQueen	3	77266	3	.blp:3
Units/Creeps/HeroTinkerRobot	2	144902	2	.blp:2
Units/Creeps/LordGarithos	8	280928	8	.blp:8
Units/Creeps/MurlocNightCrawler	2	145775	2	.blp:2
Units/Creeps/SpiderBlue	1	71392	1	.blp:1
Units/Creeps/WendigoShaman	1	62461	1	.blp:1
Units/Creeps/miniboom	2	217821	2	.blp:2
Units/Creeps/tuskarLord	4	326301	4	.blp:4
Units/Critters	29	2361958	0	.blp:29
Units/Critters/BrownWolf	2	196351	2	.blp:2
Units/Critters/DuneWorm	2	145253	2	.blp:2
Units/Critters/EasterChicken	2	198681	2	.blp:2
Units/Critters/EasterRabbit	2	193937	2	.blp:2
Units/Critters/Felboar	2	167796	2	.blp:2
Units/Critters/MiniPudge	2	93042	2	.blp:2
Units/Critters/PackHorse	1	31607	1	.blp:1
Units/Critters/Penguin	2	176073	2	.blp:2
Units/Critters/Raccoon	2	122256	2	.blp:2
Units/Critters/Seal	2	221694	2	.blp:2
Units/Critters/Skink	2	172395	2	.blp:2
Units/Critters/SnowOwl	2	198681	2	.blp:2
Units/Critters/SpiderCrab	2	191017	2	.blp:2
Units/Critters/VillagerMan	1	67423	1	.blp:1
Units/Critters/VillagerMan1	1	63496	1	.blp:1
Units/Critters/Vulture	2	122256	2	.blp:2
Units/Custom	28	3654552	0	.blp:25, .mdx:2, .tga:1
Units/Custom/EmberSpirit	9	924827	9	.blp:8, .tga:1
Units/Custom/FrostWyrm	5	758772	5	.blp:5
Units/Custom/Shop	7	475960	7	.blp:7
Units/Custom/ShopKeeper	7	1494993	7	.blp:5, .mdx:2
Units/Demon	5	355011	0	.blp:5
Units/Demon/ChaosPeon	4	73609	4	.blp:4
Units/Demon/felhound	1	281402	1	.blp:1
Units/Human	3	290170	0	.blp:3
Units/Human/Phoenix	3	290170	3	.blp:3
Units/Naga	5	1664184	0	.blp:4, .tga:1
Units/Naga/HeroNagaSeawitch	5	1664184	5	.blp:4, .tga:1
Units/NightElf	13	959619	0	.blp:13
Units/NightElf/DruidOfTheTalon	2	221694	2	.blp:2
Units/NightElf/FaerieDragon	1	36622	1	.blp:1
Units/NightElf/Furion	10	701303	10	.blp:10
Units/Orc	13	1817749	0	.blp:13
Units/Orc/Grunt	3	763172	3	.blp:3
Units/Orc/HeadHunter	4	118662	4	.blp:4
Units/Orc/HealingWard	1	9889	1	.blp:1
Units/Orc/HeroBladeMaster	1	696238	1	.blp:1
Units/Orc/StasisTotem	4	229788	4	.blp:4
Units/Undead	16	1117344	0	.blp:16
Units/Undead/FrostWyrm	2	176073	2	.blp:2
Units/Undead/HeroDeathKnight	4	696430	4	.blp:4
Units/Undead/HeroLich	1	3356	1	.blp:1
Units/Undead/HeroLichCIN	5	25087	5	.blp:5
Units/Undead/Shade	2	20047	2	.blp:2
Units/Undead/scarab	2	196351	2	.blp:2
WC3Dota2Test	2039	707040872	0	.blp:1561, .mdx:434, .wav:37, .db:3, .tsv:1, .reg:1, .ini:1, .png:1
WC3Dota2Test/Defaults	24	9008481	0	.blp:18, .mdx:6
WC3Dota2Test/Defaults/Abaddon	12	3950243	12	.blp:10, .mdx:2
WC3Dota2Test/Defaults/AncientApparition	6	1615175	6	.blp:4, .mdx:2
WC3Dota2Test/Defaults/AntiMage	6	3443063	6	.blp:4, .mdx:2
WC3Dota2Test/Fixes	22	6124981	0	.blp:18, .mdx:4
WC3Dota2Test/Fixes/Huskar	9	2594684	9	.blp:7, .mdx:2
WC3Dota2Test/Fixes/Slark	13	3530297	13	.blp:11, .mdx:2
WC3Dota2Test/GeneratedUI	12	8402760	0	.blp:12
WC3Dota2Test/GeneratedUI/widescreen-gray	4	2800920	0	.blp:4
WC3Dota2Test/GeneratedUI/widescreen-gray-strips	4	2800920	0	.blp:4
WC3Dota2Test/GeneratedUI/widescreen-gray-strips/nightelf	2	1400460	2	.blp:2
WC3Dota2Test/GeneratedUI/widescreen-gray-strips/undead	2	1400460	2	.blp:2
WC3Dota2Test/GeneratedUI/widescreen-gray/nightelf	2	1400460	2	.blp:2
WC3Dota2Test/GeneratedUI/widescreen-gray/undead	2	1400460	2	.blp:2
WC3Dota2Test/GeneratedUI/widescreen-transparent	4	2800920	0	.blp:4
WC3Dota2Test/GeneratedUI/widescreen-transparent/nightelf	2	1400460	2	.blp:2
WC3Dota2Test/GeneratedUI/widescreen-transparent/undead	2	1400460	2	.blp:2
WC3Dota2Test/Icons	14	70861	0	.blp:14
WC3Dota2Test/Icons/Axe	1	4889	1	.blp:1
WC3Dota2Test/Icons/Crystal_Maiden	1	5354	1	.blp:1
WC3Dota2Test/Icons/Death_Prophet	1	5013	1	.blp:1
WC3Dota2Test/Icons/Doom	1	4911	1	.blp:1
WC3Dota2Test/Icons/Juggernaut	1	4977	1	.blp:1
WC3Dota2Test/Icons/Lich	1	5562	1	.blp:1
WC3Dota2Test/Icons/Lina	1	4886	1	.blp:1
WC3Dota2Test/Icons/Omniknight	1	4897	1	.blp:1
WC3Dota2Test/Icons/Phantom_Assassin	1	5129	1	.blp:1
WC3Dota2Test/Icons/Queen_of_Pain	1	5248	1	.blp:1
WC3Dota2Test/Icons/Roshan	1	4485	1	.blp:1
WC3Dota2Test/Icons/Sven	1	5246	1	.blp:1
WC3Dota2Test/Icons/Tidehunter	1	5161	1	.blp:1
WC3Dota2Test/Icons/Windranger	1	5103	1	.blp:1
WC3Dota2Test/Skins	71	6641449	0	.blp:55, .mdx:16
WC3Dota2Test/Skins/Axe	7	736111	7	.blp:5, .mdx:2
WC3Dota2Test/Skins/Crystal_Maiden	3	503319	3	.blp:2, .mdx:1
WC3Dota2Test/Skins/Death_Prophet	5	340060	5	.blp:4, .mdx:1
WC3Dota2Test/Skins/Doom	3	481449	3	.blp:2, .mdx:1
WC3Dota2Test/Skins/Juggernaut	8	374317	8	.blp:7, .mdx:1
WC3Dota2Test/Skins/Lich	2	310675	2	.mdx:1, .blp:1
WC3Dota2Test/Skins/Lina	6	332106	6	.blp:5, .mdx:1
WC3Dota2Test/Skins/Omniknight	8	542500	8	.blp:7, .mdx:1
WC3Dota2Test/Skins/Phantom_Assassin	6	371455	6	.blp:5, .mdx:1
WC3Dota2Test/Skins/Queen_of_Pain	6	557124	6	.blp:5, .mdx:1
WC3Dota2Test/Skins/Roshan	2	514497	2	.mdx:1, .blp:1
WC3Dota2Test/Skins/Sven	3	638869	3	.blp:2, .mdx:1
WC3Dota2Test/Skins/Tidehunter	7	593080	7	.blp:5, .mdx:2
WC3Dota2Test/Skins/Windranger	5	345887	5	.blp:4, .mdx:1
WC3Dota2Test/Units	1174	399063595	0	.blp:936, .mdx:238
WC3Dota2Test/Units/Creeps	323	93079002	0	.blp:255, .mdx:68
WC3Dota2Test/Units/Creeps/ArchnathidGreen	10	3156116	10	.blp:8, .mdx:2
WC3Dota2Test/Units/Creeps/Assassin	12	2140506	12	.blp:10, .mdx:2
WC3Dota2Test/Units/Creeps/AzureDragon	3	914622	3	.mdx:2, .blp:1
WC3Dota2Test/Units/Creeps/BansheeRanger	17	4141378	17	.blp:15, .mdx:2
WC3Dota2Test/Units/Creeps/Beastmaster	9	1503578	9	.blp:7, .mdx:2
WC3Dota2Test/Units/Creeps/BurningArcher	10	2598575	10	.blp:8, .mdx:2
WC3Dota2Test/Units/Creeps/DarkTrollShadowPriest	9	3440942	9	.blp:7, .mdx:2
WC3Dota2Test/Units/Creeps/DireWolf	6	1574084	6	.blp:4, .mdx:2
WC3Dota2Test/Units/Creeps/FacelessOne	14	4194195	14	.blp:12, .mdx:2
WC3Dota2Test/Units/Creeps/FirePandarenBrewMaster	5	1452495	5	.blp:3, .mdx:2
WC3Dota2Test/Units/Creeps/FurbolgTracker	9	2609681	9	.blp:7, .mdx:2
WC3Dota2Test/Units/Creeps/GnollWarden	17	3650731	17	.blp:15, .mdx:2
WC3Dota2Test/Units/Creeps/GreenDragon	3	907460	3	.mdx:2, .blp:1
WC3Dota2Test/Units/Creeps/HeroTinker	20	4047695	20	.blp:18, .mdx:2
WC3Dota2Test/Units/Creeps/IronGolem	15	3288877	15	.blp:13, .mdx:2
WC3Dota2Test/Units/Creeps/KoboldGeomancer	10	2049696	10	.blp:8, .mdx:2
WC3Dota2Test/Units/Creeps/LordGarithos	10	3282097	10	.blp:8, .mdx:2
WC3Dota2Test/Units/Creeps/Medivh	8	2881495	8	.blp:6, .mdx:2
WC3Dota2Test/Units/Creeps/NerubianQueen	8	2483233	8	.blp:6, .mdx:2
WC3Dota2Test/Units/Creeps/NetherDragon	4	1433491	4	.blp:2, .mdx:2
WC3Dota2Test/Units/Creeps/PandarenBrewmaster	9	2715003	9	.blp:7, .mdx:2
WC3Dota2Test/Units/Creeps/RazorMane	9	2253558	9	.blp:7, .mdx:2
WC3Dota2Test/Units/Creeps/RedDragon	3	888548	3	.mdx:2, .blp:1
WC3Dota2Test/Units/Creeps/Revenant	9	1795618	9	.blp:7, .mdx:2
WC3Dota2Test/Units/Creeps/SeaElemental	18	5996685	18	.blp:16, .mdx:2
WC3Dota2Test/Units/Creeps/SeaGiantGreen	6	1928067	6	.blp:4, .mdx:2
WC3Dota2Test/Units/Creeps/SpiderBlack	8	1611888	8	.blp:6, .mdx:2
WC3Dota2Test/Units/Creeps/StormPandarenBrewmaster	5	1529422	5	.blp:3, .mdx:2
WC3Dota2Test/Units/Creeps/SylvanusWindrunner	9	2769002	9	.blp:7, .mdx:2
WC3Dota2Test/Units/Creeps/TuskarLord	5	2884318	5	.blp:3, .mdx:2
WC3Dota2Test/Units/Creeps/VoidWalker	17	4535518	17	.blp:15, .mdx:2
WC3Dota2Test/Units/Creeps/WindSerpent	7	2950524	7	.blp:5, .mdx:2
WC3Dota2Test/Units/Creeps/Zombie	6	4007510	6	.blp:4, .mdx:2
WC3Dota2Test/Units/Creeps/goblinsapper	13	5462394	13	.blp:11, .mdx:2
WC3Dota2Test/Units/Critters	8	4609303	0	.blp:6, .mdx:2
WC3Dota2Test/Units/Critters/Hydralisk	8	4609303	8	.blp:6, .mdx:2
WC3Dota2Test/Units/Custom	219	82334348	0	.blp:171, .mdx:48
WC3Dota2Test/Units/Custom/Banshee	9	3077624	9	.blp:7, .mdx:2
WC3Dota2Test/Units/Custom/CentaurKhan	12	3420299	12	.blp:10, .mdx:2
WC3Dota2Test/Units/Custom/Clockwerk	4	2053169	4	.mdx:2, .blp:2
WC3Dota2Test/Units/Custom/EarthPandarenBrewmaster	11	4793419	11	.blp:9, .mdx:2
WC3Dota2Test/Units/Custom/Enigma	10	1613184	10	.blp:8, .mdx:2
WC3Dota2Test/Units/Custom/HeroFlameLord	24	5689262	24	.blp:22, .mdx:2
WC3Dota2Test/Units/Custom/HeroGoblinAlchemist	9	4071809	9	.blp:7, .mdx:2
WC3Dota2Test/Units/Custom/IcyGhost	9	1906431	9	.blp:7, .mdx:2
WC3Dota2Test/Units/Custom/Lich	10	2644030	10	.blp:8, .mdx:2
WC3Dota2Test/Units/Custom/MagnataurBlue	9	2764067	9	.blp:7, .mdx:2
WC3Dota2Test/Units/Custom/Naix	10	5830525	10	.blp:8, .mdx:2
WC3Dota2Test/Units/Custom/OgreMagi	9	3850792	9	.blp:7, .mdx:2
WC3Dota2Test/Units/Custom/PL	12	4690690	12	.blp:10, .mdx:2
WC3Dota2Test/Units/Custom/Priest	7	7391209	7	.blp:5, .mdx:2
WC3Dota2Test/Units/Custom/Puck	6	2342324	6	.blp:4, .mdx:2
WC3Dota2Test/Units/Custom/Riki	13	6760508	13	.blp:11, .mdx:2
WC3Dota2Test/Units/Custom/Rooftrellen	8	2995960	8	.blp:6, .mdx:2
WC3Dota2Test/Units/Custom/Spectre	10	3648130	10	.blp:8, .mdx:2
WC3Dota2Test/Units/Custom/StormPandarenBrewmaster	8	3052442	8	.blp:6, .mdx:2
WC3Dota2Test/Units/Custom/Tiny	9	2261815	9	.blp:7, .mdx:2
WC3Dota2Test/Units/Custom/Troll	7	4916431	7	.mdx:4, .blp:3
WC3Dota2Test/Units/Custom/Wisp	5	429348	5	.blp:3, .mdx:2
WC3Dota2Test/Units/Custom/Xin	8	2130880	8	.blp:6, .mdx:2
WC3Dota2Test/Units/Demon	131	38907042	0	.blp:109, .mdx:22
WC3Dota2Test/Units/Demon/ChaosHellscream	15	5827122	15	.blp:13, .mdx:2
WC3Dota2Test/Units/Demon/ChaosWarlock	16	3943281	16	.blp:14, .mdx:2
WC3Dota2Test/Units/Demon/ChaosWarlord	10	2992535	10	.blp:8, .mdx:2
WC3Dota2Test/Units/Demon/DemonessBlue	9	2897444	9	.blp:7, .mdx:2
WC3Dota2Test/Units/Demon/DoomGuard	19	4975335	19	.blp:17, .mdx:2
WC3Dota2Test/Units/Demon/Felgaurd	9	2713799	9	.blp:7, .mdx:2
WC3Dota2Test/Units/Demon/FelgaurdBlue	10	3277678	10	.blp:8, .mdx:2
WC3Dota2Test/Units/Demon/HeroChaosBladeMaster	18	4091287	18	.blp:16, .mdx:2
WC3Dota2Test/Units/Demon/HeroPitlord	11	4472512	11	.blp:9, .mdx:2
WC3Dota2Test/Units/Demon/Kiljaeden	5	1612062	5	.blp:3, .mdx:2
WC3Dota2Test/Units/Demon/Warlock	9	2103987	9	.blp:7, .mdx:2
WC3Dota2Test/Units/Human	107	45954706	0	.blp:85, .mdx:22
WC3Dota2Test/Units/Human/Arthas	11	3801543	11	.blp:9, .mdx:2
WC3Dota2Test/Units/Human/BloodElfSpellThief	15	3604325	15	.blp:13, .mdx:2
WC3Dota2Test/Units/Human/Gyrocopter	7	4635327	7	.blp:5, .mdx:2
WC3Dota2Test/Units/Human/HeroArchMage	5	7203433	5	.blp:3, .mdx:2
WC3Dota2Test/Units/Human/HeroBloodElf	8	2247909	8	.blp:6, .mdx:2
WC3Dota2Test/Units/Human/HeroMountainKing	18	7207951	18	.blp:16, .mdx:2
WC3Dota2Test/Units/Human/Jaina	10	5462055	10	.blp:8, .mdx:2
WC3Dota2Test/Units/Human/Phoenix	13	5246204	13	.blp:11, .mdx:2
WC3Dota2Test/Units/Human/Rifleman	6	2845633	6	.blp:4, .mdx:2
WC3Dota2Test/Units/Human/Sorceress	9	1784985	9	.blp:7, .mdx:2
WC3Dota2Test/Units/Human/TheCaptain	5	1915341	5	.blp:3, .mdx:2
WC3Dota2Test/Units/Naga	26	8229635	0	.blp:20, .mdx:6
WC3Dota2Test/Units/Naga/LadyVashj	10	4244702	10	.blp:8, .mdx:2
WC3Dota2Test/Units/Naga/NagaRoyalGuard	8	2343352	8	.blp:6, .mdx:2
WC3Dota2Test/Units/Naga/NagaSiren	8	1641581	8	.blp:6, .mdx:2
WC3Dota2Test/Units/NightElf	107	38581744	0	.blp:85, .mdx:22
WC3Dota2Test/Units/NightElf/Chimaera	4	2678237	4	.blp:2, .mdx:2
WC3Dota2Test/Units/NightElf/DruidoftheClaw	8	4012697	8	.blp:6, .mdx:2
WC3Dota2Test/Units/NightElf/Dryad	12	3530108	12	.blp:10, .mdx:2
WC3Dota2Test/Units/NightElf/EvilIllidan	17	4561757	17	.blp:15, .mdx:2
WC3Dota2Test/Units/NightElf/HeroDemonHunter	8	1782805	8	.blp:6, .mdx:2
WC3Dota2Test/Units/NightElf/HeroKeeperoftheGroveGhost	8	3073445	8	.blp:6, .mdx:2
WC3Dota2Test/Units/NightElf/HeroMoonPriestess	14	4371572	14	.blp:12, .mdx:2
WC3Dota2Test/Units/NightElf/HeroWarden	8	5347873	8	.blp:6, .mdx:2
WC3Dota2Test/Units/NightElf/Huntress	10	3783691	10	.blp:8, .mdx:2
WC3Dota2Test/Units/NightElf/Malfurion	10	3647568	10	.blp:8, .mdx:2
WC3Dota2Test/Units/NightElf/Vengeance	8	1791991	8	.blp:6, .mdx:2
WC3Dota2Test/Units/Orc	110	34116814	0	.blp:88, .mdx:22
WC3Dota2Test/Units/Orc/BatTroll	10	2718752	10	.blp:8, .mdx:2
WC3Dota2Test/Units/Orc/HeroFarSeer	12	1875831	12	.blp:10, .mdx:2
WC3Dota2Test/Units/Orc/HeroShadowHunter	10	2677765	10	.blp:8, .mdx:2
WC3Dota2Test/Units/Orc/HeroTaurenChieftain	14	5810464	14	.blp:12, .mdx:2
WC3Dota2Test/Units/Orc/OrcWarlockGuldan	10	1840163	10	.blp:8, .mdx:2
WC3Dota2Test/Units/Orc/Shaman	11	3901521	11	.blp:9, .mdx:2
WC3Dota2Test/Units/Orc/SpiritWyvern	7	1901160	7	.blp:5, .mdx:2
WC3Dota2Test/Units/Orc/Spiritwalker	8	2877952	8	.blp:6, .mdx:2
WC3Dota2Test/Units/Orc/Tauren	8	2348707	8	.blp:6, .mdx:2
WC3Dota2Test/Units/Orc/Thrall	12	4830985	12	.blp:10, .mdx:2
WC3Dota2Test/Units/Orc/WitchDoctor	8	3333514	8	.blp:6, .mdx:2
WC3Dota2Test/Units/Other	36	14918690	0	.blp:28, .mdx:8
WC3Dota2Test/Units/Other/DranaiAkama	10	4687323	10	.blp:8, .mdx:2
WC3Dota2Test/Units/Other/DranaiMage	10	4387171	10	.blp:8, .mdx:2
WC3Dota2Test/Units/Other/FleshGolem	5	3739150	5	.blp:3, .mdx:2
WC3Dota2Test/Units/Other/Proudmoore	11	2105046	11	.blp:9, .mdx:2
WC3Dota2Test/Units/Undead	107	38332311	0	.blp:89, .mdx:18
WC3Dota2Test/Units/Undead/Abomination	15	3896951	15	.blp:13, .mdx:2
WC3Dota2Test/Units/Undead/FrostWyrm	10	4460480	10	.blp:8, .mdx:2
WC3Dota2Test/Units/Undead/HeroCryptLord	7	2278937	7	.blp:5, .mdx:2
WC3Dota2Test/Units/Undead/HeroDeathKnight	14	6376073	14	.blp:12, .mdx:2
WC3Dota2Test/Units/Undead/KelthuzadGhost	11	3791823	11	.blp:9, .mdx:2
WC3Dota2Test/Units/Undead/ObsidianStatue	18	5073705	18	.blp:16, .mdx:2
WC3Dota2Test/Units/Undead/Skeleton	15	5820270	15	.blp:13, .mdx:2
WC3Dota2Test/Units/Undead/SkeletonMage	8	3716350	8	.blp:6, .mdx:2
WC3Dota2Test/Units/Undead/Tichondrius	9	2917722	9	.blp:7, .mdx:2
WC3Dota2Test/UpdateSkins	722	277728745	1	.blp:508, .mdx:170, .wav:37, .db:3, .tsv:1, .reg:1, .ini:1, .png:1
WC3Dota2Test/UpdateSkins/GameRoot	721	277721027	1	.blp:508, .mdx:170, .wav:37, .db:3, .reg:1, .ini:1, .png:1
WC3Dota2Test/UpdateSkins/GameRoot/Abilities	22	1681745	1	.blp:17, .mdx:4, .ini:1
WC3Dota2Test/UpdateSkins/GameRoot/Abilities/Custom	21	1681632	0	.blp:17, .mdx:4
WC3Dota2Test/UpdateSkins/GameRoot/Abilities/Custom/Nevermore	12	1317909	0	.blp:11, .mdx:1
WC3Dota2Test/UpdateSkins/GameRoot/Abilities/Custom/Nevermore/Misile	6	394028	6	.blp:5, .mdx:1
WC3Dota2Test/UpdateSkins/GameRoot/Abilities/Custom/Nevermore/Shadowraze	6	923881	6	.blp:6
WC3Dota2Test/UpdateSkins/GameRoot/Abilities/Custom/Trax	9	363723	0	.blp:6, .mdx:3
WC3Dota2Test/UpdateSkins/GameRoot/Abilities/Custom/Trax/Missile	9	363723	9	.blp:6, .mdx:3
WC3Dota2Test/UpdateSkins/GameRoot/Doodads	9	1087334	0	.blp:8, .mdx:1
WC3Dota2Test/UpdateSkins/GameRoot/Doodads/Barrens	9	1087334	0	.blp:8, .mdx:1
WC3Dota2Test/UpdateSkins/GameRoot/Doodads/Barrens/Rocks	9	1087334	0	.blp:8, .mdx:1
WC3Dota2Test/UpdateSkins/GameRoot/Doodads/Barrens/Rocks/BarrensFissure	9	1087334	9	.blp:8, .mdx:1
WC3Dota2Test/UpdateSkins/GameRoot/H	2	34256	0	.mdx:2
WC3Dota2Test/UpdateSkins/GameRoot/H/SF	2	34256	2	.mdx:2
WC3Dota2Test/UpdateSkins/GameRoot/HEROESD2	621	259292450	0	.blp:461, .mdx:157, .db:3
WC3Dota2Test/UpdateSkins/GameRoot/HEROESD2/AGILIDAD	128	52161800	0	.blp:97, .mdx:28, .db:3
WC3Dota2Test/UpdateSkins/GameRoot/HEROESD2/AGILIDAD/MERCU	9	4008030	9	.blp:7, .mdx:2
WC3Dota2Test/UpdateSkins/GameRoot/HEROESD2/AGILIDAD/MONO	9	6850557	9	.blp:6, .mdx:2, .db:1
WC3Dota2Test/UpdateSkins/GameRoot/HEROESD2/AGILIDAD/Mortred	9	2272032	9	.blp:6, .mdx:2, .db:1
WC3Dota2Test/UpdateSkins/GameRoot/HEROESD2/AGILIDAD/NYX	7	2425740	7	.blp:4, .mdx:2, .db:1
WC3Dota2Test/UpdateSkins/GameRoot/HEROESD2/AGILIDAD/PhantomLancer	8	2655528	8	.blp:6, .mdx:2
WC3Dota2Test/UpdateSkins/GameRoot/HEROESD2/AGILIDAD/RAZOR	12	3034577	12	.blp:10, .mdx:2
WC3Dota2Test/UpdateSkins/GameRoot/HEROESD2/AGILIDAD/Riki	8	2379526	8	.blp:6, .mdx:2
WC3Dota2Test/UpdateSkins/GameRoot/HEROESD2/AGILIDAD/SHADOWFIEND	16	8854944	16	.blp:14, .mdx:2
WC3Dota2Test/UpdateSkins/GameRoot/HEROESD2/AGILIDAD/SIRENA	7	2261193	7	.blp:5, .mdx:2
WC3Dota2Test/UpdateSkins/GameRoot/HEROESD2/AGILIDAD/SNIPER	8	2781839	8	.blp:6, .mdx:2
WC3Dota2Test/UpdateSkins/GameRoot/HEROESD2/AGILIDAD/TRAX	11	5797399	11	.blp:9, .mdx:2
WC3Dota2Test/UpdateSkins/GameRoot/HEROESD2/AGILIDAD/Templar	7	2513737	7	.blp:5, .mdx:2
WC3Dota2Test/UpdateSkins/GameRoot/HEROESD2/AGILIDAD/VENGE	9	2410922	9	.blp:7, .mdx:2
WC3Dota2Test/UpdateSkins/GameRoot/HEROESD2/AGILIDAD/YURNERO	8	3915776	8	.blp:6, .mdx:2
WC3Dota2Test/UpdateSkins/GameRoot/HEROESD2/FUERZA	299	139972648	0	.blp:221, .mdx:78
WC3Dota2Test/UpdateSkins/GameRoot/HEROESD2/FUERZA/ALCHEMIST	12	4296394	12	.blp:10, .mdx:2
WC3Dota2Test/UpdateSkins/GameRoot/HEROESD2/FUERZA/AXE	7	2861244	7	.blp:5, .mdx:2
WC3Dota2Test/UpdateSkins/GameRoot/HEROESD2/FUERZA/BALANAR	6	3640602	6	.blp:4, .mdx:2
WC3Dota2Test/UpdateSkins/GameRoot/HEROESD2/FUERZA/BARA	12	3432240	12	.blp:10, .mdx:2
WC3Dota2Test/UpdateSkins/GameRoot/HEROESD2/FUERZA/BREW	21	7463844	8	.blp:13, .mdx:8
WC3Dota2Test/UpdateSkins/GameRoot/HEROESD2/FUERZA/BREW/Fuego	5	1082553	5	.blp:3, .mdx:2
WC3Dota2Test/UpdateSkins/GameRoot/HEROESD2/FUERZA/BREW/Rayo	5	1529422	5	.blp:3, .mdx:2
WC3Dota2Test/UpdateSkins/GameRoot/HEROESD2/FUERZA/BREW/Tierra	3	841288	3	.mdx:2, .blp:1
WC3Dota2Test/UpdateSkins/GameRoot/HEROESD2/FUERZA/BRIST	8	3094730	8	.blp:6, .mdx:2
WC3Dota2Test/UpdateSkins/GameRoot/HEROESD2/FUERZA/CENTA	10	4389469	10	.blp:8, .mdx:2
WC3Dota2Test/UpdateSkins/GameRoot/HEROESD2/FUERZA/EARTH	9	3581437	9	.blp:7, .mdx:2
WC3Dota2Test/UpdateSkins/GameRoot/HEROESD2/FUERZA/ELDERTITAN	8	4017097	8	.blp:6, .mdx:2
WC3Dota2Test/UpdateSkins/GameRoot/HEROESD2/FUERZA/FENIX	10	7515250	10	.blp:8, .mdx:2
WC3Dota2Test/UpdateSkins/GameRoot/HEROESD2/FUERZA/HUSKAR	8	4188608	8	.blp:6, .mdx:2
WC3Dota2Test/UpdateSkins/GameRoot/HEROESD2/FUERZA/KUNKA	9	3803024	9	.blp:7, .mdx:2
WC3Dota2Test/UpdateSkins/GameRoot/HEROESD2/FUERZA/LEGION	8	3223976	8	.blp:6, .mdx:2
WC3Dota2Test/UpdateSkins/GameRoot/HEROESD2/FUERZA/LEORIC	9	3458379	9	.blp:7, .mdx:2
WC3Dota2Test/UpdateSkins/GameRoot/HEROESD2/FUERZA/LUCI	10	3399115	10	.blp:8, .mdx:2
WC3Dota2Test/UpdateSkins/GameRoot/HEROESD2/FUERZA/LYCAN	14	6346508	8	.blp:8, .mdx:6
WC3Dota2Test/UpdateSkins/GameRoot/HEROESD2/FUERZA/LYCAN/Lobos	3	1529615	3	.mdx:2, .blp:1
WC3Dota2Test/UpdateSkins/GameRoot/HEROESD2/FUERZA/LYCAN/LycanLobo	3	1730025	3	.mdx:2, .blp:1
WC3Dota2Test/UpdateSkins/GameRoot/HEROESD2/FUERZA/MAGNUS	8	3405231	8	.blp:6, .mdx:2
WC3Dota2Test/UpdateSkins/GameRoot/HEROESD2/FUERZA/NAIX	5	3292570	5	.blp:3, .mdx:2
WC3Dota2Test/UpdateSkins/GameRoot/HEROESD2/FUERZA/OMNI	9	3398193	9	.blp:7, .mdx:2
WC3Dota2Test/UpdateSkins/GameRoot/HEROESD2/FUERZA/PUDGE	10	3260945	10	.blp:8, .mdx:2
WC3Dota2Test/UpdateSkins/GameRoot/HEROESD2/FUERZA/REXAR	10	3813706	10	.blp:8, .mdx:2
WC3Dota2Test/UpdateSkins/GameRoot/HEROESD2/FUERZA/ROOF	7	3532793	7	.blp:5, .mdx:2
WC3Dota2Test/UpdateSkins/GameRoot/HEROESD2/FUERZA/SANDKING	8	3649058	8	.blp:6, .mdx:2
WC3Dota2Test/UpdateSkins/GameRoot/HEROESD2/FUERZA/SHAKER	6	3118097	6	.blp:4, .mdx:2
WC3Dota2Test/UpdateSkins/GameRoot/HEROESD2/FUERZA/SLARDAR	6	5248208	6	.blp:4, .mdx:2
WC3Dota2Test/UpdateSkins/GameRoot/HEROESD2/FUERZA/SVEN	8	2547343	8	.blp:6, .mdx:2
WC3Dota2Test/UpdateSkins/GameRoot/HEROESD2/FUERZA/SVENROJO	8	2551209	8	.blp:6, .mdx:2
WC3Dota2Test/UpdateSkins/GameRoot/HEROESD2/FUERZA/TIDE	8	4152990	8	.blp:6, .mdx:2
WC3Dota2Test/UpdateSkins/GameRoot/HEROESD2/FUERZA/TIMBER	11	3941905	11	.blp:9, .mdx:2
WC3Dota2Test/UpdateSkins/GameRoot/HEROESD2/FUERZA/TINY	4	6143947	4	.mdx:2, .blp:2
WC3Dota2Test/UpdateSkins/GameRoot/HEROESD2/FUERZA/TUSKAR	9	4007984	9	.blp:7, .mdx:2
WC3Dota2Test/UpdateSkins/GameRoot/HEROESD2/FUERZA/UNDER	11	7985361	11	.blp:9, .mdx:2
WC3Dota2Test/UpdateSkins/GameRoot/HEROESD2/FUERZA/UNDING	10	7211191	7	.blp:6, .mdx:4
WC3Dota2Test/UpdateSkins/GameRoot/HEROESD2/FUERZA/UNDING/FleshGolem	3	3184451	3	.mdx:2, .blp:1
WC3Dota2Test/UpdateSkins/GameRoot/HEROESD2/INTELIGENCIA	194	67158002	0	.blp:143, .mdx:51
WC3Dota2Test/UpdateSkins/GameRoot/HEROESD2/INTELIGENCIA/AKASHA	7	2761885	7	.blp:5, .mdx:2
WC3Dota2Test/UpdateSkins/GameRoot/HEROESD2/INTELIGENCIA/ANCIENT	4	3313326	4	.mdx:2, .blp:2
WC3Dota2Test/UpdateSkins/GameRoot/HEROESD2/INTELIGENCIA/Bane	11	2798610	11	.blp:9, .mdx:2
WC3Dota2Test/UpdateSkins/GameRoot/HEROESD2/INTELIGENCIA/CHEN	8	3142194	8	.blp:6, .mdx:2
WC3Dota2Test/UpdateSkins/GameRoot/HEROESD2/INTELIGENCIA/DARKSER	12	3586703	12	.blp:10, .mdx:2
WC3Dota2Test/UpdateSkins/GameRoot/HEROESD2/INTELIGENCIA/ENCHANT	8	2652463	8	.blp:6, .mdx:2
WC3Dota2Test/UpdateSkins/GameRoot/HEROESD2/INTELIGENCIA/ENIGMA	7	2246448	7	.blp:5, .mdx:2
WC3Dota2Test/UpdateSkins/GameRoot/HEROESD2/INTELIGENCIA/FURION	9	2750999	9	.blp:7, .mdx:2
WC3Dota2Test/UpdateSkins/GameRoot/HEROESD2/INTELIGENCIA/INVOKER	13	3173330	13	.blp:7, .mdx:6
WC3Dota2Test/UpdateSkins/GameRoot/HEROESD2/INTELIGENCIA/JAKIRO	4	3523951	4	.blp:2, .mdx:2
WC3Dota2Test/UpdateSkins/GameRoot/HEROESD2/INTELIGENCIA/LINA	7	2324596	7	.blp:5, .mdx:2
WC3Dota2Test/UpdateSkins/GameRoot/HEROESD2/INTELIGENCIA/LION	8	2781201	8	.blp:6, .mdx:2
WC3Dota2Test/UpdateSkins/GameRoot/HEROESD2/INTELIGENCIA/Maiden	8	3055712	8	.blp:6, .mdx:2
WC3Dota2Test/UpdateSkins/GameRoot/HEROESD2/INTELIGENCIA/OD	10	2853922	10	.blp:8, .mdx:2
WC3Dota2Test/UpdateSkins/GameRoot/HEROESD2/INTELIGENCIA/OGREMAGIC	8	3269988	8	.blp:6, .mdx:2
WC3Dota2Test/UpdateSkins/GameRoot/HEROESD2/INTELIGENCIA/PUGNA	11	4065909	11	.blp:9, .mdx:2
WC3Dota2Test/UpdateSkins/GameRoot/HEROESD2/INTELIGENCIA/RHASTA	8	2275015	8	.blp:6, .mdx:2
WC3Dota2Test/UpdateSkins/GameRoot/HEROESD2/INTELIGENCIA/RUBICK	7	1822681	7	.blp:5, .mdx:2
WC3Dota2Test/UpdateSkins/GameRoot/HEROESD2/INTELIGENCIA/SILENCER	9	2085554	9	.blp:7, .mdx:2
WC3Dota2Test/UpdateSkins/GameRoot/HEROESD2/INTELIGENCIA/STORM	8	3602361	8	.blp:5, .mdx:3
WC3Dota2Test/UpdateSkins/GameRoot/HEROESD2/INTELIGENCIA/TRALL	11	3068483	11	.blp:9, .mdx:2
WC3Dota2Test/UpdateSkins/GameRoot/HEROESD2/INTELIGENCIA/WARLOCK	9	1772965	9	.blp:7, .mdx:2
WC3Dota2Test/UpdateSkins/GameRoot/HEROESD2/INTELIGENCIA/ZEUS	7	4229706	7	.blp:5, .mdx:2
WC3Dota2Test/UpdateSkins/GameRoot/Objects	7	454681	0	.blp:6, .mdx:1
WC3Dota2Test/UpdateSkins/GameRoot/Objects/SpawnModels	7	454681	0	.blp:6, .mdx:1
WC3Dota2Test/UpdateSkins/GameRoot/Objects/SpawnModels/Undead	7	454681	0	.blp:6, .mdx:1
WC3Dota2Test/UpdateSkins/GameRoot/Objects/SpawnModels/Undead/UndeadDissipate	7	454681	7	.blp:6, .mdx:1
WC3Dota2Test/UpdateSkins/GameRoot/ReplaceableTextures	12	74818	0	.blp:12
WC3Dota2Test/UpdateSkins/GameRoot/ReplaceableTextures/CommandButtons	5	54539	5	.blp:5
WC3Dota2Test/UpdateSkins/GameRoot/ReplaceableTextures/CommandButtonsDisabled	5	14823	5	.blp:5
WC3Dota2Test/UpdateSkins/GameRoot/ReplaceableTextures/PassiveButtons	2	5456	2	.blp:2
WC3Dota2Test/UpdateSkins/GameRoot/Sound	37	11029574	0	.wav:37
WC3Dota2Test/UpdateSkins/GameRoot/Sound/Combat	12	1004768	0	.wav:12
WC3Dota2Test/UpdateSkins/GameRoot/Sound/Combat/Creep	8	225714	0	.wav:8
WC3Dota2Test/UpdateSkins/GameRoot/Sound/Combat/Creep/Shared	8	225714	8	.wav:8
WC3Dota2Test/UpdateSkins/GameRoot/Sound/Combat/Juggernaut	4	779054	4	.wav:4
WC3Dota2Test/UpdateSkins/GameRoot/Sound/Spell	13	8141790	0	.wav:13
WC3Dota2Test/UpdateSkins/GameRoot/Sound/Spell/Nevermore	13	8141790	13	.wav:13
WC3Dota2Test/UpdateSkins/GameRoot/Sound/Spells	12	1883016	0	.wav:12
WC3Dota2Test/UpdateSkins/GameRoot/Sound/Spells/Drow	12	1883016	12	.wav:12
WC3Dota2Test/UpdateSkins/GameRoot/Units	10	4065883	0	.mdx:5, .blp:4, .png:1
WC3Dota2Test/UpdateSkins/GameRoot/Units/Creeps	5	1350486	0	.mdx:3, .blp:2
WC3Dota2Test/UpdateSkins/GameRoot/Units/Creeps/QuillBeast	3	929896	3	.mdx:2, .blp:1
WC3Dota2Test/UpdateSkins/GameRoot/Units/Creeps/WarEagle	2	420590	2	.mdx:1, .blp:1
WC3Dota2Test/UpdateSkins/GameRoot/Units/Custom	5	2715397	0	.blp:2, .mdx:2, .png:1
WC3Dota2Test/UpdateSkins/GameRoot/Units/Custom/Roshan	5	2715397	5	.blp:2, .mdx:2, .png:1
WC3DotaHQTest	12006	1088821312	0	.mp3:5414, .blp:4541, .mdx:1244, .wav:722, .fdf:43, .tga:26, .slk:12, .mdl:3
WC3DotaHQTest/A	11773	1085844392	205	.mp3:5414, .blp:4320, .mdx:1244, .wav:722, .fdf:43, .tga:26, .mdl:3, .toc:1
WC3DotaHQTest/A/Abilities	1124	152491327	0	.blp:493, .mdx:331, .wav:297, .mdl:3
WC3DotaHQTest/A/Abilities/Custom	407	38202342	0	.blp:284, .mdx:123
WC3DotaHQTest/A/Abilities/Custom/ActiveItemsPack	21	1973618	0	.blp:14, .mdx:7
WC3DotaHQTest/A/Abilities/Custom/ActiveItemsPack/Armlet	1	348478	1	.blp:1
WC3DotaHQTest/A/Abilities/Custom/ActiveItemsPack/Blink	3	199376	3	.blp:2, .mdx:1
WC3DotaHQTest/A/Abilities/Custom/ActiveItemsPack/Buckler	2	163838	2	.mdx:1, .blp:1
WC3DotaHQTest/A/Abilities/Custom/ActiveItemsPack/Dagon	3	353077	3	.blp:2, .mdx:1
WC3DotaHQTest/A/Abilities/Custom/ActiveItemsPack/DustOfAppearance	3	340568	3	.blp:2, .mdx:1
WC3DotaHQTest/A/Abilities/Custom/ActiveItemsPack/MaskOfMadness	3	355243	3	.blp:2, .mdx:1
WC3DotaHQTest/A/Abilities/Custom/ActiveItemsPack/ScytheOfVyse	3	59190	3	.blp:2, .mdx:1
WC3DotaHQTest/A/Abilities/Custom/ActiveItemsPack/SmokeOfDeceit	3	153848	3	.blp:2, .mdx:1
WC3DotaHQTest/A/Abilities/Custom/ClockAgha	4	159711	4	.blp:3, .mdx:1
WC3DotaHQTest/A/Abilities/Custom/Commander	2	13732	0	.blp:1, .mdx:1
WC3DotaHQTest/A/Abilities/Custom/Commander/SpeedTarget	2	13732	2	.blp:1, .mdx:1
WC3DotaHQTest/A/Abilities/Custom/EarthShaker	15	1265453	0	.blp:9, .mdx:6
WC3DotaHQTest/A/Abilities/Custom/EarthShaker/AfterShock	3	70592	3	.blp:2, .mdx:1
WC3DotaHQTest/A/Abilities/Custom/EarthShaker/EchoSlam	6	370070	6	.mdx:3, .blp:3
WC3DotaHQTest/A/Abilities/Custom/EarthShaker/EnchantTotem	3	454698	3	.blp:2, .mdx:1
WC3DotaHQTest/A/Abilities/Custom/EarthShaker/Fissure	3	370093	3	.blp:2, .mdx:1
WC3DotaHQTest/A/Abilities/Custom/Enigma	20	1060665	0	.blp:14, .mdx:6
WC3DotaHQTest/A/Abilities/Custom/Enigma/BlackHole	7	639960	7	.blp:6, .mdx:1
WC3DotaHQTest/A/Abilities/Custom/Enigma/DemonicConversion	2	40087	2	.mdx:1, .blp:1
WC3DotaHQTest/A/Abilities/Custom/Enigma/Malefice	1	2260	1	.mdx:1
WC3DotaHQTest/A/Abilities/Custom/Enigma/MidnightPulse	5	126050	5	.blp:4, .mdx:1
WC3DotaHQTest/A/Abilities/Custom/Enigma/Missile	5	252308	5	.blp:3, .mdx:2
WC3DotaHQTest/A/Abilities/Custom/Gandalf	9	580962	0	.blp:6, .mdx:3
WC3DotaHQTest/A/Abilities/Custom/Gandalf/BlindingLight	2	56499	2	.blp:2
WC3DotaHQTest/A/Abilities/Custom/Gandalf/Illuminate	5	486190	5	.blp:3, .mdx:2
WC3DotaHQTest/A/Abilities/Custom/Gandalf/Missile	2	38273	2	.mdx:1, .blp:1
WC3DotaHQTest/A/Abilities/Custom/Gyrocopter	19	517256	0	.blp:14, .mdx:5
WC3DotaHQTest/A/Abilities/Custom/Gyrocopter/CallDown	7	313224	7	.blp:5, .mdx:2
WC3DotaHQTest/A/Abilities/Custom/Gyrocopter/HomingMissile	6	144113	6	.blp:5, .mdx:1
WC3DotaHQTest/A/Abilities/Custom/Gyrocopter/Missile	3	35822	3	.blp:2, .mdx:1
WC3DotaHQTest/A/Abilities/Custom/Gyrocopter/RocketBarrage	3	24097	3	.blp:2, .mdx:1
WC3DotaHQTest/A/Abilities/Custom/HealingActiveItems	7	835166	0	.blp:5, .mdx:2
WC3DotaHQTest/A/Abilities/Custom/HealingActiveItems/Mekansm	7	835166	7	.blp:5, .mdx:2
WC3DotaHQTest/A/Abilities/Custom/Invoker	49	8285674	0	.blp:38, .mdx:11
WC3DotaHQTest/A/Abilities/Custom/Invoker/Blast	4	713362	4	.blp:3, .mdx:1
WC3DotaHQTest/A/Abilities/Custom/Invoker/ChaosMeteor	3	435455	3	.mdx:2, .blp:1
WC3DotaHQTest/A/Abilities/Custom/Invoker/EMP	12	1034351	12	.blp:10, .mdx:2
WC3DotaHQTest/A/Abilities/Custom/Invoker/EWQ	12	2526246	12	.blp:9, .mdx:3
WC3DotaHQTest/A/Abilities/Custom/Invoker/IceWall	2	703568	2	.blp:1, .mdx:1
WC3DotaHQTest/A/Abilities/Custom/Invoker/QWE	9	2489588	9	.blp:9
WC3DotaHQTest/A/Abilities/Custom/Invoker/SunStrike	5	308714	5	.blp:4, .mdx:1
WC3DotaHQTest/A/Abilities/Custom/Invoker/Tornado	2	74390	2	.blp:1, .mdx:1
WC3DotaHQTest/A/Abilities/Custom/Lanaya	7	3388095	0	.blp:6, .mdx:1
WC3DotaHQTest/A/Abilities/Custom/Lanaya/Refraction	7	3388095	7	.blp:6, .mdx:1
WC3DotaHQTest/A/Abilities/Custom/Leshrac	22	3500442	0	.blp:17, .mdx:5
WC3DotaHQTest/A/Abilities/Custom/Leshrac/Diabolic	7	270659	7	.blp:6, .mdx:1
WC3DotaHQTest/A/Abilities/Custom/Leshrac/LightningStorm	5	321970	5	.blp:3, .mdx:2
WC3DotaHQTest/A/Abilities/Custom/Leshrac/Missile	5	132593	5	.blp:4, .mdx:1
WC3DotaHQTest/A/Abilities/Custom/Leshrac/SplitEarth	5	2775220	5	.blp:4, .mdx:1
WC3DotaHQTest/A/Abilities/Custom/Lina	18	364439	0	.blp:14, .mdx:4
WC3DotaHQTest/A/Abilities/Custom/Lina/DragonSlave	2	94228	2	.mdx:1, .blp:1
WC3DotaHQTest/A/Abilities/Custom/Lina/LagunaBlade	4	117534	4	.blp:3, .mdx:1
WC3DotaHQTest/A/Abilities/Custom/Lina/LightStrikeArray	10	138070	10	.blp:9, .mdx:1
WC3DotaHQTest/A/Abilities/Custom/Lina/Missile	2	14607	2	.blp:1, .mdx:1
WC3DotaHQTest/A/Abilities/Custom/Lion	1	3699	0	.mdx:1
WC3DotaHQTest/A/Abilities/Custom/Lion/Impale	1	3699	1	.mdx:1
WC3DotaHQTest/A/Abilities/Custom/LoneDruid	7	1086702	0	.blp:5, .mdx:2
WC3DotaHQTest/A/Abilities/Custom/LoneDruid/Missile	4	847597	4	.blp:3, .mdx:1
WC3DotaHQTest/A/Abilities/Custom/LoneDruid/Rabid	3	239105	3	.blp:2, .mdx:1
WC3DotaHQTest/A/Abilities/Custom/Luna	20	768527	0	.blp:16, .mdx:4
WC3DotaHQTest/A/Abilities/Custom/Luna/Eclipse	4	164691	4	.blp:3, .mdx:1
WC3DotaHQTest/A/Abilities/Custom/Luna/LucentBeam	10	247522	10	.blp:8, .mdx:2
WC3DotaHQTest/A/Abilities/Custom/Luna/Missile	6	356314	6	.blp:5, .mdx:1
WC3DotaHQTest/A/Abilities/Custom/Lycan	8	851977	0	.blp:5, .mdx:3
WC3DotaHQTest/A/Abilities/Custom/Lycan/Howl	6	96038	6	.blp:4, .mdx:2
WC3DotaHQTest/A/Abilities/Custom/Lycan/SummonWolves	2	755939	2	.blp:1, .mdx:1
WC3DotaHQTest/A/Abilities/Custom/Mirana	3	161647	0	.blp:2, .mdx:1
WC3DotaHQTest/A/Abilities/Custom/Mirana/Missile	3	161647	3	.blp:2, .mdx:1
WC3DotaHQTest/A/Abilities/Custom/NagaSiren	21	2830423	0	.blp:16, .mdx:5
WC3DotaHQTest/A/Abilities/Custom/NagaSiren/Ensnare	4	253050	4	.blp:3, .mdx:1
WC3DotaHQTest/A/Abilities/Custom/NagaSiren/MirrorImage	11	2079753	11	.blp:9, .mdx:2
WC3DotaHQTest/A/Abilities/Custom/NagaSiren/SongOfTheSiren	6	497620	6	.blp:4, .mdx:2
WC3DotaHQTest/A/Abilities/Custom/Naix	1	5384	0	.mdx:1
WC3DotaHQTest/A/Abilities/Custom/Naix/OpenWounds	1	5384	1	.mdx:1
WC3DotaHQTest/A/Abilities/Custom/Necrolyte	3	157366	0	.blp:2, .mdx:1
WC3DotaHQTest/A/Abilities/Custom/Necrolyte/DeathPulseCaster	3	157366	3	.blp:2, .mdx:1
WC3DotaHQTest/A/Abilities/Custom/NyxAssassin	2	77721	0	.blp:1, .mdx:1
WC3DotaHQTest/A/Abilities/Custom/NyxAssassin/Impale	2	77721	2	.blp:1, .mdx:1
WC3DotaHQTest/A/Abilities/Custom/Other	12	88644	0	.blp:7, .mdx:5
WC3DotaHQTest/A/Abilities/Custom/Other/DireCreepMissile	3	13215	3	.blp:2, .mdx:1
WC3DotaHQTest/A/Abilities/Custom/Other/DireTowerMissile	3	21652	3	.blp:2, .mdx:1
WC3DotaHQTest/A/Abilities/Custom/Other/RadCreepMissile	2	7984	2	.blp:1, .mdx:1
WC3DotaHQTest/A/Abilities/Custom/Other/RadiantTowerMissile	2	16600	2	.blp:1, .mdx:1
WC3DotaHQTest/A/Abilities/Custom/Other/SiegeMissile	2	29193	2	.blp:1, .mdx:1
WC3DotaHQTest/A/Abilities/Custom/OutworldDestroyer	23	310225	0	.blp:20, .mdx:3
WC3DotaHQTest/A/Abilities/Custom/OutworldDestroyer/ArcaneOrb	9	63884	9	.blp:8, .mdx:1
WC3DotaHQTest/A/Abilities/Custom/OutworldDestroyer/Missile	5	21112	5	.blp:4, .mdx:1
WC3DotaHQTest/A/Abilities/Custom/OutworldDestroyer/SanityEclipse	9	225229	9	.blp:8, .mdx:1
WC3DotaHQTest/A/Abilities/Custom/Puck	18	629538	0	.blp:13, .mdx:5
WC3DotaHQTest/A/Abilities/Custom/Puck/DreamCoil	4	315414	4	.blp:3, .mdx:1
WC3DotaHQTest/A/Abilities/Custom/Puck/IllusoryOrb	7	94109	7	.blp:6, .mdx:1
WC3DotaHQTest/A/Abilities/Custom/Puck/Missile	3	65173	3	.blp:2, .mdx:1
WC3DotaHQTest/A/Abilities/Custom/Puck/PhaseShift	4	154842	4	.blp:2, .mdx:2
WC3DotaHQTest/A/Abilities/Custom/Pugna	17	333052	0	.blp:11, .mdx:6
WC3DotaHQTest/A/Abilities/Custom/Pugna/Decrepify	1	1291	1	.mdx:1
WC3DotaHQTest/A/Abilities/Custom/Pugna/LifeDrain	1	2430	1	.mdx:1
WC3DotaHQTest/A/Abilities/Custom/Pugna/Missile	6	72215	6	.blp:5, .mdx:1
WC3DotaHQTest/A/Abilities/Custom/Pugna/NetherBlast	6	210475	6	.blp:5, .mdx:1
WC3DotaHQTest/A/Abilities/Custom/Pugna/NetherWard	3	46641	3	.mdx:2, .blp:1
WC3DotaHQTest/A/Abilities/Custom/QueenOfPain	24	855582	0	.blp:16, .mdx:8
WC3DotaHQTest/A/Abilities/Custom/QueenOfPain/Blink	4	334832	4	.mdx:2, .blp:2
WC3DotaHQTest/A/Abilities/Custom/QueenOfPain/Missile	3	56983	3	.blp:2, .mdx:1
WC3DotaHQTest/A/Abilities/Custom/QueenOfPain/ScreamOfPain	9	183232	9	.blp:7, .mdx:2
WC3DotaHQTest/A/Abilities/Custom/QueenOfPain/ShadowStrike	4	82003	4	.blp:2, .mdx:2
WC3DotaHQTest/A/Abilities/Custom/QueenOfPain/SonicWave	4	198532	4	.blp:3, .mdx:1
WC3DotaHQTest/A/Abilities/Custom/RegenPack	4	214026	0	.blp:2, .mdx:2
WC3DotaHQTest/A/Abilities/Custom/RegenPack/Clarity	4	214026	4	.blp:2, .mdx:2
WC3DotaHQTest/A/Abilities/Custom/SandKing	3	759562	0	.blp:2, .mdx:1
WC3DotaHQTest/A/Abilities/Custom/SandKing/BurrowStrike	3	759562	3	.blp:2, .mdx:1
WC3DotaHQTest/A/Abilities/Custom/ShadowDemon	2	23519	0	.blp:1, .mdx:1
WC3DotaHQTest/A/Abilities/Custom/ShadowDemon/ShadowPotion	2	23519	2	.blp:1, .mdx:1
WC3DotaHQTest/A/Abilities/Custom/TideHunter	1	1251	0	.mdx:1
WC3DotaHQTest/A/Abilities/Custom/TideHunter/Ravage	1	1251	1	.mdx:1
WC3DotaHQTest/A/Abilities/Custom/Tiny	1	48699	0	.mdx:1
WC3DotaHQTest/A/Abilities/Custom/Tiny/Avalance	1	48699	1	.mdx:1
WC3DotaHQTest/A/Abilities/Custom/UrnOfShadow	5	2318636	5	.blp:4, .mdx:1
WC3DotaHQTest/A/Abilities/Custom/Venomancer	15	1132666	0	.mdx:8, .blp:7
WC3DotaHQTest/A/Abilities/Custom/Venomancer/Gale	9	1078585	9	.blp:5, .mdx:4
WC3DotaHQTest/A/Abilities/Custom/Venomancer/Missile	3	20450	3	.mdx:2, .blp:1
WC3DotaHQTest/A/Abilities/Custom/Venomancer/PoisonNova	3	33631	3	.mdx:2, .blp:1
WC3DotaHQTest/A/Abilities/Custom/Viper	11	367823	0	.blp:6, .mdx:5
WC3DotaHQTest/A/Abilities/Custom/Viper/CorrosiveSkin	1	1534	1	.mdx:1
WC3DotaHQTest/A/Abilities/Custom/Viper/Missile	4	271599	4	.blp:3, .mdx:1
WC3DotaHQTest/A/Abilities/Custom/Viper/PoisonAttack	4	80138	4	.blp:3, .mdx:1
WC3DotaHQTest/A/Abilities/Custom/Viper/ViperStrike	2	14552	2	.mdx:2
WC3DotaHQTest/A/Abilities/Custom/WR	11	3226071	0	.blp:7, .mdx:4
WC3DotaHQTest/A/Abilities/Custom/WR/Missile	2	154357	2	.mdx:1, .blp:1
WC3DotaHQTest/A/Abilities/Custom/WR/PowerShot	4	1562156	4	.blp:3, .mdx:1
WC3DotaHQTest/A/Abilities/Custom/WR/Shackle	5	1509558	5	.blp:3, .mdx:2
WC3DotaHQTest/A/Abilities/Custom/Wisp	1	4389	0	.mdx:1
WC3DotaHQTest/A/Abilities/Custom/Wisp/SpiritOfVengeanceMissile	1	4389	1	.mdx:1
WC3DotaHQTest/A/Abilities/Spells	530	92318733	0	.wav:203, .blp:173, .mdx:151, .mdl:3
WC3DotaHQTest/A/Abilities/Spells/Custom	63	5719390	0	.blp:37, .mdx:26
WC3DotaHQTest/A/Abilities/Spells/Custom/AA	7	426807	7	.blp:7
WC3DotaHQTest/A/Abilities/Spells/Custom/AM	6	325849	6	.mdx:4, .blp:2
WC3DotaHQTest/A/Abilities/Spells/Custom/BH	5	1435793	5	.mdx:3, .blp:2
WC3DotaHQTest/A/Abilities/Spells/Custom/Broodmother	12	1511413	12	.blp:7, .mdx:5
WC3DotaHQTest/A/Abilities/Spells/Custom/Clinkz	2	95454	2	.blp:2
WC3DotaHQTest/A/Abilities/Spells/Custom/DR	4	153767	4	.blp:4
WC3DotaHQTest/A/Abilities/Spells/Custom/Fuzzy	3	16260	3	.mdx:2, .blp:1
WC3DotaHQTest/A/Abilities/Spells/Custom/Lightning	4	262015	4	.blp:4
WC3DotaHQTest/A/Abilities/Spells/Custom/SKing	9	910210	9	.mdx:5, .blp:4
WC3DotaHQTest/A/Abilities/Spells/Custom/Weaver	11	581822	11	.mdx:7, .blp:4
WC3DotaHQTest/A/Abilities/Spells/Demon	16	940397	0	.blp:9, .wav:5, .mdx:2
WC3DotaHQTest/A/Abilities/Spells/Demon/DarkConversion	9	162360	9	.blp:8, .mdx:1
WC3DotaHQTest/A/Abilities/Spells/Demon/DarkPortal	1	22078	1	.blp:1
WC3DotaHQTest/A/Abilities/Spells/Demon/RainOfFire	5	596599	5	.wav:4, .mdx:1
WC3DotaHQTest/A/Abilities/Spells/Demon/SoulPreservation	1	159360	1	.wav:1
WC3DotaHQTest/A/Abilities/Spells/Human	108	21831402	0	.wav:47, .blp:33, .mdx:27, .mdl:1
WC3DotaHQTest/A/Abilities/Spells/Human/AerialShackles	1	568390	1	.wav:1
WC3DotaHQTest/A/Abilities/Spells/Human/Avatar	1	613652	1	.wav:1
WC3DotaHQTest/A/Abilities/Spells/Human/Banish	3	1228149	3	.wav:2, .blp:1
WC3DotaHQTest/A/Abilities/Spells/Human/Blizzard	6	1038155	6	.wav:4, .mdx:1, .blp:1
WC3DotaHQTest/A/Abilities/Spells/Human/CallToArms	1	175238	1	.wav:1
WC3DotaHQTest/A/Abilities/Spells/Human/CloudOfFog	2	1430976	2	.mdx:1, .wav:1
WC3DotaHQTest/A/Abilities/Spells/Human/ControlMagic	1	90232	1	.wav:1
WC3DotaHQTest/A/Abilities/Spells/Human/Defend	1	482864	1	.wav:1
WC3DotaHQTest/A/Abilities/Spells/Human/DegenAura	4	161604	4	.mdx:2, .blp:2
WC3DotaHQTest/A/Abilities/Spells/Human/DevotionAura	3	262169	3	.blp:2, .mdx:1
WC3DotaHQTest/A/Abilities/Spells/Human/DispelMagic	4	213407	4	.blp:2, .mdx:1, .wav:1
WC3DotaHQTest/A/Abilities/Spells/Human/DivineShield	4	633215	4	.wav:2, .mdx:1, .blp:1
WC3DotaHQTest/A/Abilities/Spells/Human/Feedback	1	203636	1	.wav:1
WC3DotaHQTest/A/Abilities/Spells/Human/FlakCannons	1	476848	1	.wav:1
WC3DotaHQTest/A/Abilities/Spells/Human/FlameStrike	4	447309	4	.wav:2, .mdx:1, .blp:1
WC3DotaHQTest/A/Abilities/Spells/Human/Flare	5	313181	5	.wav:4, .mdx:1
WC3DotaHQTest/A/Abilities/Spells/Human/FragmentationShards	1	73388	1	.wav:1
WC3DotaHQTest/A/Abilities/Spells/Human/GuardianAngel	3	50155	3	.blp:2, .mdx:1
WC3DotaHQTest/A/Abilities/Spells/Human/Heal	1	308500	1	.wav:1
WC3DotaHQTest/A/Abilities/Spells/Human/HolyBolt	2	428509	2	.wav:1, .mdx:1
WC3DotaHQTest/A/Abilities/Spells/Human/InnerFire	2	133784	2	.wav:2
WC3DotaHQTest/A/Abilities/Spells/Human/Invisibility	1	493662	1	.wav:1
WC3DotaHQTest/A/Abilities/Spells/Human/MagicSentry	1	5088	1	.mdx:1
WC3DotaHQTest/A/Abilities/Spells/Human/ManaFlare	4	171304	4	.wav:2, .mdx:2
WC3DotaHQTest/A/Abilities/Spells/Human/ManaShield	2	292748	2	.mdx:1, .wav:1
WC3DotaHQTest/A/Abilities/Spells/Human/MarkOfChaos	3	667552	3	.mdx:2, .wav:1
WC3DotaHQTest/A/Abilities/Spells/Human/MassTeleport	16	5449858	16	.blp:12, .mdx:3, .wav:1
WC3DotaHQTest/A/Abilities/Spells/Human/Polymorph	4	876830	4	.wav:4
WC3DotaHQTest/A/Abilities/Spells/Human/Resurrect	11	455676	11	.blp:6, .mdx:4, .wav:1
WC3DotaHQTest/A/Abilities/Spells/Human/ReviveHuman	1	1564878	1	.wav:1
WC3DotaHQTest/A/Abilities/Spells/Human/Slow	2	364364	2	.wav:2
WC3DotaHQTest/A/Abilities/Spells/Human/SpellSteal	2	847972	2	.wav:2
WC3DotaHQTest/A/Abilities/Spells/Human/StormBolt	3	802595	3	.wav:2, .mdx:1
WC3DotaHQTest/A/Abilities/Spells/Human/Thunderclap	7	505514	7	.blp:3, .mdx:2, .mdl:1, .wav:1
WC3DotaHQTest/A/Abilities/Spells/Items	60	11315584	0	.blp:32, .mdx:16, .wav:12
WC3DotaHQTest/A/Abilities/Spells/Items/AIam	1	92490	1	.wav:1
WC3DotaHQTest/A/Abilities/Spells/Items/AIco	1	118316	1	.wav:1
WC3DotaHQTest/A/Abilities/Spells/Items/AIfb	1	5581	1	.mdx:1
WC3DotaHQTest/A/Abilities/Spells/Items/AIil	1	42462	1	.wav:1
WC3DotaHQTest/A/Abilities/Spells/Items/AIim	4	45255	4	.blp:3, .mdx:1
WC3DotaHQTest/A/Abilities/Spells/Items/AIlb	1	13794	1	.mdx:1
WC3DotaHQTest/A/Abilities/Spells/Items/AIma	6	3174758	6	.blp:4, .mdx:1, .wav:1
WC3DotaHQTest/A/Abilities/Spells/Items/AIob	2	10715	2	.mdx:1, .blp:1
WC3DotaHQTest/A/Abilities/Spells/Items/AIre	3	461351	3	.mdx:1, .blp:1, .wav:1
WC3DotaHQTest/A/Abilities/Spells/Items/AIso	2	221499	2	.blp:1, .wav:1
WC3DotaHQTest/A/Abilities/Spells/Items/AIsp	3	735130	3	.blp:2, .mdx:1
WC3DotaHQTest/A/Abilities/Spells/Items/HealingSalve	2	6434	2	.mdx:1, .blp:1
WC3DotaHQTest/A/Abilities/Spells/Items/OrbCorruption	7	533858	7	.blp:3, .mdx:2, .wav:2
WC3DotaHQTest/A/Abilities/Spells/Items/ResourceItems	2	199874	2	.wav:2
WC3DotaHQTest/A/Abilities/Spells/Items/ScrollOfRejuvenation	3	1410590	3	.blp:2, .mdx:1
WC3DotaHQTest/A/Abilities/Spells/Items/SpellShieldAmulet	1	42068	1	.wav:1
WC3DotaHQTest/A/Abilities/Spells/Items/StaffOfPurification	7	194485	7	.blp:5, .mdx:2
WC3DotaHQTest/A/Abilities/Spells/Items/TomeOfRetraining	9	3841104	9	.blp:8, .mdx:1
WC3DotaHQTest/A/Abilities/Spells/Items/VampiricPotion	1	5192	1	.mdx:1
WC3DotaHQTest/A/Abilities/Spells/Items/WandOfNeutralization	3	160628	3	.blp:1, .mdx:1, .wav:1
WC3DotaHQTest/A/Abilities/Spells/NightElf	61	11567205	0	.wav:39, .mdx:14, .blp:8
WC3DotaHQTest/A/Abilities/Spells/NightElf/Barkskin	2	120810	2	.mdx:1, .wav:1
WC3DotaHQTest/A/Abilities/Spells/NightElf/BattleRoar	5	1185666	5	.blp:3, .wav:1, .mdx:1
WC3DotaHQTest/A/Abilities/Spells/NightElf/Blink	6	545085	6	.mdx:3, .wav:2, .blp:1
WC3DotaHQTest/A/Abilities/Spells/NightElf/CorrosiveBreath	3	433171	3	.wav:2, .mdx:1
WC3DotaHQTest/A/Abilities/Spells/NightElf/Cyclone	3	1761924	3	.wav:3
WC3DotaHQTest/A/Abilities/Spells/NightElf/EatTree	1	797984	1	.wav:1
WC3DotaHQTest/A/Abilities/Spells/NightElf/EntangleMine	4	406232	4	.wav:4
WC3DotaHQTest/A/Abilities/Spells/NightElf/EntanglingRoots	2	612964	2	.wav:2
WC3DotaHQTest/A/Abilities/Spells/NightElf/FaerieDragonInvis	2	387436	2	.mdx:1, .wav:1
WC3DotaHQTest/A/Abilities/Spells/NightElf/FaerieFire	1	765142	1	.wav:1
WC3DotaHQTest/A/Abilities/Spells/NightElf/FanOfKnives	3	206156	3	.wav:3
WC3DotaHQTest/A/Abilities/Spells/NightElf/HippogryphTaming	1	57956	1	.wav:1
WC3DotaHQTest/A/Abilities/Spells/NightElf/Immolation	2	454652	2	.wav:2
WC3DotaHQTest/A/Abilities/Spells/NightElf/ManaBurn	1	59900	1	.wav:1
WC3DotaHQTest/A/Abilities/Spells/NightElf/MoonWell	1	4469	1	.mdx:1
WC3DotaHQTest/A/Abilities/Spells/NightElf/Rejuvenation	1	530226	1	.wav:1
WC3DotaHQTest/A/Abilities/Spells/NightElf/Renew	1	50880	1	.wav:1
WC3DotaHQTest/A/Abilities/Spells/NightElf/ReviveNightElf	1	1564878	1	.wav:1
WC3DotaHQTest/A/Abilities/Spells/NightElf/Root	1	93304	1	.wav:1
WC3DotaHQTest/A/Abilities/Spells/NightElf/ShadowMeld	1	41650	1	.wav:1
WC3DotaHQTest/A/Abilities/Spells/NightElf/Starfall	3	531236	3	.blp:1, .wav:1, .mdx:1
WC3DotaHQTest/A/Abilities/Spells/NightElf/TargetArtLumber	4	136035	4	.blp:2, .mdx:1, .wav:1
WC3DotaHQTest/A/Abilities/Spells/NightElf/Taunt	2	131968	2	.wav:1, .mdx:1
WC3DotaHQTest/A/Abilities/Spells/NightElf/Tranquility	4	410175	4	.wav:3, .mdx:1
WC3DotaHQTest/A/Abilities/Spells/NightElf/TrueshotAura	1	2690	1	.mdx:1
WC3DotaHQTest/A/Abilities/Spells/NightElf/Uproot	1	133242	1	.wav:1
WC3DotaHQTest/A/Abilities/Spells/NightElf/shadowstrike	4	141374	4	.wav:2, .blp:1, .mdx:1
WC3DotaHQTest/A/Abilities/Spells/Orc	59	11494814	0	.wav:25, .mdx:19, .blp:15
WC3DotaHQTest/A/Abilities/Spells/Orc/AncestralSpirit	1	539764	1	.wav:1
WC3DotaHQTest/A/Abilities/Spells/Orc/BattleStations	1	133420	1	.wav:1
WC3DotaHQTest/A/Abilities/Spells/Orc/Berserker	2	1011512	2	.wav:2
WC3DotaHQTest/A/Abilities/Spells/Orc/Bloodlust	1	114042	1	.wav:1
WC3DotaHQTest/A/Abilities/Spells/Orc/CommandAura	1	26784	1	.mdx:1
WC3DotaHQTest/A/Abilities/Spells/Orc/Disenchant	2	92429	2	.wav:1, .mdx:1
WC3DotaHQTest/A/Abilities/Spells/Orc/EarthQuake	6	2145417	6	.mdx:4, .wav:2
WC3DotaHQTest/A/Abilities/Spells/Orc/Ensnare	3	681207	3	.wav:2, .mdx:1
WC3DotaHQTest/A/Abilities/Spells/Orc/EtherealForm	3	114833	3	.blp:1, .mdx:1, .wav:1
WC3DotaHQTest/A/Abilities/Spells/Orc/FeralSpirit	5	845641	5	.blp:3, .wav:1, .mdx:1
WC3DotaHQTest/A/Abilities/Spells/Orc/HealingWave	1	98498	1	.wav:1
WC3DotaHQTest/A/Abilities/Spells/Orc/LightningBolt	2	290120	2	.wav:1, .mdx:1
WC3DotaHQTest/A/Abilities/Spells/Orc/LightningShield	4	1045780	4	.blp:2, .mdx:1, .wav:1
WC3DotaHQTest/A/Abilities/Spells/Orc/LiquidFire	3	286161	3	.blp:1, .mdx:1, .wav:1
WC3DotaHQTest/A/Abilities/Spells/Orc/MirrorImage	2	523728	2	.wav:2
WC3DotaHQTest/A/Abilities/Spells/Orc/Purge	5	294362	5	.blp:3, .mdx:1, .wav:1
WC3DotaHQTest/A/Abilities/Spells/Orc/Reincarnation	1	787368	1	.wav:1
WC3DotaHQTest/A/Abilities/Spells/Orc/ReviveOrc	1	77258	1	.wav:1
WC3DotaHQTest/A/Abilities/Spells/Orc/Shockwave	1	194402	1	.wav:1
WC3DotaHQTest/A/Abilities/Spells/Orc/SpikeBarrier	2	690881	2	.blp:1, .mdx:1
WC3DotaHQTest/A/Abilities/Spells/Orc/SpiritLink	7	483893	7	.blp:4, .mdx:2, .wav:1
WC3DotaHQTest/A/Abilities/Spells/Orc/TrollBerserk	2	18588	2	.mdx:2
WC3DotaHQTest/A/Abilities/Spells/Orc/Voodoo	1	421716	1	.wav:1
WC3DotaHQTest/A/Abilities/Spells/Orc/WarStomp	1	1990	1	.mdx:1
WC3DotaHQTest/A/Abilities/Spells/Orc/WindWalk	1	575020	1	.wav:1
WC3DotaHQTest/A/Abilities/Spells/Other	76	15918473	0	.wav:36, .mdx:20, .blp:20
WC3DotaHQTest/A/Abilities/Spells/Other/ANrl	4	367881	4	.blp:2, .mdx:1, .wav:1
WC3DotaHQTest/A/Abilities/Spells/Other/ANsa	1	674398	1	.wav:1
WC3DotaHQTest/A/Abilities/Spells/Other/Andt	1	968380	1	.wav:1
WC3DotaHQTest/A/Abilities/Spells/Other/Aneu	1	291468	1	.wav:1
WC3DotaHQTest/A/Abilities/Spells/Other/BlackArrow	2	85591	2	.mdx:1, .wav:1
WC3DotaHQTest/A/Abilities/Spells/Other/BreathOfFire	3	441512	3	.mdx:2, .wav:1
WC3DotaHQTest/A/Abilities/Spells/Other/BreathOfFrost	1	244972	1	.wav:1
WC3DotaHQTest/A/Abilities/Spells/Other/Cleave	2	31415	2	.mdx:1, .blp:1
WC3DotaHQTest/A/Abilities/Spells/Other/CreepSleep	1	130450	1	.wav:1
WC3DotaHQTest/A/Abilities/Spells/Other/CrushingWave	2	875992	2	.wav:2
WC3DotaHQTest/A/Abilities/Spells/Other/Doom	6	1742011	6	.blp:3, .mdx:2, .wav:1
WC3DotaHQTest/A/Abilities/Spells/Other/Drain	5	1909183	5	.wav:3, .mdx:1, .blp:1
WC3DotaHQTest/A/Abilities/Spells/Other/ForkedLightning	1	3408	1	.mdx:1
WC3DotaHQTest/A/Abilities/Spells/Other/FrostArrows	3	459778	3	.wav:2, .mdx:1
WC3DotaHQTest/A/Abilities/Spells/Other/FrostBolt	2	270550	2	.wav:2
WC3DotaHQTest/A/Abilities/Spells/Other/HowlOfTerror	2	806965	2	.wav:1, .mdx:1
WC3DotaHQTest/A/Abilities/Spells/Other/Incinerate	1	14091	1	.mdx:1
WC3DotaHQTest/A/Abilities/Spells/Other/Levelup	4	357455	4	.blp:2, .mdx:1, .wav:1
WC3DotaHQTest/A/Abilities/Spells/Other/LoadUnload	1	32786	1	.wav:1
WC3DotaHQTest/A/Abilities/Spells/Other/Monsoon	3	1671350	3	.wav:2, .mdx:1
WC3DotaHQTest/A/Abilities/Spells/Other/Parasite	1	147432	1	.wav:1
WC3DotaHQTest/A/Abilities/Spells/Other/Repair	3	639536	3	.wav:3
WC3DotaHQTest/A/Abilities/Spells/Other/Silence	6	306251	6	.blp:3, .mdx:2, .wav:1
WC3DotaHQTest/A/Abilities/Spells/Other/SoulBurn	1	2493	1	.blp:1
WC3DotaHQTest/A/Abilities/Spells/Other/Stampede	4	282741	4	.wav:3, .mdx:1
WC3DotaHQTest/A/Abilities/Spells/Other/StormEarthFire	1	565846	1	.wav:1
WC3DotaHQTest/A/Abilities/Spells/Other/StrongDrink	2	1021048	2	.wav:2
WC3DotaHQTest/A/Abilities/Spells/Other/Submerge	1	383328	1	.wav:1
WC3DotaHQTest/A/Abilities/Spells/Other/TinkerRocket	2	42672	2	.mdx:1, .blp:1
WC3DotaHQTest/A/Abilities/Spells/Other/Tornado	4	1108661	4	.blp:2, .mdx:1, .wav:1
WC3DotaHQTest/A/Abilities/Spells/Other/Transmute	3	27292	3	.blp:3
WC3DotaHQTest/A/Abilities/Spells/Other/Volcano	2	11537	2	.blp:1, .mdx:1
WC3DotaHQTest/A/Abilities/Spells/Undead	87	13531468	0	.wav:39, .mdx:27, .blp:19, .mdl:2
WC3DotaHQTest/A/Abilities/Spells/Undead/AbsorbMana	1	44024	1	.wav:1
WC3DotaHQTest/A/Abilities/Spells/Undead/AnimateDead	5	124842	5	.blp:3, .mdx:2
WC3DotaHQTest/A/Abilities/Spells/Undead/AntiMagicShell	1	57432	1	.wav:1
WC3DotaHQTest/A/Abilities/Spells/Undead/Burrow	1	86136	1	.wav:1
WC3DotaHQTest/A/Abilities/Spells/Undead/CarrionSwarm	6	1060913	6	.wav:4, .mdx:1, .blp:1
WC3DotaHQTest/A/Abilities/Spells/Undead/Cripple	4	1445297	4	.blp:2, .mdx:1, .wav:1
WC3DotaHQTest/A/Abilities/Spells/Undead/Curse	1	45660	1	.wav:1
WC3DotaHQTest/A/Abilities/Spells/Undead/DarkRitual	2	146028	2	.mdx:1, .wav:1
WC3DotaHQTest/A/Abilities/Spells/Undead/DarkSummoning	3	269376	3	.wav:2, .mdx:1
WC3DotaHQTest/A/Abilities/Spells/Undead/DeathCoil	3	502337	3	.wav:2, .mdx:1
WC3DotaHQTest/A/Abilities/Spells/Undead/DeathPact	1	16351	1	.mdx:1
WC3DotaHQTest/A/Abilities/Spells/Undead/DeathandDecay	4	341556	4	.wav:4
WC3DotaHQTest/A/Abilities/Spells/Undead/DevourMagic	1	54136	1	.wav:1
WC3DotaHQTest/A/Abilities/Spells/Undead/FreezingBreath	2	241574	2	.wav:1, .mdx:1
WC3DotaHQTest/A/Abilities/Spells/Undead/FrostArmor	2	130946	2	.mdx:1, .wav:1
WC3DotaHQTest/A/Abilities/Spells/Undead/FrostNova	2	204346	2	.mdx:1, .wav:1
WC3DotaHQTest/A/Abilities/Spells/Undead/Graveyard	2	109666	2	.wav:2
WC3DotaHQTest/A/Abilities/Spells/Undead/Impale	8	790141	8	.wav:3, .mdl:2, .mdx:2, .blp:1
WC3DotaHQTest/A/Abilities/Spells/Undead/LocustSwarm	1	83706	1	.wav:1
WC3DotaHQTest/A/Abilities/Spells/Undead/OrbOfDeath	5	2152767	5	.blp:4, .mdx:1
WC3DotaHQTest/A/Abilities/Spells/Undead/PlagueCloud	1	2417	1	.mdx:1
WC3DotaHQTest/A/Abilities/Spells/Undead/Possession	4	341892	4	.mdx:4
WC3DotaHQTest/A/Abilities/Spells/Undead/RaiseSkeletonWarrior	1	545498	1	.wav:1
WC3DotaHQTest/A/Abilities/Spells/Undead/RegenerationAura	4	82494	4	.blp:3, .mdx:1
WC3DotaHQTest/A/Abilities/Spells/Undead/ReplenishMana	5	140371	5	.blp:3, .mdx:1, .wav:1
WC3DotaHQTest/A/Abilities/Spells/Undead/Restore	1	56386	1	.wav:1
WC3DotaHQTest/A/Abilities/Spells/Undead/ReviveUndead	1	1564878	1	.wav:1
WC3DotaHQTest/A/Abilities/Spells/Undead/Sleep	3	1443746	3	.mdx:2, .wav:1
WC3DotaHQTest/A/Abilities/Spells/Undead/UndeadMine	2	270452	2	.wav:2
WC3DotaHQTest/A/Abilities/Spells/Undead/UnholyFrenzy	2	135686	2	.wav:1, .mdx:1
WC3DotaHQTest/A/Abilities/Spells/Undead/Unsummon	1	54850	1	.wav:1
WC3DotaHQTest/A/Abilities/Spells/Undead/VampiricAura	3	69578	3	.mdx:2, .blp:1
WC3DotaHQTest/A/Abilities/Spells/Undead/Web	4	915986	4	.wav:2, .blp:1, .mdx:1
WC3DotaHQTest/A/Abilities/Weapons	187	21970252	0	.wav:94, .mdx:57, .blp:36
WC3DotaHQTest/A/Abilities/Weapons/AncestralGuardianMissile	2	309214	2	.wav:2
WC3DotaHQTest/A/Abilities/Weapons/AncientProtectorMissile	6	929230	6	.wav:6
WC3DotaHQTest/A/Abilities/Weapons/Arrow	3	83210	3	.wav:2, .mdx:1
WC3DotaHQTest/A/Abilities/Weapons/AvengerMissile	3	95495	3	.mdx:1, .wav:1, .blp:1
WC3DotaHQTest/A/Abilities/Weapons/Axe	1	12199	1	.mdx:1
WC3DotaHQTest/A/Abilities/Weapons/BallistaMissile	2	163985	2	.mdx:1, .blp:1
WC3DotaHQTest/A/Abilities/Weapons/BansheeMissile	1	34730	1	.mdx:1
WC3DotaHQTest/A/Abilities/Weapons/BatTrollMissile	4	218350	4	.wav:3, .mdx:1
WC3DotaHQTest/A/Abilities/Weapons/BloodElfMissile	5	291762	5	.blp:3, .mdx:1, .wav:1
WC3DotaHQTest/A/Abilities/Weapons/BloodElfSpellThiefMISSILE	2	33723	2	.mdx:2
WC3DotaHQTest/A/Abilities/Weapons/BoatMissile	4	312518	4	.wav:2, .mdx:1, .blp:1
WC3DotaHQTest/A/Abilities/Weapons/CannonTowerMissile	7	2439621	7	.wav:6, .mdx:1
WC3DotaHQTest/A/Abilities/Weapons/ChimaeraAcidMissile	7	525370	7	.wav:6, .mdx:1
WC3DotaHQTest/A/Abilities/Weapons/ColdArrow	3	868836	3	.wav:3
WC3DotaHQTest/A/Abilities/Weapons/CryptFiendMissile	4	284322	4	.wav:3, .mdx:1
WC3DotaHQTest/A/Abilities/Weapons/DemolisherFireMissile	1	396	1	.mdx:1
WC3DotaHQTest/A/Abilities/Weapons/DemonHunterMissile	1	6910	1	.mdx:1
WC3DotaHQTest/A/Abilities/Weapons/DragonHawkMissile	1	2282	1	.mdx:1
WC3DotaHQTest/A/Abilities/Weapons/DruidoftheTalonMissile	6	157485	6	.wav:5, .mdx:1
WC3DotaHQTest/A/Abilities/Weapons/Dryadmissile	1	16729	1	.mdx:1
WC3DotaHQTest/A/Abilities/Weapons/FaerieDragonMissile	2	72844	2	.wav:1, .mdx:1
WC3DotaHQTest/A/Abilities/Weapons/FarseerMissile	1	47410	1	.wav:1
WC3DotaHQTest/A/Abilities/Weapons/FireBallMissile	3	237983	3	.wav:2, .mdx:1
WC3DotaHQTest/A/Abilities/Weapons/FlamingArrow	6	659758	6	.wav:3, .blp:2, .mdx:1
WC3DotaHQTest/A/Abilities/Weapons/FlyingMachine	1	22188	1	.mdx:1
WC3DotaHQTest/A/Abilities/Weapons/GargoyleMissile	6	573634	6	.wav:6
WC3DotaHQTest/A/Abilities/Weapons/GlaiveMissile	1	23845	1	.mdx:1
WC3DotaHQTest/A/Abilities/Weapons/GryphonRiderMissile	4	696993	4	.wav:3, .mdx:1
WC3DotaHQTest/A/Abilities/Weapons/IllidanMissile	1	6155	1	.mdx:1
WC3DotaHQTest/A/Abilities/Weapons/KeeperGroveMissile	1	8610	1	.mdx:1
WC3DotaHQTest/A/Abilities/Weapons/LavaSpawnMissile	5	2114128	5	.blp:4, .mdx:1
WC3DotaHQTest/A/Abilities/Weapons/LichMissile	1	8310	1	.mdx:1
WC3DotaHQTest/A/Abilities/Weapons/LordofFlameMissile	1	18033	1	.mdx:1
WC3DotaHQTest/A/Abilities/Weapons/Mortar	2	297721	2	.wav:1, .mdx:1
WC3DotaHQTest/A/Abilities/Weapons/NagaArrowMissile	1	16570	1	.mdx:1
WC3DotaHQTest/A/Abilities/Weapons/NecromancerMissile	6	150459	6	.wav:5, .mdx:1
WC3DotaHQTest/A/Abilities/Weapons/PhoenixMissile	3	437167	3	.wav:1, .mdx:1, .blp:1
WC3DotaHQTest/A/Abilities/Weapons/PriestMissile	2	702603	2	.mdx:1, .blp:1
WC3DotaHQTest/A/Abilities/Weapons/RangerMissile	3	112268	3	.wav:3
WC3DotaHQTest/A/Abilities/Weapons/RedDragonBreath	1	3408	1	.mdx:1
WC3DotaHQTest/A/Abilities/Weapons/RexxarMissile	6	496016	6	.blp:4, .mdx:2
WC3DotaHQTest/A/Abilities/Weapons/Rifle	1	4026	1	.mdx:1
WC3DotaHQTest/A/Abilities/Weapons/RocketMissile	1	26749	1	.mdx:1
WC3DotaHQTest/A/Abilities/Weapons/RubickMissile	1	48936	1	.mdx:1
WC3DotaHQTest/A/Abilities/Weapons/SeaElementalMissile	1	3501	1	.mdx:1
WC3DotaHQTest/A/Abilities/Weapons/SearingArrow	7	874933	7	.wav:6, .mdx:1
WC3DotaHQTest/A/Abilities/Weapons/SentinelMissile	2	110798	2	.wav:1, .mdx:1
WC3DotaHQTest/A/Abilities/Weapons/SerpentWardMissile	1	8628	1	.mdx:1
WC3DotaHQTest/A/Abilities/Weapons/ShadowHunterMissile	3	119774	3	.wav:2, .mdx:1
WC3DotaHQTest/A/Abilities/Weapons/SkeletalMageMissile	1	5816	1	.mdx:1
WC3DotaHQTest/A/Abilities/Weapons/SpiritOfVengeanceMissile	5	2136933	5	.blp:4, .mdx:1
WC3DotaHQTest/A/Abilities/Weapons/SteamTank	1	22234	1	.mdx:1
WC3DotaHQTest/A/Abilities/Weapons/VengeanceMissile	1	7798	1	.mdx:1
WC3DotaHQTest/A/Abilities/Weapons/WardenMissile	10	263030	10	.blp:8, .mdx:2
WC3DotaHQTest/A/Abilities/Weapons/WaterElementalMissile	3	690018	3	.wav:3
WC3DotaHQTest/A/Abilities/Weapons/WingedSerpentMissile	1	4735	1	.mdx:1
WC3DotaHQTest/A/Abilities/Weapons/WitchDoctorMissile	5	168837	5	.wav:4, .mdx:1
WC3DotaHQTest/A/Abilities/Weapons/WyvernSpear	5	506177	5	.blp:2, .wav:2, .mdx:1
WC3DotaHQTest/A/Abilities/Weapons/ZigguratFrostMissile	5	2286095	5	.blp:4, .mdx:1
WC3DotaHQTest/A/Abilities/Weapons/ZigguratMissile	7	907634	7	.wav:6, .mdx:1
WC3DotaHQTest/A/Abilities/Weapons/huntermissile	4	228274	4	.wav:3, .mdx:1
WC3DotaHQTest/A/Abilities/Weapons/snapMissile	1	52856	1	.wav:1
WC3DotaHQTest/A/BG	1	56879	1	.blp:1
WC3DotaHQTest/A/Buildings	158	36868448	0	.mdx:66, .blp:62, .wav:30
WC3DotaHQTest/A/Buildings/Custom	13	2427489	0	.blp:10, .mdx:3
WC3DotaHQTest/A/Buildings/Custom/BadAncient	1	357539	1	.mdx:1
WC3DotaHQTest/A/Buildings/Custom/BadTower	4	1037650	4	.blp:3, .mdx:1
WC3DotaHQTest/A/Buildings/Custom/GoodAncient	8	1032300	8	.blp:7, .mdx:1
WC3DotaHQTest/A/Buildings/Naga	6	947604	0	.wav:6
WC3DotaHQTest/A/Buildings/Naga/AltarOfDepths	1	160902	1	.wav:1
WC3DotaHQTest/A/Buildings/Naga/CoralBed	1	155810	1	.wav:1
WC3DotaHQTest/A/Buildings/Naga/ShrineOfAshjara	1	155270	1	.wav:1
WC3DotaHQTest/A/Buildings/Naga/SpawningGrounds	1	155810	1	.wav:1
WC3DotaHQTest/A/Buildings/Naga/TempleofTides	1	153762	1	.wav:1
WC3DotaHQTest/A/Buildings/Naga/TidalGuardian	1	166050	1	.wav:1
WC3DotaHQTest/A/Buildings/Other	55	13192169	0	.blp:26, .mdx:23, .wav:6
WC3DotaHQTest/A/Buildings/Other/AmmoDump	3	1133446	3	.mdx:2, .blp:1
WC3DotaHQTest/A/Buildings/Other/ArcaneObservatory	1	135288	1	.wav:1
WC3DotaHQTest/A/Buildings/Other/BarrelsUnit0	1	8215	1	.mdx:1
WC3DotaHQTest/A/Buildings/Other/BookOfSummoning	1	91915	1	.mdx:1
WC3DotaHQTest/A/Buildings/Other/ChieftainHut	1	133242	1	.wav:1
WC3DotaHQTest/A/Buildings/Other/DraneiHut0	1	137336	1	.wav:1
WC3DotaHQTest/A/Buildings/Other/FountainOfLife	15	2719004	15	.blp:8, .mdx:7
WC3DotaHQTest/A/Buildings/Other/FountainOfLifeDefiled	12	2365645	12	.blp:9, .mdx:3
WC3DotaHQTest/A/Buildings/Other/FountainOfLife_	1	544416	1	.mdx:1
WC3DotaHQTest/A/Buildings/Other/GoblinShipyard	1	180266	1	.wav:1
WC3DotaHQTest/A/Buildings/Other/MageTower	4	1855556	4	.mdx:3, .blp:1
WC3DotaHQTest/A/Buildings/Other/MarketPlace	1	112760	1	.wav:1
WC3DotaHQTest/A/Buildings/Other/Merchant	6	3216414	6	.blp:4, .mdx:2
WC3DotaHQTest/A/Buildings/Other/PowerGenerator	4	257301	4	.blp:2, .mdx:2
WC3DotaHQTest/A/Buildings/Other/Tavern	3	301365	3	.wav:1, .blp:1, .mdx:1
WC3DotaHQTest/A/Buildings/Undead	23	6388694	0	.mdx:15, .blp:6, .wav:2
WC3DotaHQTest/A/Buildings/Undead/Boneyard	3	1185024	3	.mdx:2, .blp:1
WC3DotaHQTest/A/Buildings/Undead/Crypt	3	932484	3	.mdx:2, .blp:1
WC3DotaHQTest/A/Buildings/Undead/Graveyard	2	137176	2	.blp:1, .mdx:1
WC3DotaHQTest/A/Buildings/Undead/Necropolis	1	95253	1	.mdx:1
WC3DotaHQTest/A/Buildings/Undead/SacrificialPit	2	1138494	2	.mdx:2
WC3DotaHQTest/A/Buildings/Undead/Slaughterhouse	1	57364	1	.mdx:1
WC3DotaHQTest/A/Buildings/Undead/TempleOfTheDamned	4	962333	4	.blp:2, .mdx:2
WC3DotaHQTest/A/Buildings/Undead/TombOfRelics	3	508728	3	.mdx:2, .wav:1
WC3DotaHQTest/A/Buildings/Undead/Ziggurat	4	1371838	4	.mdx:2, .wav:1, .blp:1
WC3DotaHQTest/A/Buildings/human	10	1625576	0	.blp:4, .mdx:4, .wav:2
WC3DotaHQTest/A/Buildings/human/ArcaneVault	3	319366	3	.blp:1, .mdx:1, .wav:1
WC3DotaHQTest/A/Buildings/human/GryphonAviary	2	199129	2	.blp:1, .mdx:1
WC3DotaHQTest/A/Buildings/human/HumanTower	3	388672	3	.wav:1, .blp:1, .mdx:1
WC3DotaHQTest/A/Buildings/human/TownHall	2	718409	2	.mdx:1, .blp:1
WC3DotaHQTest/A/Buildings/nightelf	40	11413343	0	.mdx:17, .wav:12, .blp:11
WC3DotaHQTest/A/Buildings/nightelf/AltarOfElders	2	128846	2	.blp:1, .mdx:1
WC3DotaHQTest/A/Buildings/nightelf/AncientOfLore	3	710182	3	.mdx:2, .blp:1
WC3DotaHQTest/A/Buildings/nightelf/AncientOfWar	3	666551	3	.mdx:2, .blp:1
WC3DotaHQTest/A/Buildings/nightelf/AncientOfWind	2	166176	2	.mdx:2
WC3DotaHQTest/A/Buildings/nightelf/AncientOfWonder	11	2488238	11	.wav:9, .mdx:2
WC3DotaHQTest/A/Buildings/nightelf/AncientProtector	11	5837846	11	.mdx:4, .blp:4, .wav:3
WC3DotaHQTest/A/Buildings/nightelf/HuntersHall	3	542610	3	.mdx:2, .blp:1
WC3DotaHQTest/A/Buildings/nightelf/MoonWell	3	321595	3	.blp:2, .mdx:1
WC3DotaHQTest/A/Buildings/nightelf/TreeofLife	2	551299	2	.blp:1, .mdx:1
WC3DotaHQTest/A/Buildings/orc	11	873573	0	.blp:5, .mdx:4, .wav:2
WC3DotaHQTest/A/Buildings/orc/AltarofStorms	2	198046	2	.blp:1, .mdx:1
WC3DotaHQTest/A/Buildings/orc/SpiritLodge	2	152374	2	.blp:1, .mdx:1
WC3DotaHQTest/A/Buildings/orc/TrollBurrow	2	207526	2	.wav:1, .mdx:1
WC3DotaHQTest/A/Buildings/orc/VoodooLounge	5	315627	5	.blp:3, .mdx:1, .wav:1
WC3DotaHQTest/A/Doodads	297	55302424	4	.mdx:175, .blp:121, .wav:1
WC3DotaHQTest/A/Doodads/Ashenvale	54	18282792	0	.mdx:33, .blp:21
WC3DotaHQTest/A/Doodads/Ashenvale/Plants	8	703440	0	.mdx:7, .blp:1
WC3DotaHQTest/A/Doodads/Ashenvale/Plants/AshenCanopyTree	3	508254	3	.mdx:3
WC3DotaHQTest/A/Doodads/Ashenvale/Plants/AshenShrooms	5	195186	5	.mdx:4, .blp:1
WC3DotaHQTest/A/Doodads/Ashenvale/Props	25	5553554	0	.blp:13, .mdx:12
WC3DotaHQTest/A/Doodads/Ashenvale/Props/AshenHollowStump	1	51409	1	.mdx:1
WC3DotaHQTest/A/Doodads/Ashenvale/Props/AshenObilisk	2	662504	2	.mdx:1, .blp:1
WC3DotaHQTest/A/Doodads/Ashenvale/Props/Brazier	7	1278807	7	.blp:6, .mdx:1
WC3DotaHQTest/A/Doodads/Ashenvale/Props/KeeperStatue	1	742537	1	.mdx:1
WC3DotaHQTest/A/Doodads/Ashenvale/Props/Obelisk	2	882789	2	.blp:1, .mdx:1
WC3DotaHQTest/A/Doodads/Ashenvale/Props/ScorchedRemains	3	391317	3	.mdx:3
WC3DotaHQTest/A/Doodads/Ashenvale/Props/SentinelStatue	1	351335	1	.mdx:1
WC3DotaHQTest/A/Doodads/Ashenvale/Props/Totem	8	1192856	8	.blp:5, .mdx:3
WC3DotaHQTest/A/Doodads/Ashenvale/Rocks	16	10591651	0	.mdx:11, .blp:5
WC3DotaHQTest/A/Doodads/Ashenvale/Rocks/AshenRock	16	10591651	16	.mdx:11, .blp:5
WC3DotaHQTest/A/Doodads/Ashenvale/Structures	5	1434147	0	.mdx:3, .blp:2
WC3DotaHQTest/A/Doodads/Ashenvale/Structures/AshenBrokenColumn	4	1386230	4	.mdx:2, .blp:2
WC3DotaHQTest/A/Doodads/Ashenvale/Structures/AshenRuinsBlocks	1	47917	1	.mdx:1
WC3DotaHQTest/A/Doodads/Barrens	3	189184	0	.mdx:2, .blp:1
WC3DotaHQTest/A/Doodads/Barrens/Rocks	3	189184	0	.mdx:2, .blp:1
WC3DotaHQTest/A/Doodads/Barrens/Rocks/BarrensFissure	3	189184	3	.mdx:2, .blp:1
WC3DotaHQTest/A/Doodads/BlackCitadel	11	792404	0	.blp:9, .mdx:2
WC3DotaHQTest/A/Doodads/BlackCitadel/Props	11	792404	0	.blp:9, .mdx:2
WC3DotaHQTest/A/Doodads/BlackCitadel/Props/RuneArt	11	792404	11	.blp:9, .mdx:2
WC3DotaHQTest/A/Doodads/Cinematic	18	4444884	0	.blp:12, .mdx:6
WC3DotaHQTest/A/Doodads/Cinematic/EyeOfSargeras	7	121342	7	.blp:6, .mdx:1
WC3DotaHQTest/A/Doodads/Cinematic/GlowingRunes	5	59416	5	.mdx:3, .blp:2
WC3DotaHQTest/A/Doodads/Cinematic/LichKing	5	4251827	5	.blp:4, .mdx:1
WC3DotaHQTest/A/Doodads/Cinematic/RessurectionStoneSW	1	12299	1	.mdx:1
WC3DotaHQTest/A/Doodads/Felwood	26	1707289	0	.mdx:21, .blp:5
WC3DotaHQTest/A/Doodads/Felwood/Plants	8	235033	0	.mdx:6, .blp:2
WC3DotaHQTest/A/Doodads/Felwood/Plants/FelwoodCatTail	3	28493	3	.blp:2, .mdx:1
WC3DotaHQTest/A/Doodads/Felwood/Plants/FelwoodLillyPad	1	38284	1	.mdx:1
WC3DotaHQTest/A/Doodads/Felwood/Plants/FelwoodShrooms	4	168256	4	.mdx:4
WC3DotaHQTest/A/Doodads/Felwood/Props	2	462863	0	.mdx:2
WC3DotaHQTest/A/Doodads/Felwood/Props/FelwoodHollowStump	1	51409	1	.mdx:1
WC3DotaHQTest/A/Doodads/Felwood/Props/FelwoodObilisk	1	411454	1	.mdx:1
WC3DotaHQTest/A/Doodads/Felwood/Rocks	13	706618	0	.mdx:10, .blp:3
WC3DotaHQTest/A/Doodads/Felwood/Rocks/FelwoodRock	13	706618	13	.mdx:10, .blp:3
WC3DotaHQTest/A/Doodads/Felwood/Structures	3	302775	0	.mdx:3
WC3DotaHQTest/A/Doodads/Felwood/Structures/FelwoodBrokenColumn	2	254858	2	.mdx:2
WC3DotaHQTest/A/Doodads/Felwood/Structures/FelwoodRuinsBlocks	1	47917	1	.mdx:1
WC3DotaHQTest/A/Doodads/Icecrown	3	262178	0	.blp:2, .mdx:1
WC3DotaHQTest/A/Doodads/Icecrown/Props	2	219410	0	.mdx:1, .blp:1
WC3DotaHQTest/A/Doodads/Icecrown/Props/IceTorch	2	219410	2	.mdx:1, .blp:1
WC3DotaHQTest/A/Doodads/Icecrown/Rocks	1	42768	0	.blp:1
WC3DotaHQTest/A/Doodads/Icecrown/Rocks/Icecrown_Crystal	1	42768	1	.blp:1
WC3DotaHQTest/A/Doodads/LordaeronSummer	33	7024787	0	.mdx:22, .blp:11
WC3DotaHQTest/A/Doodads/LordaeronSummer/Props	33	7024787	0	.mdx:22, .blp:11
WC3DotaHQTest/A/Doodads/LordaeronSummer/Props/Brazier	1	55904	1	.mdx:1
WC3DotaHQTest/A/Doodads/LordaeronSummer/Props/CauldronWithHeads	6	1777564	6	.blp:5, .mdx:1
WC3DotaHQTest/A/Doodads/LordaeronSummer/Props/HeadOnSpear	4	385268	4	.mdx:3, .blp:1
WC3DotaHQTest/A/Doodads/LordaeronSummer/Props/ImpaledBody	2	111862	2	.mdx:2
WC3DotaHQTest/A/Doodads/LordaeronSummer/Props/LanternPost	4	498519	4	.blp:3, .mdx:1
WC3DotaHQTest/A/Doodads/LordaeronSummer/Props/PeasantGrave	4	273252	4	.mdx:3, .blp:1
WC3DotaHQTest/A/Doodads/LordaeronSummer/Props/SittingCorpse	1	271553	1	.mdx:1
WC3DotaHQTest/A/Doodads/LordaeronSummer/Props/SkullPile	4	1093744	4	.mdx:3, .blp:1
WC3DotaHQTest/A/Doodads/LordaeronSummer/Props/SkullonStick	4	2314011	4	.mdx:4
WC3DotaHQTest/A/Doodads/LordaeronSummer/Props/TorchHuman	1	93617	1	.mdx:1
WC3DotaHQTest/A/Doodads/LordaeronSummer/Props/TorchHumanOmni	1	93617	1	.mdx:1
WC3DotaHQTest/A/Doodads/LordaeronSummer/Props/brazierOmni	1	55876	1	.mdx:1
WC3DotaHQTest/A/Doodads/Northrend	52	13451589	0	.blp:39, .mdx:12, .wav:1
WC3DotaHQTest/A/Doodads/Northrend/Props	15	2789763	0	.mdx:8, .blp:7
WC3DotaHQTest/A/Doodads/Northrend/Props/FirePit	1	1628	1	.mdx:1
WC3DotaHQTest/A/Doodads/Northrend/Props/FirePitPig	7	2108290	7	.blp:6, .mdx:1
WC3DotaHQTest/A/Doodads/Northrend/Props/NorthrendBrokenColumn	2	254858	2	.mdx:2
WC3DotaHQTest/A/Doodads/Northrend/Props/NorthrendFenceAngled	1	18964	1	.mdx:1
WC3DotaHQTest/A/Doodads/Northrend/Props/NorthrendFenceStraight	2	99367	2	.mdx:1, .blp:1
WC3DotaHQTest/A/Doodads/Northrend/Props/NorthrendObilisk	1	241072	1	.mdx:1
WC3DotaHQTest/A/Doodads/Northrend/Props/NorthrendTombStone	1	65584	1	.mdx:1
WC3DotaHQTest/A/Doodads/Northrend/Rocks	5	561132	0	.blp:4, .mdx:1
WC3DotaHQTest/A/Doodads/Northrend/Rocks/NorthrendFissure	5	561132	5	.blp:4, .mdx:1
WC3DotaHQTest/A/Doodads/Northrend/Structures	12	2377546	0	.blp:11, .mdx:1
WC3DotaHQTest/A/Doodads/Northrend/Structures/NorthrendCrypt	12	2377546	12	.blp:11, .mdx:1
WC3DotaHQTest/A/Doodads/Northrend/Water	20	7723148	0	.blp:17, .mdx:2, .wav:1
WC3DotaHQTest/A/Doodads/Northrend/Water/Battleship	1	383328	1	.wav:1
WC3DotaHQTest/A/Doodads/Northrend/Water/BattleshipDestroyed	6	1859096	6	.blp:5, .mdx:1
WC3DotaHQTest/A/Doodads/Northrend/Water/RowboatDestroyed	13	5480724	13	.blp:12, .mdx:1
WC3DotaHQTest/A/Doodads/Outland	9	2864624	0	.blp:7, .mdx:2
WC3DotaHQTest/A/Doodads/Outland/Props	9	2864624	0	.blp:7, .mdx:2
WC3DotaHQTest/A/Doodads/Outland/Props/Altar	2	347908	2	.mdx:1, .blp:1
WC3DotaHQTest/A/Doodads/Outland/Props/Obstacle	7	2516716	7	.blp:6, .mdx:1
WC3DotaHQTest/A/Doodads/Ruins	27	376725	0	.mdx:22, .blp:5
WC3DotaHQTest/A/Doodads/Ruins/Plants	27	376725	0	.mdx:22, .blp:5
WC3DotaHQTest/A/Doodads/Ruins/Plants/Ruins_Flower	10	293663	10	.mdx:5, .blp:5
WC3DotaHQTest/A/Doodads/Ruins/Plants/Ruins_Lilypad	8	14880	8	.mdx:8
WC3DotaHQTest/A/Doodads/Ruins/Plants/Ruins_Rush	2	41708	2	.mdx:2
WC3DotaHQTest/A/Doodads/Ruins/Plants/Ruins_Shrub	3	13434	3	.mdx:3
WC3DotaHQTest/A/Doodads/Ruins/Plants/VinyPlant	4	13040	4	.mdx:4
WC3DotaHQTest/A/Doodads/Terrain	52	5125988	0	.mdx:49, .blp:3
WC3DotaHQTest/A/Doodads/Terrain/AshenTree	16	1594992	16	.mdx:15, .blp:1
WC3DotaHQTest/A/Doodads/Terrain/LOSBlocker	1	3047	1	.mdx:1
WC3DotaHQTest/A/Doodads/Terrain/LordaeronTree	3	245248	3	.mdx:3
WC3DotaHQTest/A/Doodads/Terrain/NorthrendTree	32	3282701	32	.mdx:30, .blp:2
WC3DotaHQTest/A/Doodads/Underground	2	68994	0	.mdx:1, .blp:1
WC3DotaHQTest/A/Doodads/Underground/Plants	2	68994	0	.mdx:1, .blp:1
WC3DotaHQTest/A/Doodads/Underground/Plants/ShroomsBlue	2	68994	2	.mdx:1, .blp:1
WC3DotaHQTest/A/Doodads/Village	3	228100	0	.mdx:2, .blp:1
WC3DotaHQTest/A/Doodads/Village/Props	3	228100	0	.mdx:2, .blp:1
WC3DotaHQTest/A/Doodads/Village/Props/Village_Fencelong	2	213949	2	.mdx:1, .blp:1
WC3DotaHQTest/A/Doodads/Village/Props/Village_Fenceshort	1	14151	1	.mdx:1
WC3DotaHQTest/A/Dota2	5428	133637047	0	.mp3:5391, .wav:37
WC3DotaHQTest/A/Dota2/Sound	5428	133637047	0	.mp3:5391, .wav:37
WC3DotaHQTest/A/Dota2/Sound/Abilities	612	37080177	0	.mp3:586, .wav:26
WC3DotaHQTest/A/Dota2/Sound/Abilities/Akasha	4	292136	4	.mp3:4
WC3DotaHQTest/A/Dota2/Sound/Abilities/Alchemist	10	578973	10	.mp3:10
WC3DotaHQTest/A/Dota2/Sound/Abilities/Ancient	4	200673	4	.mp3:4
WC3DotaHQTest/A/Dota2/Sound/Abilities/Axe	3	162337	3	.mp3:3
WC3DotaHQTest/A/Dota2/Sound/Abilities/Balanar	3	143120	3	.mp3:3
WC3DotaHQTest/A/Dota2/Sound/Abilities/Bane	4	456968	4	.mp3:4
WC3DotaHQTest/A/Dota2/Sound/Abilities/Bara	1	68706	1	.mp3:1
WC3DotaHQTest/A/Dota2/Sound/Abilities/Batrider	4	207681	4	.mp3:4
WC3DotaHQTest/A/Dota2/Sound/Abilities/Beastmaster	16	940091	16	.mp3:16
WC3DotaHQTest/A/Dota2/Sound/Abilities/Bloodseeker	3	217686	3	.mp3:3
WC3DotaHQTest/A/Dota2/Sound/Abilities/Brewmaster	28	2249116	28	.mp3:28
WC3DotaHQTest/A/Dota2/Sound/Abilities/Broodmother	3	229361	3	.mp3:3
WC3DotaHQTest/A/Dota2/Sound/Abilities/Chen	4	271675	4	.mp3:4
WC3DotaHQTest/A/Dota2/Sound/Abilities/Clinkz	3	274020	3	.mp3:3
WC3DotaHQTest/A/Dota2/Sound/Abilities/Clock	4	401090	4	.mp3:4
WC3DotaHQTest/A/Dota2/Sound/Abilities/Crixalis	4	289709	4	.mp3:4
WC3DotaHQTest/A/Dota2/Sound/Abilities/DarkSeer	4	502313	4	.mp3:4
WC3DotaHQTest/A/Dota2/Sound/Abilities/Davion	3	177741	3	.mp3:3
WC3DotaHQTest/A/Dota2/Sound/Abilities/Dazzle	4	297829	4	.mp3:4
WC3DotaHQTest/A/Dota2/Sound/Abilities/Doctor	4	312947	4	.mp3:4
WC3DotaHQTest/A/Dota2/Sound/Abilities/Doom	4	418936	4	.mp3:4
WC3DotaHQTest/A/Dota2/Sound/Abilities/Drow	1	61520	1	.mp3:1
WC3DotaHQTest/A/Dota2/Sound/Abilities/Earthshaker	20	1074810	20	.mp3:20
WC3DotaHQTest/A/Dota2/Sound/Abilities/Enchantress	3	361270	3	.mp3:3
WC3DotaHQTest/A/Dota2/Sound/Abilities/Enigma	1	122455	1	.mp3:1
WC3DotaHQTest/A/Dota2/Sound/Abilities/Eredar	5	302551	5	.mp3:5
WC3DotaHQTest/A/Dota2/Sound/Abilities/Furion	4	339080	4	.mp3:4
WC3DotaHQTest/A/Dota2/Sound/Abilities/Gondar	18	744136	18	.mp3:18
WC3DotaHQTest/A/Dota2/Sound/Abilities/Gyro	6	374320	6	.mp3:6
WC3DotaHQTest/A/Dota2/Sound/Abilities/Harbinger	2	172394	2	.mp3:2
WC3DotaHQTest/A/Dota2/Sound/Abilities/Huskar	2	185231	2	.mp3:2
WC3DotaHQTest/A/Dota2/Sound/Abilities/Invoker	76	4940269	76	.mp3:76
WC3DotaHQTest/A/Dota2/Sound/Abilities/Krobelus	3	270373	3	.mp3:3
WC3DotaHQTest/A/Dota2/Sound/Abilities/Kunkka	13	926056	13	.mp3:13
WC3DotaHQTest/A/Dota2/Sound/Abilities/Leoric	23	503744	23	.mp3:23
WC3DotaHQTest/A/Dota2/Sound/Abilities/Leshrac	4	285220	4	.mp3:4
WC3DotaHQTest/A/Dota2/Sound/Abilities/Lich	7	364367	7	.mp3:7
WC3DotaHQTest/A/Dota2/Sound/Abilities/Lina	2	115000	2	.mp3:2
WC3DotaHQTest/A/Dota2/Sound/Abilities/Lion	2	106953	2	.mp3:2
WC3DotaHQTest/A/Dota2/Sound/Abilities/Luna	2	125325	2	.mp3:2
WC3DotaHQTest/A/Dota2/Sound/Abilities/Lycan	3	257729	3	.mp3:3
WC3DotaHQTest/A/Dota2/Sound/Abilities/Magina	2	103304	2	.mp3:2
WC3DotaHQTest/A/Dota2/Sound/Abilities/Mirana	11	276507	11	.mp3:11
WC3DotaHQTest/A/Dota2/Sound/Abilities/Morphling	1	30618	1	.mp3:1
WC3DotaHQTest/A/Dota2/Sound/Abilities/Mortred	4	74207	4	.mp3:4
WC3DotaHQTest/A/Dota2/Sound/Abilities/Naix	3	281703	3	.mp3:3
WC3DotaHQTest/A/Dota2/Sound/Abilities/Necrolyte	2	105001	2	.mp3:2
WC3DotaHQTest/A/Dota2/Sound/Abilities/Nessaj	2	144219	2	.mp3:2
WC3DotaHQTest/A/Dota2/Sound/Abilities/Nevermore	18	360346	18	.mp3:18
WC3DotaHQTest/A/Dota2/Sound/Abilities/OgreMagi	26	3690912	26	.wav:26
WC3DotaHQTest/A/Dota2/Sound/Abilities/Omni	25	2393209	25	.mp3:25
WC3DotaHQTest/A/Dota2/Sound/Abilities/PL	12	248571	12	.mp3:12
WC3DotaHQTest/A/Dota2/Sound/Abilities/Puck	4	315861	4	.mp3:4
WC3DotaHQTest/A/Dota2/Sound/Abilities/Pudge	5	120320	5	.mp3:5
WC3DotaHQTest/A/Dota2/Sound/Abilities/Pugna	4	324836	4	.mp3:4
WC3DotaHQTest/A/Dota2/Sound/Abilities/Razor	3	328241	3	.mp3:3
WC3DotaHQTest/A/Dota2/Sound/Abilities/Rhasta	5	243536	5	.mp3:5
WC3DotaHQTest/A/Dota2/Sound/Abilities/Riki	2	94849	2	.mp3:2
WC3DotaHQTest/A/Dota2/Sound/Abilities/Rubick	3	168061	3	.mp3:3
WC3DotaHQTest/A/Dota2/Sound/Abilities/Silencer	2	116820	2	.mp3:2
WC3DotaHQTest/A/Dota2/Sound/Abilities/Slardar	1	158778	1	.mp3:1
WC3DotaHQTest/A/Dota2/Sound/Abilities/Sniper	7	297204	7	.mp3:7
WC3DotaHQTest/A/Dota2/Sound/Abilities/Spectre	2	167015	2	.mp3:2
WC3DotaHQTest/A/Dota2/Sound/Abilities/Storm	6	127184	6	.mp3:6
WC3DotaHQTest/A/Dota2/Sound/Abilities/Sven	23	981984	23	.mp3:23
WC3DotaHQTest/A/Dota2/Sound/Abilities/Sylla	4	288840	4	.mp3:4
WC3DotaHQTest/A/Dota2/Sound/Abilities/Tide	2	61393	2	.mp3:2
WC3DotaHQTest/A/Dota2/Sound/Abilities/Tinker	31	3028703	31	.mp3:31
WC3DotaHQTest/A/Dota2/Sound/Abilities/Tiny	18	375797	18	.mp3:18
WC3DotaHQTest/A/Dota2/Sound/Abilities/Treant	7	345490	7	.mp3:7
WC3DotaHQTest/A/Dota2/Sound/Abilities/Ursa	3	234818	3	.mp3:3
WC3DotaHQTest/A/Dota2/Sound/Abilities/Venge	2	135645	2	.mp3:2
WC3DotaHQTest/A/Dota2/Sound/Abilities/Veno	3	93473	3	.mp3:3
WC3DotaHQTest/A/Dota2/Sound/Abilities/Viper	1	89523	1	.mp3:1
WC3DotaHQTest/A/Dota2/Sound/Abilities/Void	3	178074	3	.mp3:3
WC3DotaHQTest/A/Dota2/Sound/Abilities/Warlock	1	67972	1	.mp3:1
WC3DotaHQTest/A/Dota2/Sound/Abilities/Weaver	7	246918	7	.mp3:7
WC3DotaHQTest/A/Dota2/Sound/Abilities/Wind	4	218823	4	.mp3:4
WC3DotaHQTest/A/Dota2/Sound/Abilities/Yurnero	39	235511	39	.mp3:39
WC3DotaHQTest/A/Dota2/Sound/Heroes	4816	96556870	0	.mp3:4805, .wav:11
WC3DotaHQTest/A/Dota2/Sound/Heroes/alchemist	100	1537677	100	.mp3:100
WC3DotaHQTest/A/Dota2/Sound/Heroes/ancient_apparition	64	1979587	64	.mp3:64
WC3DotaHQTest/A/Dota2/Sound/Heroes/antimage	56	1040058	56	.mp3:56
WC3DotaHQTest/A/Dota2/Sound/Heroes/axe	57	868109	57	.mp3:57
WC3DotaHQTest/A/Dota2/Sound/Heroes/bane	74	1656602	74	.mp3:74
WC3DotaHQTest/A/Dota2/Sound/Heroes/batrider	72	1310244	72	.mp3:72
WC3DotaHQTest/A/Dota2/Sound/Heroes/beastmaster	75	1485592	75	.mp3:75
WC3DotaHQTest/A/Dota2/Sound/Heroes/bloodseeker	58	908110	58	.mp3:58
WC3DotaHQTest/A/Dota2/Sound/Heroes/brewmaster	86	1754772	86	.mp3:86
WC3DotaHQTest/A/Dota2/Sound/Heroes/centaur	70	1109413	70	.mp3:70
WC3DotaHQTest/A/Dota2/Sound/Heroes/chen	61	1060805	61	.mp3:61
WC3DotaHQTest/A/Dota2/Sound/Heroes/clinkz	69	1555478	69	.mp3:69
WC3DotaHQTest/A/Dota2/Sound/Heroes/dazzle	62	1305626	62	.mp3:62
WC3DotaHQTest/A/Dota2/Sound/Heroes/death_prophet	80	1804706	80	.mp3:80
WC3DotaHQTest/A/Dota2/Sound/Heroes/doom_bringer	54	1315639	54	.mp3:54
WC3DotaHQTest/A/Dota2/Sound/Heroes/drowranger	62	1213605	62	.mp3:62
WC3DotaHQTest/A/Dota2/Sound/Heroes/earthshaker	61	997531	61	.mp3:61
WC3DotaHQTest/A/Dota2/Sound/Heroes/enchantress	65	901365	65	.mp3:65
WC3DotaHQTest/A/Dota2/Sound/Heroes/enigma	59	1478972	59	.mp3:59
WC3DotaHQTest/A/Dota2/Sound/Heroes/faceless_void	61	1276055	61	.mp3:61
WC3DotaHQTest/A/Dota2/Sound/Heroes/furion	57	1286495	57	.mp3:57
WC3DotaHQTest/A/Dota2/Sound/Heroes/huskar	63	1106161	63	.mp3:63
WC3DotaHQTest/A/Dota2/Sound/Heroes/invoker	82	2014947	82	.mp3:82
WC3DotaHQTest/A/Dota2/Sound/Heroes/jakiro	62	2086090	62	.mp3:62
WC3DotaHQTest/A/Dota2/Sound/Heroes/juggernaut	70	969004	70	.mp3:70
WC3DotaHQTest/A/Dota2/Sound/Heroes/kunkka	56	785604	56	.mp3:56
WC3DotaHQTest/A/Dota2/Sound/Heroes/leshrac	53	1188891	53	.mp3:53
WC3DotaHQTest/A/Dota2/Sound/Heroes/lich	61	1346705	61	.mp3:61
WC3DotaHQTest/A/Dota2/Sound/Heroes/lina	63	895357	63	.mp3:63
WC3DotaHQTest/A/Dota2/Sound/Heroes/lion	58	1164321	58	.mp3:58
WC3DotaHQTest/A/Dota2/Sound/Heroes/luna	65	952148	65	.mp3:65
WC3DotaHQTest/A/Dota2/Sound/Heroes/lycan	71	1622144	71	.mp3:71
WC3DotaHQTest/A/Dota2/Sound/Heroes/magnataur	79	1400020	79	.mp3:79
WC3DotaHQTest/A/Dota2/Sound/Heroes/medusa	82	1702316	82	.mp3:82
WC3DotaHQTest/A/Dota2/Sound/Heroes/meepo	71	819247	71	.mp3:71
WC3DotaHQTest/A/Dota2/Sound/Heroes/mirana	71	1264420	71	.mp3:71
WC3DotaHQTest/A/Dota2/Sound/Heroes/morphling	58	1478444	58	.mp3:58
WC3DotaHQTest/A/Dota2/Sound/Heroes/necrolyte	70	1729773	70	.mp3:70
WC3DotaHQTest/A/Dota2/Sound/Heroes/nevermore	75	2025415	75	.mp3:75
WC3DotaHQTest/A/Dota2/Sound/Heroes/night_stalker	61	1401443	61	.mp3:61
WC3DotaHQTest/A/Dota2/Sound/Heroes/outworld_destroyer	67	1620463	67	.mp3:67
WC3DotaHQTest/A/Dota2/Sound/Heroes/puck	53	992266	53	.mp3:53
WC3DotaHQTest/A/Dota2/Sound/Heroes/pudge	74	1208332	74	.mp3:74
WC3DotaHQTest/A/Dota2/Sound/Heroes/pugna	73	1704279	73	.mp3:73
WC3DotaHQTest/A/Dota2/Sound/Heroes/razor	58	1403528	58	.mp3:58
WC3DotaHQTest/A/Dota2/Sound/Heroes/riki	75	1132939	75	.mp3:75
WC3DotaHQTest/A/Dota2/Sound/Heroes/rubick	73	1318292	73	.mp3:73
WC3DotaHQTest/A/Dota2/Sound/Heroes/sandking	71	1369694	71	.mp3:71
WC3DotaHQTest/A/Dota2/Sound/Heroes/silencer	69	1207315	69	.mp3:69
WC3DotaHQTest/A/Dota2/Sound/Heroes/skeleton_king	64	1231653	64	.mp3:64
WC3DotaHQTest/A/Dota2/Sound/Heroes/slardar	66	1540517	66	.mp3:66
WC3DotaHQTest/A/Dota2/Sound/Heroes/slark	74	1338674	74	.mp3:74
WC3DotaHQTest/A/Dota2/Sound/Heroes/sniper	76	1138264	76	.mp3:76
WC3DotaHQTest/A/Dota2/Sound/Heroes/spectre	40	892845	40	.mp3:40
WC3DotaHQTest/A/Dota2/Sound/Heroes/spirit_breaker	74	1511286	74	.mp3:74
WC3DotaHQTest/A/Dota2/Sound/Heroes/stormspirit	57	1013043	57	.mp3:57
WC3DotaHQTest/A/Dota2/Sound/Heroes/sven	90	1322826	90	.mp3:90
WC3DotaHQTest/A/Dota2/Sound/Heroes/tidehunter	55	1194416	55	.mp3:55
WC3DotaHQTest/A/Dota2/Sound/Heroes/tinker	86	1487072	86	.mp3:86
WC3DotaHQTest/A/Dota2/Sound/Heroes/tiny	62	1192573	62	.mp3:62
WC3DotaHQTest/A/Dota2/Sound/Heroes/treant	86	2113384	86	.mp3:86
WC3DotaHQTest/A/Dota2/Sound/Heroes/troll_warlord	62	1308974	62	.mp3:62
WC3DotaHQTest/A/Dota2/Sound/Heroes/ursa	111	1781056	111	.mp3:111
WC3DotaHQTest/A/Dota2/Sound/Heroes/vengefulspirit	72	1764629	72	.mp3:72
WC3DotaHQTest/A/Dota2/Sound/Heroes/venomancer	63	1393922	63	.mp3:63
WC3DotaHQTest/A/Dota2/Sound/Heroes/viper	60	1226629	60	.mp3:60
WC3DotaHQTest/A/Dota2/Sound/Heroes/visage	81	1483823	81	.mp3:81
WC3DotaHQTest/A/Dota2/Sound/Heroes/warlock	57	1698892	57	.mp3:57
WC3DotaHQTest/A/Dota2/Sound/Heroes/weaver	68	1157684	68	.mp3:68
WC3DotaHQTest/A/Dota2/Sound/Heroes/windrunner	63	680223	63	.mp3:63
WC3DotaHQTest/A/Dota2/Sound/Heroes/wisp	11	1272567	11	.wav:11
WC3DotaHQTest/A/Dota2/Sound/Heroes/zuus	51	1055919	51	.mp3:51
WC3DotaHQTest/A/Environment	1	79757	0	.blp:1
WC3DotaHQTest/A/Environment/Sky	1	79757	0	.blp:1
WC3DotaHQTest/A/Environment/Sky/Outland_Sky	1	79757	1	.blp:1
WC3DotaHQTest/A/NewTextures	37	1398239	37	.blp:37
WC3DotaHQTest/A/Objects	21	1065813	0	.mdx:11, .blp:10
WC3DotaHQTest/A/Objects/InventoryItems	6	491630	0	.blp:3, .mdx:3
WC3DotaHQTest/A/Objects/InventoryItems/BundleofGifts	1	3558	1	.blp:1
WC3DotaHQTest/A/Objects/InventoryItems/CrystalShard	3	400124	3	.mdx:2, .blp:1
WC3DotaHQTest/A/Objects/InventoryItems/TreasureChest	2	87948	2	.blp:1, .mdx:1
WC3DotaHQTest/A/Objects/Spawnmodels	15	574183	0	.mdx:8, .blp:7
WC3DotaHQTest/A/Objects/Spawnmodels/Human	2	11442	0	.mdx:2
WC3DotaHQTest/A/Objects/Spawnmodels/Human/HumanBlood	2	11442	2	.mdx:2
WC3DotaHQTest/A/Objects/Spawnmodels/NightElf	2	9079	0	.mdx:2
WC3DotaHQTest/A/Objects/Spawnmodels/NightElf/NightElfBlood	2	9079	2	.mdx:2
WC3DotaHQTest/A/Objects/Spawnmodels/Other	1	75206	0	.blp:1
WC3DotaHQTest/A/Objects/Spawnmodels/Other/ToonBoom	1	75206	1	.blp:1
WC3DotaHQTest/A/Objects/Spawnmodels/Undead	10	478456	0	.blp:6, .mdx:4
WC3DotaHQTest/A/Objects/Spawnmodels/Undead/ImpaleTargetDust	1	1275	1	.mdx:1
WC3DotaHQTest/A/Objects/Spawnmodels/Undead/UDeathMedium	1	11144	1	.mdx:1
WC3DotaHQTest/A/Objects/Spawnmodels/Undead/UDeathSmall	1	11144	1	.mdx:1
WC3DotaHQTest/A/Objects/Spawnmodels/Undead/UndeadDissipate	7	454893	7	.blp:6, .mdx:1
WC3DotaHQTest/A/ReplaceableTextures	1772	18299224	0	.blp:1767, .tga:5
WC3DotaHQTest/A/ReplaceableTextures/AshenvaleTree	2	169710	2	.blp:2
WC3DotaHQTest/A/ReplaceableTextures/Cliff	4	687678	4	.tga:2, .blp:2
WC3DotaHQTest/A/ReplaceableTextures/CommandButtons	794	7324262	794	.blp:794
WC3DotaHQTest/A/ReplaceableTextures/CommandButtonsDisabled	917	6090036	917	.blp:917
WC3DotaHQTest/A/ReplaceableTextures/LordaeronTree	2	694037	2	.blp:2
WC3DotaHQTest/A/ReplaceableTextures/NorthrendTree	2	302674	2	.blp:2
WC3DotaHQTest/A/ReplaceableTextures/PassiveButtons	21	148012	21	.blp:21
WC3DotaHQTest/A/ReplaceableTextures/Selection	7	935293	7	.blp:4, .tga:3
WC3DotaHQTest/A/ReplaceableTextures/Splats	16	1855047	16	.blp:16
WC3DotaHQTest/A/ReplaceableTextures/Weather	7	92475	7	.blp:7
WC3DotaHQTest/A/ShadowArt	3	125680	2	.blp:3
WC3DotaHQTest/A/ShadowArt/UI	1	112182	1	.blp:1
WC3DotaHQTest/A/SharedModels	2	140478	2	.blp:2
WC3DotaHQTest/A/Sound	224	137629517	0	.wav:201, .mp3:23
WC3DotaHQTest/A/Sound/Ambient	28	21748456	7	.wav:28
WC3DotaHQTest/A/Sound/Ambient/DoodadEffects	21	4782704	21	.wav:21
WC3DotaHQTest/A/Sound/Buildings	9	6433950	0	.wav:9
WC3DotaHQTest/A/Sound/Buildings/Death	4	2622876	4	.wav:4
WC3DotaHQTest/A/Sound/Buildings/Naga	2	193036	2	.wav:2
WC3DotaHQTest/A/Sound/Buildings/Undead	3	3618038	3	.wav:3
WC3DotaHQTest/A/Sound/Dialogue	8	653024	0	.wav:4, .mp3:4
WC3DotaHQTest/A/Sound/Dialogue/HumanExpCamp	4	653024	0	.wav:4
WC3DotaHQTest/A/Sound/Dialogue/HumanExpCamp/Human03x	3	121950	3	.wav:3
WC3DotaHQTest/A/Sound/Dialogue/HumanExpCamp/Human06x	1	531074	1	.wav:1
WC3DotaHQTest/A/Sound/Dialogue/OrcExpCamp	4	0	0	.mp3:4
WC3DotaHQTest/A/Sound/Dialogue/OrcExpCamp/OrcQuest13x	2	0	2	.mp3:2
WC3DotaHQTest/A/Sound/Dialogue/OrcExpCamp/OrcQuest20x	2	0	2	.mp3:2
WC3DotaHQTest/A/Sound/Interface	42	9170990	23	.wav:42
WC3DotaHQTest/A/Sound/Interface/Warning	19	2059592	0	.wav:19
WC3DotaHQTest/A/Sound/Interface/Warning/Naga	17	1546486	17	.wav:17
WC3DotaHQTest/A/Sound/Interface/Warning/NightElf	1	270192	1	.wav:1
WC3DotaHQTest/A/Sound/Interface/Warning/Undead	1	242914	1	.wav:1
WC3DotaHQTest/A/Sound/Music	19	85746129	0	.mp3:19
WC3DotaHQTest/A/Sound/Music/mp3Music	19	85746129	19	.mp3:19
WC3DotaHQTest/A/Sound/Time	2	2898236	2	.wav:2
WC3DotaHQTest/A/Sound/Units	116	10978732	0	.wav:116
WC3DotaHQTest/A/Sound/Units/Combat	95	8697110	95	.wav:95
WC3DotaHQTest/A/Sound/Units/Footsteps	20	1643454	20	.wav:20
WC3DotaHQTest/A/Sound/Units/Undead	1	638168	0	.wav:1
WC3DotaHQTest/A/Sound/Units/Undead/Dissipate	1	638168	1	.wav:1
WC3DotaHQTest/A/Spells	13	289733	13	.blp:13
WC3DotaHQTest/A/TerrainArt	20	7012169	0	.blp:11, .tga:9
WC3DotaHQTest/A/TerrainArt/Blight	2	606271	2	.blp:1, .tga:1
WC3DotaHQTest/A/TerrainArt/Cityscape	1	220768	1	.blp:1
WC3DotaHQTest/A/TerrainArt/Felwood	10	3944246	10	.tga:5, .blp:5
WC3DotaHQTest/A/TerrainArt/Northrend	2	598756	2	.tga:1, .blp:1
WC3DotaHQTest/A/TerrainArt/Ruins	5	1642128	5	.blp:3, .tga:2
WC3DotaHQTest/A/Textures	245	8664388	245	.blp:245
WC3DotaHQTest/A/Ton_ucki	10	282028	1	.mdx:9, .blp:1
WC3DotaHQTest/A/Ton_ucki/Clock	2	31096	2	.mdx:2
WC3DotaHQTest/A/Ton_ucki/Morted	2	196551	2	.mdx:1, .blp:1
WC3DotaHQTest/A/Ton_ucki/Pudge	2	25223	2	.mdx:2
WC3DotaHQTest/A/Ton_ucki/Sn	1	15119	1	.mdx:1
WC3DotaHQTest/A/Ton_ucki/Sni	1	1180	1	.mdx:1
WC3DotaHQTest/A/Ton_ucki/Zeus	1	8643	1	.mdx:1
WC3DotaHQTest/A/UI	301	9936511	0	.blp:247, .fdf:43, .mdx:10, .toc:1
WC3DotaHQTest/A/UI/Buttons	1	4226	0	.mdx:1
WC3DotaHQTest/A/UI/Buttons/HeroLevel	1	4226	1	.mdx:1
WC3DotaHQTest/A/UI/Console	28	4618067	0	.blp:25, .mdx:3
WC3DotaHQTest/A/UI/Console/Human	7	1306436	7	.blp:6, .mdx:1
WC3DotaHQTest/A/UI/Console/NightElf	10	1567671	10	.blp:9, .mdx:1
WC3DotaHQTest/A/UI/Console/Undead	11	1743960	11	.blp:10, .mdx:1
WC3DotaHQTest/A/UI/Cursor	4	1071934	4	.blp:4
WC3DotaHQTest/A/UI/Feedback	21	636277	0	.blp:15, .mdx:6
WC3DotaHQTest/A/UI/Feedback/Confirmation	3	453504	3	.blp:2, .mdx:1
WC3DotaHQTest/A/UI/Feedback/Cooldown	1	34968	1	.mdx:1
WC3DotaHQTest/A/UI/Feedback/HPBarConsole	3	23003	3	.blp:2, .mdx:1
WC3DotaHQTest/A/UI/Feedback/HPBarConsoleSmall	4	44856	4	.blp:3, .mdx:1
WC3DotaHQTest/A/UI/Feedback/ManaBarConsole	2	13438	2	.mdx:1, .blp:1
WC3DotaHQTest/A/UI/Feedback/ManaBarConsoleSmall	4	44520	4	.blp:3, .mdx:1
WC3DotaHQTest/A/UI/Feedback/Resources	1	7442	1	.blp:1
WC3DotaHQTest/A/UI/Feedback/XpBar	3	14546	3	.blp:3
WC3DotaHQTest/A/UI/FrameDef	44	515365	4	.fdf:43, .toc:1
WC3DotaHQTest/A/UI/FrameDef/Glue	26	313719	26	.fdf:26
WC3DotaHQTest/A/UI/FrameDef/UI	14	94864	14	.fdf:14
WC3DotaHQTest/A/UI/MiniMap	1	7104	1	.blp:1
WC3DotaHQTest/A/UI/Widgets	202	3083538	0	.blp:202
WC3DotaHQTest/A/UI/Widgets/BattleNet	11	162998	10	.blp:11
WC3DotaHQTest/A/UI/Widgets/BattleNet/chaticons	1	8090	1	.blp:1
WC3DotaHQTest/A/UI/Widgets/Console	87	1049545	0	.blp:87
WC3DotaHQTest/A/UI/Widgets/Console/Human	81	952663	76	.blp:81
WC3DotaHQTest/A/UI/Widgets/Console/Human/CommandButton	5	45175	5	.blp:5
WC3DotaHQTest/A/UI/Widgets/Console/NightElf	2	32294	2	.blp:2
WC3DotaHQTest/A/UI/Widgets/Console/Orc	2	32294	2	.blp:2
WC3DotaHQTest/A/UI/Widgets/Console/Undead	2	32294	2	.blp:2
WC3DotaHQTest/A/UI/Widgets/EscMenu	51	1145197	0	.blp:51
WC3DotaHQTest/A/UI/Widgets/EscMenu/Human	35	356113	35	.blp:35
WC3DotaHQTest/A/UI/Widgets/EscMenu/NightElf	8	394542	8	.blp:8
WC3DotaHQTest/A/UI/Widgets/EscMenu/Undead	8	394542	8	.blp:8
WC3DotaHQTest/A/UI/Widgets/Glues	51	624128	51	.blp:51
WC3DotaHQTest/A/UI/Widgets/ToolTips	2	101670	0	.blp:2
WC3DotaHQTest/A/UI/Widgets/ToolTips/Human	2	101670	2	.blp:2
WC3DotaHQTest/A/Units	1827	490602509	0	.blp:1069, .mdx:602, .wav:156
WC3DotaHQTest/A/Units/Creeps	604	153750682	0	.blp:335, .mdx:214, .wav:55
WC3DotaHQTest/A/Units/Creeps/Archnathid	3	308022	3	.mdx:2, .blp:1
WC3DotaHQTest/A/Units/Creeps/ArchnathidGreen	12	2464908	12	.blp:10, .mdx:2
WC3DotaHQTest/A/Units/Creeps/Archnathidpurple	1	93255	1	.blp:1
WC3DotaHQTest/A/Units/Creeps/Assassin	11	1521484	8	.blp:8, .mdx:3
WC3DotaHQTest/A/Units/Creeps/Assassin/Missile	3	98013	3	.blp:2, .mdx:1
WC3DotaHQTest/A/Units/Creeps/AzureDragon	3	1173296	3	.mdx:2, .blp:1
WC3DotaHQTest/A/Units/Creeps/Bandit	1	590464	1	.wav:1
WC3DotaHQTest/A/Units/Creeps/BansheeGhost	3	1217318	3	.mdx:2, .blp:1
WC3DotaHQTest/A/Units/Creeps/BansheeRanger	21	5462494	21	.blp:19, .mdx:2
WC3DotaHQTest/A/Units/Creeps/Beastmaster	3	1529819	3	.mdx:2, .blp:1
WC3DotaHQTest/A/Units/Creeps/BlackDragon	3	553215	3	.mdx:2, .blp:1
WC3DotaHQTest/A/Units/Creeps/BlackDrake	3	728899	3	.mdx:2, .blp:1
WC3DotaHQTest/A/Units/Creeps/BristleBack	1	196804	1	.mdx:1
WC3DotaHQTest/A/Units/Creeps/BurningArcher	14	3902588	14	.blp:12, .mdx:2
WC3DotaHQTest/A/Units/Creeps/Centaur	3	777358	3	.mdx:2, .blp:1
WC3DotaHQTest/A/Units/Creeps/CentaurKhan	12	2270082	12	.blp:10, .mdx:2
WC3DotaHQTest/A/Units/Creeps/DarkTroll	3	1006197	3	.mdx:2, .blp:1
WC3DotaHQTest/A/Units/Creeps/DarkTrollShadowPriest	8	1523718	8	.blp:6, .mdx:2
WC3DotaHQTest/A/Units/Creeps/DarkTrollTrapper	3	1183031	3	.mdx:2, .blp:1
WC3DotaHQTest/A/Units/Creeps/DireWolf	7	2992987	7	.blp:5, .mdx:2
WC3DotaHQTest/A/Units/Creeps/DragonSpawnBlue	4	1421443	4	.blp:2, .mdx:2
WC3DotaHQTest/A/Units/Creeps/DragonSpawnGreen	3	1158709	3	.mdx:2, .blp:1
WC3DotaHQTest/A/Units/Creeps/EarthPandarenBrewmaster	5	1238539	5	.blp:3, .mdx:2
WC3DotaHQTest/A/Units/Creeps/ElderJungleBeast	4	1230304	4	.mdx:2, .blp:2
WC3DotaHQTest/A/Units/Creeps/FacelessOne	14	1674177	14	.blp:12, .mdx:2
WC3DotaHQTest/A/Units/Creeps/FirePandarenBrewMaster	5	1452495	5	.blp:3, .mdx:2
WC3DotaHQTest/A/Units/Creeps/ForestTroll	5	3077001	5	.mdx:4, .blp:1
WC3DotaHQTest/A/Units/Creeps/ForestTrollShadowPriest	4	1238663	4	.blp:2, .mdx:2
WC3DotaHQTest/A/Units/Creeps/ForestTrollTrapper	4	2860818	4	.mdx:4
WC3DotaHQTest/A/Units/Creeps/Furbolg	1	190456	1	.wav:1
WC3DotaHQTest/A/Units/Creeps/FurbolgChampion	3	1585970	3	.mdx:2, .blp:1
WC3DotaHQTest/A/Units/Creeps/FurbolgTracker	8	1650645	8	.blp:6, .mdx:2
WC3DotaHQTest/A/Units/Creeps/GnollArcher	3	735656	3	.mdx:2, .blp:1
WC3DotaHQTest/A/Units/Creeps/GnollWarden	10	1536881	10	.blp:6, .mdx:4
WC3DotaHQTest/A/Units/Creeps/GoblinLandMine	1	13518	1	.mdx:1
WC3DotaHQTest/A/Units/Creeps/GoblinZeppelin	3	533427	3	.mdx:2, .blp:1
WC3DotaHQTest/A/Units/Creeps/GolemStatue	1	75044	1	.blp:1
WC3DotaHQTest/A/Units/Creeps/GreenDragon	3	1167981	3	.mdx:2, .blp:1
WC3DotaHQTest/A/Units/Creeps/GrizzlyBear	4	2905801	4	.mdx:2, .blp:2
WC3DotaHQTest/A/Units/Creeps/HEROGoblinALCHEMIST	35	7403310	35	.wav:18, .blp:15, .mdx:2
WC3DotaHQTest/A/Units/Creeps/Harpy	3	1094041	3	.mdx:2, .blp:1
WC3DotaHQTest/A/Units/Creeps/HarpyQueen	2	615482	2	.mdx:2
WC3DotaHQTest/A/Units/Creeps/HarpyWitch	3	1108365	3	.mdx:2, .blp:1
WC3DotaHQTest/A/Units/Creeps/HeroFlameLord	5	1084353	5	.blp:3, .mdx:2
WC3DotaHQTest/A/Units/Creeps/HeroTinker	27	5051747	27	.wav:16, .blp:7, .mdx:4
WC3DotaHQTest/A/Units/Creeps/HeroTinkerFactory	2	103803	2	.mdx:1, .blp:1
WC3DotaHQTest/A/Units/Creeps/HeroTinkerRobot	5	858718	5	.blp:3, .mdx:2
WC3DotaHQTest/A/Units/Creeps/HumanMage	2	100765	2	.mdx:2
WC3DotaHQTest/A/Units/Creeps/Hydra	3	574941	3	.mdx:2, .blp:1
WC3DotaHQTest/A/Units/Creeps/IronGolem	10	3226756	10	.blp:8, .mdx:2
WC3DotaHQTest/A/Units/Creeps/JungleBeast	4	1277970	4	.mdx:2, .blp:2
WC3DotaHQTest/A/Units/Creeps/Kobold	3	1423896	3	.mdx:2, .blp:1
WC3DotaHQTest/A/Units/Creeps/KoboldGeomancer	3	2051473	3	.mdx:2, .blp:1
WC3DotaHQTest/A/Units/Creeps/KoboldTaskMaster	2	1003092	2	.mdx:2
WC3DotaHQTest/A/Units/Creeps/KoboldTunneler	2	669622	2	.mdx:2
WC3DotaHQTest/A/Units/Creeps/Koboldb	2	369344	2	.blp:2
WC3DotaHQTest/A/Units/Creeps/Koboldc	2	334485	2	.blp:2
WC3DotaHQTest/A/Units/Creeps/LavaSpawn	4	318397	4	.blp:2, .mdx:2
WC3DotaHQTest/A/Units/Creeps/LordGarithos	2	632373	2	.mdx:2
WC3DotaHQTest/A/Units/Creeps/MagnataurBlue	10	2242721	10	.blp:8, .mdx:2
WC3DotaHQTest/A/Units/Creeps/Medivh	20	3358308	20	.blp:18, .mdx:2
WC3DotaHQTest/A/Units/Creeps/MonsterLure	2	16357	2	.blp:1, .mdx:1
WC3DotaHQTest/A/Units/Creeps/MudGolem	3	862084	3	.mdx:2, .blp:1
WC3DotaHQTest/A/Units/Creeps/MurgulTideWarrior	3	230210	3	.mdx:2, .blp:1
WC3DotaHQTest/A/Units/Creeps/MurlocNightCrawler	14	3428100	14	.blp:9, .mdx:5
WC3DotaHQTest/A/Units/Creeps/NerubianQueen	8	1481947	8	.blp:6, .mdx:2
WC3DotaHQTest/A/Units/Creeps/NetherDragon	5	833689	5	.blp:3, .mdx:2
WC3DotaHQTest/A/Units/Creeps/Ogre	21	2606071	21	.wav:18, .mdx:2, .blp:1
WC3DotaHQTest/A/Units/Creeps/OgreMagi	3	1430591	3	.mdx:2, .blp:1
WC3DotaHQTest/A/Units/Creeps/OwlBear	3	1587412	3	.mdx:2, .blp:1
WC3DotaHQTest/A/Units/Creeps/PandarenBrewmaster	11	2393239	11	.blp:8, .mdx:2, .wav:1
WC3DotaHQTest/A/Units/Creeps/PolarFurbolg	3	1068763	3	.mdx:2, .blp:1
WC3DotaHQTest/A/Units/Creeps/QuillBeast	3	718016	3	.mdx:2, .blp:1
WC3DotaHQTest/A/Units/Creeps/RazorMane	2	391328	2	.mdx:2
WC3DotaHQTest/A/Units/Creeps/RazorManeChief	2	391328	2	.mdx:2
WC3DotaHQTest/A/Units/Creeps/RedDragon	3	1076456	3	.mdx:2, .blp:1
WC3DotaHQTest/A/Units/Creeps/Revenant	12	2268190	12	.blp:9, .mdx:3
WC3DotaHQTest/A/Units/Creeps/RevenantOfTheWaves	3	239294	3	.mdx:2, .blp:1
WC3DotaHQTest/A/Units/Creeps/RockGolem	3	1192379	3	.mdx:2, .blp:1
WC3DotaHQTest/A/Units/Creeps/Satyr	3	1252684	3	.mdx:2, .blp:1
WC3DotaHQTest/A/Units/Creeps/SatyrHellcaller	3	1026073	3	.mdx:2, .blp:1
WC3DotaHQTest/A/Units/Creeps/SatyrTrickster	4	1149344	4	.blp:2, .mdx:2
WC3DotaHQTest/A/Units/Creeps/SeaElemental	17	5842419	17	.blp:15, .mdx:2
WC3DotaHQTest/A/Units/Creeps/SeaGiantGreen	14	3099904	14	.blp:12, .mdx:2
WC3DotaHQTest/A/Units/Creeps/SkeletonOrc	1	69384	1	.blp:1
WC3DotaHQTest/A/Units/Creeps/Spider	2	1450440	2	.mdx:2
WC3DotaHQTest/A/Units/Creeps/SpiderBlack	12	2836844	12	.blp:10, .mdx:2
WC3DotaHQTest/A/Units/Creeps/SpiderBlue	2	387774	2	.mdx:2
WC3DotaHQTest/A/Units/Creeps/SpiderGreen	4	1314755	4	.blp:2, .mdx:2
WC3DotaHQTest/A/Units/Creeps/StormPandarenBrewmaster	7	2142365	7	.blp:4, .mdx:3
WC3DotaHQTest/A/Units/Creeps/SylvanusWindrunner	10	1524331	10	.blp:8, .mdx:2
WC3DotaHQTest/A/Units/Creeps/ThunderLizard	5	1023630	5	.blp:3, .mdx:2
WC3DotaHQTest/A/Units/Creeps/ThunderLizardSalamander	2	678812	2	.mdx:2
WC3DotaHQTest/A/Units/Creeps/ThunderLizardVizier	2	546344	2	.mdx:2
WC3DotaHQTest/A/Units/Creeps/TimberWolf	3	1069242	3	.mdx:2, .blp:1
WC3DotaHQTest/A/Units/Creeps/TimberWolfBIG	2	395940	2	.mdx:2
WC3DotaHQTest/A/Units/Creeps/TimberWolfSmall	3	1109076	3	.mdx:2, .blp:1
WC3DotaHQTest/A/Units/Creeps/UndeadDestroyerShip	2	802823	2	.blp:1, .mdx:1
WC3DotaHQTest/A/Units/Creeps/UndeadShipBattleShip	1	192083	1	.mdx:1
WC3DotaHQTest/A/Units/Creeps/VoidWalker	7	1756334	7	.blp:5, .mdx:2
WC3DotaHQTest/A/Units/Creeps/WarEagle	3	805140	3	.mdx:2, .blp:1
WC3DotaHQTest/A/Units/Creeps/Watcher	1	43694	1	.blp:1
WC3DotaHQTest/A/Units/Creeps/Wendigo	3	940486	3	.mdx:2, .blp:1
WC3DotaHQTest/A/Units/Creeps/WendigoShaman	2	909926	2	.mdx:2
WC3DotaHQTest/A/Units/Creeps/WildkinSmall	3	1451379	3	.mdx:2, .blp:1
WC3DotaHQTest/A/Units/Creeps/WindSerpent	2	264817	2	.mdx:2
WC3DotaHQTest/A/Units/Creeps/Zombie	6	3133280	6	.blp:4, .mdx:2
WC3DotaHQTest/A/Units/Creeps/felstalkerPurple	3	976815	3	.mdx:2, .blp:1
WC3DotaHQTest/A/Units/Creeps/goblinsapper	12	1386026	12	.blp:10, .mdx:2
WC3DotaHQTest/A/Units/Creeps/miniboom	2	662234	2	.mdx:2
WC3DotaHQTest/A/Units/Creeps/tuskar	3	221579	3	.mdx:2, .blp:1
WC3DotaHQTest/A/Units/Creeps/tuskarLord	3	921822	3	.mdx:2, .blp:1
WC3DotaHQTest/A/Units/Custom	198	70172166	0	.blp:113, .mdx:85
WC3DotaHQTest/A/Units/Custom/CentaurKhan	2	597206	2	.mdx:2
WC3DotaHQTest/A/Units/Custom/Clockwerk	6	2166473	6	.blp:4, .mdx:2
WC3DotaHQTest/A/Units/Custom/DeathWard	8	1435861	8	.blp:6, .mdx:2
WC3DotaHQTest/A/Units/Custom/DireMelee	2	499290	2	.mdx:2
WC3DotaHQTest/A/Units/Custom/DireRange	2	754514	2	.mdx:2
WC3DotaHQTest/A/Units/Custom/Doom	1	67491	1	.blp:1
WC3DotaHQTest/A/Units/Custom/EarthPandarenBrewmaster	2	528538	2	.mdx:2
WC3DotaHQTest/A/Units/Custom/Eidelon	7	1766630	7	.blp:5, .mdx:2
WC3DotaHQTest/A/Units/Custom/EmberSpirit	5	6130750	5	.mdx:5
WC3DotaHQTest/A/Units/Custom/Enigma	11	3374808	11	.blp:9, .mdx:2
WC3DotaHQTest/A/Units/Custom/FrostWyrm	2	6377852	2	.mdx:2
WC3DotaHQTest/A/Units/Custom/IcyGhost	8	1334293	8	.blp:6, .mdx:2
WC3DotaHQTest/A/Units/Custom/Naix	8	1750117	8	.blp:6, .mdx:2
WC3DotaHQTest/A/Units/Custom/NecroSummons	16	4605306	16	.mdx:12, .blp:4
WC3DotaHQTest/A/Units/Custom/OgreMagi	12	2223675	12	.blp:10, .mdx:2
WC3DotaHQTest/A/Units/Custom/OgreMagiCreep	2	700652	2	.mdx:2
WC3DotaHQTest/A/Units/Custom/PL	2	1748451	2	.mdx:2
WC3DotaHQTest/A/Units/Custom/Phoenix	2	136902	2	.mdx:2
WC3DotaHQTest/A/Units/Custom/Puck	4	1800763	4	.mdx:2, .blp:2
WC3DotaHQTest/A/Units/Custom/Riki	11	2362992	11	.blp:9, .mdx:2
WC3DotaHQTest/A/Units/Custom/Rooftrellen	8	3011050	8	.blp:6, .mdx:2
WC3DotaHQTest/A/Units/Custom/Roshan	5	1611719	5	.blp:3, .mdx:2
WC3DotaHQTest/A/Units/Custom/SentCreep	2	563334	2	.mdx:2
WC3DotaHQTest/A/Units/Custom/SentCreepRange	2	730196	2	.mdx:2
WC3DotaHQTest/A/Units/Custom/Shop	18	9522124	18	.mdx:10, .blp:8
WC3DotaHQTest/A/Units/Custom/ShopKeeper	3	459053	3	.mdx:2, .blp:1
WC3DotaHQTest/A/Units/Custom/SkeletonKing	2	839093	2	.mdx:2
WC3DotaHQTest/A/Units/Custom/SkeletonSmall	4	885145	4	.blp:2, .mdx:2
WC3DotaHQTest/A/Units/Custom/StormPandarenBrewmaster	5	2116480	5	.blp:3, .mdx:2
WC3DotaHQTest/A/Units/Custom/StormSpirit	11	1650553	11	.blp:8, .mdx:3
WC3DotaHQTest/A/Units/Custom/ThunderLizardSmall	4	2858153	4	.blp:2, .mdx:2
WC3DotaHQTest/A/Units/Custom/Troll	8	1960085	8	.blp:8
WC3DotaHQTest/A/Units/Custom/Undying	8	2859299	0	.blp:6, .mdx:2
WC3DotaHQTest/A/Units/Custom/Undying/TombStone	8	2859299	8	.blp:6, .mdx:2
WC3DotaHQTest/A/Units/Custom/VenWard	2	342924	2	.mdx:1, .blp:1
WC3DotaHQTest/A/Units/Custom/Wisp	3	400394	3	.blp:3
WC3DotaHQTest/A/Units/Demon	163	35126195	0	.blp:122, .mdx:41
WC3DotaHQTest/A/Units/Demon/ChaosHellscream	9	2147776	9	.blp:7, .mdx:2
WC3DotaHQTest/A/Units/Demon/ChaosPeon	2	817816	2	.mdx:2
WC3DotaHQTest/A/Units/Demon/ChaosWarlock	6	1683489	6	.blp:4, .mdx:2
WC3DotaHQTest/A/Units/Demon/ChaosWarlord	16	3881362	16	.blp:14, .mdx:2
WC3DotaHQTest/A/Units/Demon/Demoness	3	236364	3	.mdx:2, .blp:1
WC3DotaHQTest/A/Units/Demon/DemonessBlue	11	2487600	11	.blp:9, .mdx:2
WC3DotaHQTest/A/Units/Demon/DoomGuard	14	2817904	14	.blp:12, .mdx:2
WC3DotaHQTest/A/Units/Demon/EredarWarlockPurple	3	283516	3	.mdx:2, .blp:1
WC3DotaHQTest/A/Units/Demon/Felgaurd	12	2650642	12	.blp:10, .mdx:2
WC3DotaHQTest/A/Units/Demon/FelgaurdBlue	9	2151824	9	.blp:7, .mdx:2
WC3DotaHQTest/A/Units/Demon/HeroPitlord	11	2833352	11	.blp:9, .mdx:2
WC3DotaHQTest/A/Units/Demon/Infernal	20	3410222	20	.blp:13, .mdx:7
WC3DotaHQTest/A/Units/Demon/Kiljaeden	16	2451707	16	.blp:14, .mdx:2
WC3DotaHQTest/A/Units/Demon/Warlock	10	3005668	10	.blp:8, .mdx:2
WC3DotaHQTest/A/Units/Demon/felhound	4	1776852	4	.mdx:4
WC3DotaHQTest/A/Units/Demon/herochaosblademaster	17	2490101	17	.blp:13, .mdx:4
WC3DotaHQTest/A/Units/Human	178	48018389	0	.blp:95, .mdx:47, .wav:36
WC3DotaHQTest/A/Units/Human/Arthas	13	3546475	13	.blp:11, .mdx:2
WC3DotaHQTest/A/Units/Human/ArthaswithSword	2	489903	2	.mdx:2
WC3DotaHQTest/A/Units/Human/BloodElfDragonHawk	4	490342	4	.mdx:2, .blp:2
WC3DotaHQTest/A/Units/Human/BloodElfSpellThief	16	2134240	16	.blp:14, .mdx:2
WC3DotaHQTest/A/Units/Human/GryphonRider	20	4610584	20	.wav:20
WC3DotaHQTest/A/Units/Human/Gyrocopter	8	2354459	8	.mdx:4, .blp:3, .wav:1
WC3DotaHQTest/A/Units/Human/HeroArchMage	6	5418563	6	.blp:4, .mdx:2
WC3DotaHQTest/A/Units/Human/HeroBloodElf	14	2365943	14	.blp:12, .mdx:2
WC3DotaHQTest/A/Units/Human/HeroMountainKing	7	2144615	7	.blp:5, .mdx:2
WC3DotaHQTest/A/Units/Human/HeroPaladin	2	2262080	2	.mdx:2
WC3DotaHQTest/A/Units/Human/Jaina	10	3364101	10	.blp:8, .mdx:2
WC3DotaHQTest/A/Units/Human/Kael	8	2409437	8	.blp:6, .mdx:2
WC3DotaHQTest/A/Units/Human/Knight	2	587224	2	.mdx:2
WC3DotaHQTest/A/Units/Human/Muradin	15	2282359	15	.wav:13, .mdx:2
WC3DotaHQTest/A/Units/Human/Phoenix	10	2196487	10	.blp:6, .mdx:4
WC3DotaHQTest/A/Units/Human/Priest	4	2550452	4	.mdx:4
WC3DotaHQTest/A/Units/Human/Rifleman	6	2318130	6	.blp:4, .mdx:2
WC3DotaHQTest/A/Units/Human/Sorceress	7	3081736	7	.mdx:4, .blp:2, .wav:1
WC3DotaHQTest/A/Units/Human/SteamTank	1	83924	1	.wav:1
WC3DotaHQTest/A/Units/Human/TheCaptain	14	1731091	14	.blp:11, .mdx:3
WC3DotaHQTest/A/Units/Human/Uther	9	1596244	9	.blp:7, .mdx:2
WC3DotaHQTest/A/Units/Naga	40	9101876	0	.blp:31, .mdx:9
WC3DotaHQTest/A/Units/Naga/HeroNagaSeawitch	2	2125456	2	.mdx:2
WC3DotaHQTest/A/Units/Naga/LadyVashj	13	2443456	13	.blp:10, .mdx:3
WC3DotaHQTest/A/Units/Naga/NagaRoyalGuard	10	1572636	10	.blp:8, .mdx:2
WC3DotaHQTest/A/Units/Naga/NagaSiren	15	2960328	15	.blp:13, .mdx:2
WC3DotaHQTest/A/Units/NightElf	179	46353440	0	.blp:111, .mdx:51, .wav:17
WC3DotaHQTest/A/Units/NightElf/Ballista	3	1294589	3	.mdx:2, .blp:1
WC3DotaHQTest/A/Units/NightElf/Chimaera	18	3940284	18	.wav:13, .blp:3, .mdx:2
WC3DotaHQTest/A/Units/NightElf/DruidOfTheTalon	5	943670	5	.mdx:3, .blp:2
WC3DotaHQTest/A/Units/NightElf/DruidoftheClaw	17	6583152	17	.blp:13, .mdx:4
WC3DotaHQTest/A/Units/NightElf/Dryad	10	1969948	10	.blp:8, .mdx:2
WC3DotaHQTest/A/Units/NightElf/Ent	5	665906	5	.blp:3, .mdx:2
WC3DotaHQTest/A/Units/NightElf/EvilIllidan	10	1179697	10	.blp:6, .mdx:4
WC3DotaHQTest/A/Units/NightElf/FaerieDragon	4	421004	4	.mdx:3, .blp:1
WC3DotaHQTest/A/Units/NightElf/Furion	2	1709018	2	.mdx:2
WC3DotaHQTest/A/Units/NightElf/HeroDemonHunter	10	2084025	10	.blp:8, .mdx:2
WC3DotaHQTest/A/Units/NightElf/HeroKeeperoftheGroveGhost	8	3097793	8	.blp:6, .mdx:2
WC3DotaHQTest/A/Units/NightElf/HeroMoonPriestess	8	1979273	8	.blp:5, .mdx:2, .wav:1
WC3DotaHQTest/A/Units/NightElf/HeroWarden	16	2514783	16	.blp:13, .mdx:2, .wav:1
WC3DotaHQTest/A/Units/NightElf/Huntress	16	3335263	16	.blp:13, .mdx:2, .wav:1
WC3DotaHQTest/A/Units/NightElf/MalFurion	12	2106684	12	.blp:10, .mdx:2
WC3DotaHQTest/A/Units/NightElf/MountainGiant	8	8154424	8	.mdx:4, .blp:3, .wav:1
WC3DotaHQTest/A/Units/NightElf/Owl	1	13269	1	.mdx:1
WC3DotaHQTest/A/Units/NightElf/OwlSCOUT	2	127724	2	.mdx:2
WC3DotaHQTest/A/Units/NightElf/SpiritOfVengeance	14	2203263	14	.blp:12, .mdx:2
WC3DotaHQTest/A/Units/NightElf/Vengeance	7	1995303	7	.blp:4, .mdx:3
WC3DotaHQTest/A/Units/NightElf/Wisp	3	34368	3	.mdx:3
WC3DotaHQTest/A/Units/Orc	197	40834088	0	.blp:129, .mdx:44, .wav:24
WC3DotaHQTest/A/Units/Orc/BatTroll	5	1949363	5	.blp:3, .mdx:2
WC3DotaHQTest/A/Units/Orc/Grunt	3	484713	3	.mdx:3
WC3DotaHQTest/A/Units/Orc/HeadHunter	13	3298240	13	.blp:9, .mdx:4
WC3DotaHQTest/A/Units/Orc/HealingWard	6	495920	6	.blp:5, .mdx:1
WC3DotaHQTest/A/Units/Orc/Hellscream	11	2398254	11	.blp:9, .mdx:2
WC3DotaHQTest/A/Units/Orc/HeroBladeMaster	3	500462	3	.mdx:2, .wav:1
WC3DotaHQTest/A/Units/Orc/HeroFarSeer	11	2202770	11	.blp:9, .mdx:2
WC3DotaHQTest/A/Units/Orc/HeroShadowHunter	16	2030549	16	.blp:14, .mdx:2
WC3DotaHQTest/A/Units/Orc/HeroTaurenChieftain	6	1230821	6	.blp:4, .mdx:2
WC3DotaHQTest/A/Units/Orc/OrcWarlockGuldan	8	1961261	8	.blp:6, .mdx:2
WC3DotaHQTest/A/Units/Orc/Peon	18	2682222	18	.wav:18
WC3DotaHQTest/A/Units/Orc/SentryWard	5	986629	5	.blp:3, .mdx:2
WC3DotaHQTest/A/Units/Orc/SerpentWard	3	228949	3	.mdx:2, .blp:1
WC3DotaHQTest/A/Units/Orc/Shaman	11	2622559	11	.blp:9, .mdx:2
WC3DotaHQTest/A/Units/Orc/SpiritWyvern	7	2407503	7	.blp:5, .mdx:2
WC3DotaHQTest/A/Units/Orc/Spiritwalker	18	5122917	18	.blp:11, .wav:5, .mdx:2
WC3DotaHQTest/A/Units/Orc/Spiritwolf	4	1912537	4	.blp:2, .mdx:2
WC3DotaHQTest/A/Units/Orc/StasisTotem	1	82541	1	.mdx:1
WC3DotaHQTest/A/Units/Orc/Tauren	8	2749723	8	.blp:6, .mdx:2
WC3DotaHQTest/A/Units/Orc/Thrall	27	2856104	27	.blp:25, .mdx:2
WC3DotaHQTest/A/Units/Orc/WatcherWard	4	173614	4	.blp:2, .mdx:2
WC3DotaHQTest/A/Units/Orc/WitchDoctor	8	2395889	8	.blp:6, .mdx:2
WC3DotaHQTest/A/Units/Orc/catapult	1	60548	1	.mdx:1
WC3DotaHQTest/A/Units/Other	53	18338469	0	.blp:34, .mdx:19
WC3DotaHQTest/A/Units/Other/BloodElfLieutenant	2	134165	2	.mdx:2
WC3DotaHQTest/A/Units/Other/DalaranMutant	5	1834950	5	.mdx:4, .blp:1
WC3DotaHQTest/A/Units/Other/DiabloCar	1	50808	1	.blp:1
WC3DotaHQTest/A/Units/Other/Dranai	2	3160162	2	.mdx:2
WC3DotaHQTest/A/Units/Other/DranaiAkama	18	3221082	18	.blp:16, .mdx:2
WC3DotaHQTest/A/Units/Other/DranaiMage	9	1751018	9	.blp:7, .mdx:2
WC3DotaHQTest/A/Units/Other/FleshGolem	5	2281151	5	.blp:3, .mdx:2
WC3DotaHQTest/A/Units/Other/HeroArchMageGhost	2	4360851	2	.mdx:2
WC3DotaHQTest/A/Units/Other/Orccar	2	165242	2	.blp:2
WC3DotaHQTest/A/Units/Other/Proudmoore	4	1324939	4	.blp:2, .mdx:2
WC3DotaHQTest/A/Units/Other/TNTBarrel	2	26464	2	.mdx:1, .blp:1
WC3DotaHQTest/A/Units/Other/UndeadCar	1	27637	1	.blp:1
WC3DotaHQTest/A/Units/Undead	161	54848091	0	.blp:87, .mdx:50, .wav:24
WC3DotaHQTest/A/Units/Undead/Abomination	12	1978459	12	.blp:8, .mdx:4
WC3DotaHQTest/A/Units/Undead/Acolyte	2	710419	2	.mdx:2
WC3DotaHQTest/A/Units/Undead/Banshee	14	2510623	14	.blp:11, .mdx:2, .wav:1
WC3DotaHQTest/A/Units/Undead/FrostWyrm	4	2437461	4	.mdx:4
WC3DotaHQTest/A/Units/Undead/Gargoyle	8	2068196	8	.blp:6, .mdx:2
WC3DotaHQTest/A/Units/Undead/Ghoul	2	1356904	2	.mdx:2
WC3DotaHQTest/A/Units/Undead/HeroCryptLord	7	2318825	7	.blp:5, .mdx:2
WC3DotaHQTest/A/Units/Undead/HeroDeathKnight	10	2457022	10	.blp:7, .mdx:3
WC3DotaHQTest/A/Units/Undead/HeroDreadLord	2	1089373	2	.mdx:2
WC3DotaHQTest/A/Units/Undead/HeroLich	30	13851735	30	.wav:22, .blp:4, .mdx:4
WC3DotaHQTest/A/Units/Undead/HeroLichCIN	3	2740026	3	.mdx:3
WC3DotaHQTest/A/Units/Undead/KelthuzadGhost	8	1709171	8	.blp:6, .mdx:2
WC3DotaHQTest/A/Units/Undead/Meatwagon	3	2006778	3	.mdx:2, .blp:1
WC3DotaHQTest/A/Units/Undead/Necromancer	8	1708937	8	.blp:6, .mdx:2
WC3DotaHQTest/A/Units/Undead/ObsidianStatue	10	2845311	10	.blp:8, .mdx:2
WC3DotaHQTest/A/Units/Undead/PlagueCloud	1	1423	1	.mdx:1
WC3DotaHQTest/A/Units/Undead/Shade	2	679304	2	.mdx:2
WC3DotaHQTest/A/Units/Undead/Skeleton	14	4493627	14	.blp:10, .mdx:3, .wav:1
WC3DotaHQTest/A/Units/Undead/SkeletonMage	8	3599114	8	.blp:6, .mdx:2
WC3DotaHQTest/A/Units/Undead/Tichondrius	11	3658707	11	.blp:9, .mdx:2
WC3DotaHQTest/A/Units/Undead/scarab	2	626676	2	.mdx:2
WC3DotaHQTest/A/Units/critters	54	14059113	0	.mdx:42, .blp:12
WC3DotaHQTest/A/Units/critters/Albatross	2	100261	2	.mdx:2
WC3DotaHQTest/A/Units/critters/BrownWolf	2	626676	2	.mdx:2
WC3DotaHQTest/A/Units/critters/DuneWorm	2	308448	2	.mdx:2
WC3DotaHQTest/A/Units/critters/EasterChicken	3	725875	3	.mdx:2, .blp:1
WC3DotaHQTest/A/Units/critters/EasterRabbit	3	1094747	3	.mdx:2, .blp:1
WC3DotaHQTest/A/Units/critters/Felboar	2	608160	2	.mdx:2
WC3DotaHQTest/A/Units/critters/Frog	3	75083	3	.mdx:2, .blp:1
WC3DotaHQTest/A/Units/critters/HighElfPeasant	2	907283	2	.mdx:2
WC3DotaHQTest/A/Units/critters/Hydralisk	9	1992203	9	.blp:7, .mdx:2
WC3DotaHQTest/A/Units/critters/MiniPudge	2	516290	2	.mdx:2
WC3DotaHQTest/A/Units/critters/PackHorse	2	620240	2	.mdx:2
WC3DotaHQTest/A/Units/critters/Penguin	2	420470	2	.mdx:2
WC3DotaHQTest/A/Units/critters/Raccoon	3	493983	3	.mdx:2, .blp:1
WC3DotaHQTest/A/Units/critters/Seal	2	808422	2	.mdx:2
WC3DotaHQTest/A/Units/critters/Sheep	2	48254	2	.mdx:2
WC3DotaHQTest/A/Units/critters/Skink	2	592974	2	.mdx:2
WC3DotaHQTest/A/Units/critters/SnowOwl	3	847586	3	.mdx:2, .blp:1
WC3DotaHQTest/A/Units/critters/SpiderCrab	2	350090	2	.mdx:2
WC3DotaHQTest/A/Units/critters/VillagerMan	2	1220680	2	.mdx:2
WC3DotaHQTest/A/Units/critters/VillagerMan1	2	1220680	2	.mdx:2
WC3DotaHQTest/A/Units/critters/Vulture	2	480708	2	.mdx:2
WC3DotaHQTest/A/War3MapImported	64	4419710	40	.mdx:36, .blp:28
WC3DotaHQTest/A/War3MapImported/AuraTexture	6	551857	6	.blp:6
WC3DotaHQTest/A/War3MapImported/DeathPulseTextures	4	524129	4	.blp:4
WC3DotaHQTest/A/War3MapImported/DemonicPurgeTextures	3	36531	3	.blp:3
WC3DotaHQTest/A/War3MapImported/OrchidTexture	1	91388	1	.blp:1
WC3DotaHQTest/A/War3MapImported/PipeTextures	3	24426	3	.blp:3
WC3DotaHQTest/A/War3MapImported/ShivaTextures	4	844371	4	.blp:4
WC3DotaHQTest/A/War3MapImported/bmagha_Textures	3	276438	3	.blp:3
WC3DotaHQTest/A/effects	10	1976731	4	.blp:6, .mdx:4
WC3DotaHQTest/A/effects/HealingSalveTexture	2	776306	2	.blp:2
WC3DotaHQTest/A/effects/ManaAuraTexture	4	1105464	4	.blp:4
WC3DotaHQTest/A/fonts	10	41400	10	.tga:10
WC3DotaHQTest/Mix	221	1319481	0	.blp:221
WC3DotaHQTest/Mix/SelectedMix	221	1319481	0	.blp:221
WC3DotaHQTest/Mix/SelectedMix/ReplaceableTextures	221	1319481	0	.blp:221
WC3DotaHQTest/Mix/SelectedMix/ReplaceableTextures/CommandButtons	104	759091	104	.blp:104
WC3DotaHQTest/Mix/SelectedMix/ReplaceableTextures/CommandButtonsDisabled	104	502394	104	.blp:104
WC3DotaHQTest/Mix/SelectedMix/ReplaceableTextures/PassiveButtons	13	57996	13	.blp:13
WC3DotaHQTest/SoundInfo	12	1657439	12	.slk:12
WC3WardotaTest	1291	428865006	0	.blp:1051, .mdx:238, .slk:2
WC3WardotaTest/SoundInfo	2	1388448	2	.slk:2
WC3WardotaTest/Units	1289	427476558	0	.blp:1051, .mdx:238
WC3WardotaTest/Units/Creeps	313	103094519	0	.blp:245, .mdx:68
WC3WardotaTest/Units/Creeps/ArchnathidGreen	9	2047239	9	.blp:7, .mdx:2
WC3WardotaTest/Units/Creeps/Assassin	14	3879423	14	.blp:12, .mdx:2
WC3WardotaTest/Units/Creeps/AzureDragon	4	1401708	4	.mdx:2, .blp:2
WC3WardotaTest/Units/Creeps/BansheeRanger	15	4803899	15	.blp:13, .mdx:2
WC3WardotaTest/Units/Creeps/Beastmaster	9	2395337	9	.blp:7, .mdx:2
WC3WardotaTest/Units/Creeps/BurningArcher	11	3227030	11	.blp:9, .mdx:2
WC3WardotaTest/Units/Creeps/CentaurKhan	15	5125071	15	.blp:13, .mdx:2
WC3WardotaTest/Units/Creeps/DarkTrollShadowPriest	11	4202621	11	.blp:9, .mdx:2
WC3WardotaTest/Units/Creeps/DireWolf	4	2659006	4	.mdx:2, .blp:2
WC3WardotaTest/Units/Creeps/EarthPandarenBrewmaster	1	118666	1	.blp:1
WC3WardotaTest/Units/Creeps/FacelessOne	12	2681465	12	.blp:10, .mdx:2
WC3WardotaTest/Units/Creeps/FirePandarenBrewMaster	3	701580	3	.mdx:2, .blp:1
WC3WardotaTest/Units/Creeps/FurbolgTracker	8	3066213	8	.blp:6, .mdx:2
WC3WardotaTest/Units/Creeps/GnollWarden	7	1512844	7	.blp:5, .mdx:2
WC3WardotaTest/Units/Creeps/GoblinSapper	8	3160318	8	.blp:6, .mdx:2
WC3WardotaTest/Units/Creeps/GreenDragon	4	1274145	4	.blp:2, .mdx:2
WC3WardotaTest/Units/Creeps/IronGolem	14	5282746	14	.blp:12, .mdx:2
WC3WardotaTest/Units/Creeps/KoboldGeomancer	10	3383497	10	.blp:8, .mdx:2
WC3WardotaTest/Units/Creeps/LordGarithos	10	2749215	10	.blp:8, .mdx:2
WC3WardotaTest/Units/Creeps/MagnataurBlue	9	2772949	9	.blp:7, .mdx:2
WC3WardotaTest/Units/Creeps/Medivh	7	3742487	7	.blp:5, .mdx:2
WC3WardotaTest/Units/Creeps/NerubianQueen	8	2483233	8	.blp:6, .mdx:2
WC3WardotaTest/Units/Creeps/NetherDragon	5	1056003	5	.blp:3, .mdx:2
WC3WardotaTest/Units/Creeps/PandarenBrewmaster	9	3725085	9	.blp:7, .mdx:2
WC3WardotaTest/Units/Creeps/RazorMane	13	6027074	13	.blp:11, .mdx:2
WC3WardotaTest/Units/Creeps/RedDragon	4	1252844	4	.blp:2, .mdx:2
WC3WardotaTest/Units/Creeps/Revenant	16	2512536	16	.blp:14, .mdx:2
WC3WardotaTest/Units/Creeps/SeaElemental	7	1478726	7	.blp:5, .mdx:2
WC3WardotaTest/Units/Creeps/SeaGiantGreen	8	2066024	8	.blp:6, .mdx:2
WC3WardotaTest/Units/Creeps/SpiderBlack	8	2640698	8	.blp:6, .mdx:2
WC3WardotaTest/Units/Creeps/SylvanusWindrunner	14	3350202	14	.blp:12, .mdx:2
WC3WardotaTest/Units/Creeps/TuskarLord	10	4634883	10	.blp:8, .mdx:2
WC3WardotaTest/Units/Creeps/VoidWalker	7	2372361	7	.blp:5, .mdx:2
WC3WardotaTest/Units/Creeps/WindSerpent	13	5299881	13	.blp:11, .mdx:2
WC3WardotaTest/Units/Creeps/Zombie	6	4007510	6	.blp:4, .mdx:2
WC3WardotaTest/Units/Critters	8	3327071	0	.blp:6, .mdx:2
WC3WardotaTest/Units/Critters/Hydralisk	8	3327071	8	.blp:6, .mdx:2
WC3WardotaTest/Units/Custom	274	88426342	0	.blp:223, .mdx:51
WC3WardotaTest/Units/Custom/Clockwerk	8	3300402	8	.blp:6, .mdx:2
WC3WardotaTest/Units/Custom/DireRange	1	2242	1	.blp:1
WC3WardotaTest/Units/Custom/EarthPandarenBrewmaster	20	5410907	20	.blp:18, .mdx:2
WC3WardotaTest/Units/Custom/Eidelon	2	22390	2	.blp:2
WC3WardotaTest/Units/Custom/Enigma	11	3384107	11	.blp:9, .mdx:2
WC3WardotaTest/Units/Custom/Gondar	10	4322458	10	.blp:8, .mdx:2
WC3WardotaTest/Units/Custom/HeroFlameLord	12	3488722	12	.blp:10, .mdx:2
WC3WardotaTest/Units/Custom/HeroGoblinAlchemist	18	6545005	18	.blp:16, .mdx:2
WC3WardotaTest/Units/Custom/HeroMountainKing	5	2093593	5	.blp:3, .mdx:2
WC3WardotaTest/Units/Custom/HeroTinker	4	2864996	4	.mdx:2, .blp:2
WC3WardotaTest/Units/Custom/IcyGhost	5	1961056	5	.blp:3, .mdx:2
WC3WardotaTest/Units/Custom/LavaSpawn	1	94718	1	.blp:1
WC3WardotaTest/Units/Custom/Lich	12	1674706	12	.blp:10, .mdx:2
WC3WardotaTest/Units/Custom/Naix	16	5496121	16	.blp:14, .mdx:2
WC3WardotaTest/Units/Custom/OgreMagi	9	3850792	9	.blp:7, .mdx:2
WC3WardotaTest/Units/Custom/PL	9	3852729	9	.blp:7, .mdx:2
WC3WardotaTest/Units/Custom/Phoenix	13	5246204	13	.blp:11, .mdx:2
WC3WardotaTest/Units/Custom/Puck	8	1831802	8	.blp:6, .mdx:2
WC3WardotaTest/Units/Custom/Riki	13	6759772	13	.blp:11, .mdx:2
WC3WardotaTest/Units/Custom/Rooftrellen	12	3376232	12	.blp:10, .mdx:2
WC3WardotaTest/Units/Custom/SkeletonKing	13	3926008	13	.blp:11, .mdx:2
WC3WardotaTest/Units/Custom/Spectre	15	2455132	15	.blp:13, .mdx:2
WC3WardotaTest/Units/Custom/StormPandarenBrewmaster	17	5792778	17	.blp:15, .mdx:2
WC3WardotaTest/Units/Custom/Tiny	9	2261815	9	.blp:7, .mdx:2
WC3WardotaTest/Units/Custom/Troll	12	4671350	12	.blp:8, .mdx:4
WC3WardotaTest/Units/Custom/Wisp	4	422886	4	.blp:2, .mdx:2
WC3WardotaTest/Units/Custom/Xin	15	3317419	15	.blp:12, .mdx:3
WC3WardotaTest/Units/Demon	149	43375548	0	.blp:127, .mdx:22
WC3WardotaTest/Units/Demon/ChaosHellscream	16	4838835	16	.blp:14, .mdx:2
WC3WardotaTest/Units/Demon/ChaosWarlock	9	3145649	9	.blp:7, .mdx:2
WC3WardotaTest/Units/Demon/ChaosWarlord	22	4648445	22	.blp:20, .mdx:2
WC3WardotaTest/Units/Demon/DemonessBlue	8	2639080	8	.blp:6, .mdx:2
WC3WardotaTest/Units/Demon/DoomGuard	18	5641706	18	.blp:16, .mdx:2
WC3WardotaTest/Units/Demon/Felgaurd	24	4881081	24	.blp:22, .mdx:2
WC3WardotaTest/Units/Demon/FelgaurdBlue	16	4402781	16	.blp:14, .mdx:2
WC3WardotaTest/Units/Demon/HeroChaosBladeMaster	12	4774128	12	.blp:10, .mdx:2
WC3WardotaTest/Units/Demon/HeroPitlord	11	2833352	11	.blp:9, .mdx:2
WC3WardotaTest/Units/Demon/Kiljaeden	9	2356970	9	.blp:7, .mdx:2
WC3WardotaTest/Units/Demon/Warlock	4	3213521	4	.blp:2, .mdx:2
WC3WardotaTest/Units/Human	104	40116162	0	.blp:85, .mdx:19
WC3WardotaTest/Units/Human/Arthas	11	3801579	11	.blp:9, .mdx:2
WC3WardotaTest/Units/Human/BloodElfSpellThief	10	2724375	10	.blp:8, .mdx:2
WC3WardotaTest/Units/Human/Gyrocopter	12	7496200	12	.blp:10, .mdx:2
WC3WardotaTest/Units/Human/HeroArchMage	5	7203433	5	.blp:3, .mdx:2
WC3WardotaTest/Units/Human/HeroBloodElf	13	2890192	13	.blp:11, .mdx:2
WC3WardotaTest/Units/Human/Jaina	11	5668957	11	.blp:9, .mdx:2
WC3WardotaTest/Units/Human/Priest	12	797568	12	.blp:11, .mdx:1
WC3WardotaTest/Units/Human/Rifleman	9	1955064	9	.blp:7, .mdx:2
WC3WardotaTest/Units/Human/Sorceress	11	4316896	11	.blp:9, .mdx:2
WC3WardotaTest/Units/Human/TheCaptain	10	3261898	10	.blp:8, .mdx:2
WC3WardotaTest/Units/Naga	34	12609438	0	.blp:28, .mdx:6
WC3WardotaTest/Units/Naga/LadyVashj	10	4244702	10	.blp:8, .mdx:2
WC3WardotaTest/Units/Naga/NagaRoyalGuard	10	3625971	10	.blp:8, .mdx:2
WC3WardotaTest/Units/Naga/NagaSiren	14	4738765	14	.blp:12, .mdx:2
WC3WardotaTest/Units/NightElf	123	42116704	0	.blp:101, .mdx:22
WC3WardotaTest/Units/NightElf/Chimaera	4	2678237	4	.blp:2, .mdx:2
WC3WardotaTest/Units/NightElf/DruidoftheClaw	11	4616341	11	.blp:9, .mdx:2
WC3WardotaTest/Units/NightElf/Dryad	9	3220648	9	.blp:7, .mdx:2
WC3WardotaTest/Units/NightElf/EvilIllidan	17	4825150	17	.blp:15, .mdx:2
WC3WardotaTest/Units/NightElf/HeroDemonHunter	9	2248001	9	.blp:7, .mdx:2
WC3WardotaTest/Units/NightElf/HeroKeeperoftheGroveGhost	10	4377974	10	.blp:8, .mdx:2
WC3WardotaTest/Units/NightElf/HeroMoonPriestess	11	3718287	11	.blp:9, .mdx:2
WC3WardotaTest/Units/NightElf/HeroWarden	19	3992934	19	.blp:17, .mdx:2
WC3WardotaTest/Units/NightElf/Huntress	10	5985829	10	.blp:8, .mdx:2
WC3WardotaTest/Units/NightElf/Malfurion	13	4070775	13	.blp:11, .mdx:2
WC3WardotaTest/Units/NightElf/Vengeance	10	2382528	10	.blp:8, .mdx:2
WC3WardotaTest/Units/Orc	128	35429900	0	.blp:106, .mdx:22
WC3WardotaTest/Units/Orc/BatTroll	8	2925924	8	.blp:6, .mdx:2
WC3WardotaTest/Units/Orc/HeroFarSeer	12	1875831	12	.blp:10, .mdx:2
WC3WardotaTest/Units/Orc/HeroShadowHunter	10	2677765	10	.blp:8, .mdx:2
WC3WardotaTest/Units/Orc/HeroTaurenChieftain	14	5357566	14	.blp:12, .mdx:2
WC3WardotaTest/Units/Orc/OrcWarlockGuldan	18	2619138	18	.blp:16, .mdx:2
WC3WardotaTest/Units/Orc/Shaman	11	3901521	11	.blp:9, .mdx:2
WC3WardotaTest/Units/Orc/SpiritWalker	17	5060481	17	.blp:15, .mdx:2
WC3WardotaTest/Units/Orc/SpiritWyvern	7	1901160	7	.blp:5, .mdx:2
WC3WardotaTest/Units/Orc/Tauren	7	2075652	7	.blp:5, .mdx:2
WC3WardotaTest/Units/Orc/Thrall	15	3139279	15	.blp:13, .mdx:2
WC3WardotaTest/Units/Orc/WitchDoctor	9	3895583	9	.blp:7, .mdx:2
WC3WardotaTest/Units/Other	33	14687942	0	.blp:25, .mdx:8
WC3WardotaTest/Units/Other/DranaiMage	9	3010494	9	.blp:7, .mdx:2
WC3WardotaTest/Units/Other/FleshGolem	5	3739150	5	.blp:3, .mdx:2
WC3WardotaTest/Units/Other/HeroArchMageGhost	2	4357931	2	.mdx:2
WC3WardotaTest/Units/Other/Proudmoore	17	3580367	17	.blp:15, .mdx:2
WC3WardotaTest/Units/Undead	123	44292932	0	.blp:105, .mdx:18
WC3WardotaTest/Units/Undead/Abomination	19	5153375	19	.blp:17, .mdx:2
WC3WardotaTest/Units/Undead/Banshee	13	4429362	13	.blp:11, .mdx:2
WC3WardotaTest/Units/Undead/FrostWyrm	7	4602697	7	.blp:5, .mdx:2
WC3WardotaTest/Units/Undead/Gargoyle	2	76733	2	.blp:2
WC3WardotaTest/Units/Undead/HeroCryptLord	14	4152952	14	.blp:12, .mdx:2
WC3WardotaTest/Units/Undead/HeroDeathKnight	18	7129125	18	.blp:16, .mdx:2
WC3WardotaTest/Units/Undead/KelthuzadGhost	14	5007909	14	.blp:12, .mdx:2
WC3WardotaTest/Units/Undead/ObsidianStatue	19	7106707	19	.blp:17, .mdx:2
WC3WardotaTest/Units/Undead/SkeletonMage	8	3716350	8	.blp:6, .mdx:2
WC3WardotaTest/Units/Undead/Tichondrius	9	2917722	9	.blp:7, .mdx:2
Warcraft III Public Test Launcher.app	48	5933002	0	.png:32, .json:6, (none):3, .icns:3, .plist:1, .ttf:1, .nib:1, .bin:1
Warcraft III Public Test Launcher.app/Contents	48	5933002	2	.png:32, .json:6, (none):3, .icns:3, .plist:1, .ttf:1, .nib:1, .bin:1
Warcraft III Public Test Launcher.app/Contents/MacOS	1	5039152	1	(none):1
Warcraft III Public Test Launcher.app/Contents/Resources	44	875883	44	.png:32, .json:6, .icns:3, .ttf:1, .nib:1, .bin:1
Warcraft III Public Test Launcher.app/Contents/_CodeSignature	1	16108	1	(none):1
effects	1	5812	1	.blp:1
ssance	1	213430	1	.blp:1
x86_64	783	387579236	2	.wav:182, .pak:114, .png:100, .txt:85, .strings:84, (none):46, .icns:28, .nib:20
x86_64/.WC3NativeIntegrationBackup	8	30256724	7	(none):6, .original:1, .txt:1
x86_64/.WC3NativeIntegrationBackup/_CodeSignature	1	23270	1	(none):1
x86_64/WC3_CASC_Asset_Scanner_0.2.0	7	6518582	3	(none):3, .txt:1, .md:1, .command:1, .go:1
x86_64/WC3_CASC_Asset_Scanner_0.2.0/Source	1	23137	1	.go:1
x86_64/WC3_CASC_Asset_Scanner_0.2.0/Tools	3	6487716	3	(none):3
x86_64/WC3_Native_Integration_0.7.6	231	22005701	7	.wav:91, .txt:42, .png:42, .swift:10, .slk:8, .blp:6, .mdx:4, .w3x:4
x86_64/WC3_Native_Integration_0.7.6/Installer	2	6770	2	.sh:2
x86_64/WC3_Native_Integration_0.7.6/Resources	206	21112361	0	.wav:91, .png:42, .txt:41, .slk:8, .blp:6, .mdx:4, .w3x:4, .json:2
x86_64/WC3_Native_Integration_0.7.6/Resources/WC3Patcher	206	21112361	3	.wav:91, .png:42, .txt:41, .slk:8, .blp:6, .mdx:4, .w3x:4, .json:2
x86_64/WC3_Native_Integration_0.7.6/Resources/WC3Patcher/backend	1	28740	1	.sh:1
x86_64/WC3_Native_Integration_0.7.6/Resources/WC3Patcher/data	153	20053364	1	.wav:91, .txt:36, .slk:8, .blp:6, .mdx:4, .w3x:4, .json:2, .tsv:2
x86_64/WC3_Native_Integration_0.7.6/Resources/WC3Patcher/data/embedded	101	14897079	0	.wav:91, .blp:6, .mdx:4
x86_64/WC3_Native_Integration_0.7.6/Resources/WC3Patcher/data/embedded/female_heroes	101	14897079	0	.wav:91, .blp:6, .mdx:4
x86_64/WC3_Native_Integration_0.7.6/Resources/WC3Patcher/data/embedded/female_heroes/icons	4	53998	4	.blp:4
x86_64/WC3_Native_Integration_0.7.6/Resources/WC3Patcher/data/embedded/female_heroes/models	6	1875749	6	.mdx:4, .blp:2
x86_64/WC3_Native_Integration_0.7.6/Resources/WC3Patcher/data/embedded/female_heroes/voice_overrides	91	12967332	0	.wav:91
x86_64/WC3_Native_Integration_0.7.6/Resources/WC3Patcher/data/embedded/female_heroes/voice_overrides/Units	91	12967332	0	.wav:91
x86_64/WC3_Native_Integration_0.7.6/Resources/WC3Patcher/data/embedded/female_heroes/voice_overrides/Units/NightElf	51	6647086	0	.wav:51
x86_64/WC3_Native_Integration_0.7.6/Resources/WC3Patcher/data/embedded/female_heroes/voice_overrides/Units/NightElf/HeroDemonHunter	51	6647086	51	.wav:51
x86_64/WC3_Native_Integration_0.7.6/Resources/WC3Patcher/data/embedded/female_heroes/voice_overrides/Units/Undead	40	6320246	0	.wav:40
x86_64/WC3_Native_Integration_0.7.6/Resources/WC3Patcher/data/embedded/female_heroes/voice_overrides/Units/Undead/HeroDeathKnight	40	6320246	40	.wav:40
x86_64/WC3_Native_Integration_0.7.6/Resources/WC3Patcher/data/hero_profiles	12	774287	1	.txt:10, .tsv:1, .slk:1
x86_64/WC3_Native_Integration_0.7.6/Resources/WC3Patcher/data/hero_profiles/base	11	768006	11	.txt:10, .slk:1
x86_64/WC3_Native_Integration_0.7.6/Resources/WC3Patcher/data/patch	39	4355825	3	.txt:26, .slk:7, .w3x:4, .json:1, .tsv:1
x86_64/WC3_Native_Integration_0.7.6/Resources/WC3Patcher/data/patch/Payload	36	4346344	0	.txt:25, .slk:7, .w3x:4
x86_64/WC3_Native_Integration_0.7.6/Resources/WC3Patcher/data/patch/Payload/Maps	4	1051044	0	.w3x:4
x86_64/WC3_Native_Integration_0.7.6/Resources/WC3Patcher/data/patch/Payload/Maps/FrozenThrone	4	1051044	0	.w3x:4
x86_64/WC3_Native_Integration_0.7.6/Resources/WC3Patcher/data/patch/Payload/Maps/FrozenThrone/Community	4	1051044	4	.w3x:4
x86_64/WC3_Native_Integration_0.7.6/Resources/WC3Patcher/data/patch/Payload/Strings	17	578218	17	.txt:17
x86_64/WC3_Native_Integration_0.7.6/Resources/WC3Patcher/data/patch/Payload/Units	15	2717082	15	.txt:8, .slk:7
x86_64/WC3_Native_Integration_0.7.6/Resources/WC3Patcher/ui	49	1024578	17	.png:42, .txt:2, .icns:2, .fdf:2, .ttf:1
x86_64/WC3_Native_Integration_0.7.6/Resources/WC3Patcher/ui/hero_icons	30	336905	30	.png:30
x86_64/WC3_Native_Integration_0.7.6/Resources/WC3Patcher/ui/reference_fdf	2	71704	2	.fdf:2
x86_64/WC3_Native_Integration_0.7.6/Sources	11	134978	11	.swift:10, .c:1
x86_64/WC3_Native_Integration_0.7.6/Tools	2	9642	2	.c:1, .py:1
x86_64/WC3_Native_Integration_0.7.6/build	3	722760	3	.o:1, .dylib:1, (none):1
x86_64/Warcraft III fixed.app	164	144948846	0	.pak:57, .strings:42, (none):17, .icns:12, .nib:10, .png:8, .plist:6, .html:4
x86_64/Warcraft III fixed.app/Contents	164	144948846	2	.pak:57, .strings:42, (none):17, .icns:12, .nib:10, .png:8, .plist:6, .html:4
x86_64/Warcraft III fixed.app/Contents/Frameworks	5	16397755	1	(none):3, .dylib:1, .plist:1
x86_64/Warcraft III fixed.app/Contents/Frameworks/ClampCursor.framework	4	215851	1	(none):3, .plist:1
x86_64/Warcraft III fixed.app/Contents/Frameworks/ClampCursor.framework/Helpers	1	50400	1	(none):1
x86_64/Warcraft III fixed.app/Contents/Frameworks/ClampCursor.framework/Resources	1	1175	1	.plist:1
x86_64/Warcraft III fixed.app/Contents/Frameworks/ClampCursor.framework/_CodeSignature	1	2852	1	(none):1
x86_64/Warcraft III fixed.app/Contents/MacOS	1	30233232	1	(none):1
x86_64/Warcraft III fixed.app/Contents/Resources	42	2154255	16	.strings:15, .icns:8, .png:8, .nib:4, .html:4, .woff:1, .js:1, .css:1
x86_64/Warcraft III fixed.app/Contents/Resources/de.lproj	1	2971	1	.strings:1
x86_64/Warcraft III fixed.app/Contents/Resources/en.lproj	2	4715	2	.strings:2
x86_64/Warcraft III fixed.app/Contents/Resources/es-419.lproj	1	3077	1	.strings:1
x86_64/Warcraft III fixed.app/Contents/Resources/es.lproj	1	3048	1	.strings:1
x86_64/Warcraft III fixed.app/Contents/Resources/fonts	1	50177	1	.woff:1
x86_64/Warcraft III fixed.app/Contents/Resources/fr.lproj	1	3267	1	.strings:1
x86_64/Warcraft III fixed.app/Contents/Resources/images	8	1618271	8	.png:8
x86_64/Warcraft III fixed.app/Contents/Resources/it.lproj	1	2981	1	.strings:1
x86_64/Warcraft III fixed.app/Contents/Resources/ja.lproj	1	3426	1	.strings:1
x86_64/Warcraft III fixed.app/Contents/Resources/ko.lproj	1	3194	1	.strings:1
x86_64/Warcraft III fixed.app/Contents/Resources/pl.lproj	1	2981	1	.strings:1
x86_64/Warcraft III fixed.app/Contents/Resources/pt-BR.lproj	1	3044	1	.strings:1
x86_64/Warcraft III fixed.app/Contents/Resources/ru.lproj	1	3779	1	.strings:1
x86_64/Warcraft III fixed.app/Contents/Resources/scripts	1	13749	1	.js:1
x86_64/Warcraft III fixed.app/Contents/Resources/styles	1	5386	1	.css:1
x86_64/Warcraft III fixed.app/Contents/Resources/tr.lproj	1	2546	1	.strings:1
x86_64/Warcraft III fixed.app/Contents/Resources/zh-Hans.lproj	1	2684	1	.strings:1
x86_64/Warcraft III fixed.app/Contents/Resources/zh-Hant.lproj	1	2769	1	.strings:1
x86_64/Warcraft III fixed.app/Contents/SharedSupport	39	4235892	1	.strings:26, .nib:5, (none):4, .icns:3, .plist:1
x86_64/Warcraft III fixed.app/Contents/SharedSupport/Blizzard Error.app	38	1131732	0	.strings:26, .nib:5, (none):3, .icns:3, .plist:1
x86_64/Warcraft III fixed.app/Contents/SharedSupport/Blizzard Error.app/Contents	38	1131732	2	.strings:26, .nib:5, (none):3, .icns:3, .plist:1
x86_64/Warcraft III fixed.app/Contents/SharedSupport/Blizzard Error.app/Contents/MacOS	1	816112	1	(none):1
x86_64/Warcraft III fixed.app/Contents/SharedSupport/Blizzard Error.app/Contents/Resources	34	297710	8	.strings:26, .nib:5, .icns:3
x86_64/Warcraft III fixed.app/Contents/SharedSupport/Blizzard Error.app/Contents/Resources/de.lproj	2	6982	2	.strings:2
x86_64/Warcraft III fixed.app/Contents/SharedSupport/Blizzard Error.app/Contents/Resources/en.lproj	2	6648	2	.strings:2
x86_64/Warcraft III fixed.app/Contents/SharedSupport/Blizzard Error.app/Contents/Resources/es-419.lproj	2	6820	2	.strings:2
x86_64/Warcraft III fixed.app/Contents/SharedSupport/Blizzard Error.app/Contents/Resources/es.lproj	2	6972	2	.strings:2
x86_64/Warcraft III fixed.app/Contents/SharedSupport/Blizzard Error.app/Contents/Resources/fr.lproj	2	6972	2	.strings:2
x86_64/Warcraft III fixed.app/Contents/SharedSupport/Blizzard Error.app/Contents/Resources/it.lproj	2	6882	2	.strings:2
x86_64/Warcraft III fixed.app/Contents/SharedSupport/Blizzard Error.app/Contents/Resources/ko.lproj	2	5820	2	.strings:2
x86_64/Warcraft III fixed.app/Contents/SharedSupport/Blizzard Error.app/Contents/Resources/pl.lproj	2	6774	2	.strings:2
x86_64/Warcraft III fixed.app/Contents/SharedSupport/Blizzard Error.app/Contents/Resources/pt-BR.lproj	2	6822	2	.strings:2
x86_64/Warcraft III fixed.app/Contents/SharedSupport/Blizzard Error.app/Contents/Resources/ru.lproj	2	6694	2	.strings:2
x86_64/Warcraft III fixed.app/Contents/SharedSupport/Blizzard Error.app/Contents/Resources/tr.lproj	2	6776	2	.strings:2
x86_64/Warcraft III fixed.app/Contents/SharedSupport/Blizzard Error.app/Contents/Resources/zh_CN.lproj	2	5496	2	.strings:2
x86_64/Warcraft III fixed.app/Contents/SharedSupport/Blizzard Error.app/Contents/Resources/zh_TW.lproj	2	5518	2	.strings:2
x86_64/Warcraft III fixed.app/Contents/SharedSupport/Blizzard Error.app/Contents/_CodeSignature	1	16240	1	(none):1
x86_64/Warcraft III fixed.app/Contents/XPCServices	74	91900802	0	.pak:57, (none):7, .plist:3, .bin:2, .so:1, .dat:1, .nib:1, .icns:1
x86_64/Warcraft III fixed.app/Contents/XPCServices/BrowserProxy.xpc	74	91900802	0	.pak:57, (none):7, .plist:3, .bin:2, .so:1, .dat:1, .nib:1, .icns:1
x86_64/Warcraft III fixed.app/Contents/XPCServices/BrowserProxy.xpc/Contents	74	91900802	1	.pak:57, (none):7, .plist:3, .bin:2, .so:1, .dat:1, .nib:1, .icns:1
x86_64/Warcraft III fixed.app/Contents/XPCServices/BrowserProxy.xpc/Contents/Frameworks	71	86050216	0	.pak:57, (none):5, .plist:2, .bin:2, .so:1, .dat:1, .nib:1, .icns:1
x86_64/Warcraft III fixed.app/Contents/XPCServices/BrowserProxy.xpc/Contents/Frameworks/Chromium Embedded Framework.framework	71	86050216	1	.pak:57, (none):5, .plist:2, .bin:2, .so:1, .dat:1, .nib:1, .icns:1
x86_64/Warcraft III fixed.app/Contents/XPCServices/BrowserProxy.xpc/Contents/Frameworks/Chromium Embedded Framework.framework/Libraries	1	1215472	1	.so:1
x86_64/Warcraft III fixed.app/Contents/XPCServices/BrowserProxy.xpc/Contents/Frameworks/Chromium Embedded Framework.framework/Resources	68	20322535	9	.pak:57, (none):3, .plist:2, .bin:2, .dat:1, .nib:1, .icns:1, .strings:1
x86_64/Warcraft III fixed.app/Contents/XPCServices/BrowserProxy.xpc/Contents/Frameworks/Chromium Embedded Framework.framework/Resources/am.lproj	1	22256	1	.pak:1
x86_64/Warcraft III fixed.app/Contents/XPCServices/BrowserProxy.xpc/Contents/Frameworks/Chromium Embedded Framework.framework/Resources/ar.lproj	1	24339	1	.pak:1
x86_64/Warcraft III fixed.app/Contents/XPCServices/BrowserProxy.xpc/Contents/Frameworks/Chromium Embedded Framework.framework/Resources/bg.lproj	1	26168	1	.pak:1
x86_64/Warcraft III fixed.app/Contents/XPCServices/BrowserProxy.xpc/Contents/Frameworks/Chromium Embedded Framework.framework/Resources/bn.lproj	1	32153	1	.pak:1
x86_64/Warcraft III fixed.app/Contents/XPCServices/BrowserProxy.xpc/Contents/Frameworks/Chromium Embedded Framework.framework/Resources/ca.lproj	1	17317	1	.pak:1
x86_64/Warcraft III fixed.app/Contents/XPCServices/BrowserProxy.xpc/Contents/Frameworks/Chromium Embedded Framework.framework/Resources/crash_report_sender.app	6	254384	0	(none):2, .plist:1, .nib:1, .icns:1, .strings:1
x86_64/Warcraft III fixed.app/Contents/XPCServices/BrowserProxy.xpc/Contents/Frameworks/Chromium Embedded Framework.framework/Resources/crash_report_sender.app/Contents	6	254384	2	(none):2, .plist:1, .nib:1, .icns:1, .strings:1
x86_64/Warcraft III fixed.app/Contents/XPCServices/BrowserProxy.xpc/Contents/Frameworks/Chromium Embedded Framework.framework/Resources/crash_report_sender.app/Contents/MacOS	1	67232	1	(none):1
x86_64/Warcraft III fixed.app/Contents/XPCServices/BrowserProxy.xpc/Contents/Frameworks/Chromium Embedded Framework.framework/Resources/crash_report_sender.app/Contents/Resources	3	185912	2	.nib:1, .icns:1, .strings:1
x86_64/Warcraft III fixed.app/Contents/XPCServices/BrowserProxy.xpc/Contents/Frameworks/Chromium Embedded Framework.framework/Resources/crash_report_sender.app/Contents/Resources/English.lproj	1	2428	1	.strings:1
x86_64/Warcraft III fixed.app/Contents/XPCServices/BrowserProxy.xpc/Contents/Frameworks/Chromium Embedded Framework.framework/Resources/cs.lproj	1	16393	1	.pak:1
x86_64/Warcraft III fixed.app/Contents/XPCServices/BrowserProxy.xpc/Contents/Frameworks/Chromium Embedded Framework.framework/Resources/da.lproj	1	15123	1	.pak:1
x86_64/Warcraft III fixed.app/Contents/XPCServices/BrowserProxy.xpc/Contents/Frameworks/Chromium Embedded Framework.framework/Resources/de.lproj	1	16594	1	.pak:1
x86_64/Warcraft III fixed.app/Contents/XPCServices/BrowserProxy.xpc/Contents/Frameworks/Chromium Embedded Framework.framework/Resources/el.lproj	1	28064	1	.pak:1
x86_64/Warcraft III fixed.app/Contents/XPCServices/BrowserProxy.xpc/Contents/Frameworks/Chromium Embedded Framework.framework/Resources/en.lproj	1	14073	1	.pak:1
x86_64/Warcraft III fixed.app/Contents/XPCServices/BrowserProxy.xpc/Contents/Frameworks/Chromium Embedded Framework.framework/Resources/en_GB.lproj	1	14079	1	.pak:1
x86_64/Warcraft III fixed.app/Contents/XPCServices/BrowserProxy.xpc/Contents/Frameworks/Chromium Embedded Framework.framework/Resources/es.lproj	1	17352	1	.pak:1
x86_64/Warcraft III fixed.app/Contents/XPCServices/BrowserProxy.xpc/Contents/Frameworks/Chromium Embedded Framework.framework/Resources/es_419.lproj	1	16792	1	.pak:1
x86_64/Warcraft III fixed.app/Contents/XPCServices/BrowserProxy.xpc/Contents/Frameworks/Chromium Embedded Framework.framework/Resources/et.lproj	1	15244	1	.pak:1
x86_64/Warcraft III fixed.app/Contents/XPCServices/BrowserProxy.xpc/Contents/Frameworks/Chromium Embedded Framework.framework/Resources/fa.lproj	1	21819	1	.pak:1
x86_64/Warcraft III fixed.app/Contents/XPCServices/BrowserProxy.xpc/Contents/Frameworks/Chromium Embedded Framework.framework/Resources/fi.lproj	1	16215	1	.pak:1
x86_64/Warcraft III fixed.app/Contents/XPCServices/BrowserProxy.xpc/Contents/Frameworks/Chromium Embedded Framework.framework/Resources/fil.lproj	1	17124	1	.pak:1
x86_64/Warcraft III fixed.app/Contents/XPCServices/BrowserProxy.xpc/Contents/Frameworks/Chromium Embedded Framework.framework/Resources/fr.lproj	1	17709	1	.pak:1
x86_64/Warcraft III fixed.app/Contents/XPCServices/BrowserProxy.xpc/Contents/Frameworks/Chromium Embedded Framework.framework/Resources/gu.lproj	1	29893	1	.pak:1
x86_64/Warcraft III fixed.app/Contents/XPCServices/BrowserProxy.xpc/Contents/Frameworks/Chromium Embedded Framework.framework/Resources/he.lproj	1	18691	1	.pak:1
x86_64/Warcraft III fixed.app/Contents/XPCServices/BrowserProxy.xpc/Contents/Frameworks/Chromium Embedded Framework.framework/Resources/hi.lproj	1	30306	1	.pak:1
x86_64/Warcraft III fixed.app/Contents/XPCServices/BrowserProxy.xpc/Contents/Frameworks/Chromium Embedded Framework.framework/Resources/hr.lproj	1	16333	1	.pak:1
x86_64/Warcraft III fixed.app/Contents/XPCServices/BrowserProxy.xpc/Contents/Frameworks/Chromium Embedded Framework.framework/Resources/hu.lproj	1	17144	1	.pak:1
x86_64/Warcraft III fixed.app/Contents/XPCServices/BrowserProxy.xpc/Contents/Frameworks/Chromium Embedded Framework.framework/Resources/id.lproj	1	15099	1	.pak:1
x86_64/Warcraft III fixed.app/Contents/XPCServices/BrowserProxy.xpc/Contents/Frameworks/Chromium Embedded Framework.framework/Resources/it.lproj	1	16159	1	.pak:1
x86_64/Warcraft III fixed.app/Contents/XPCServices/BrowserProxy.xpc/Contents/Frameworks/Chromium Embedded Framework.framework/Resources/ja.lproj	1	18786	1	.pak:1
x86_64/Warcraft III fixed.app/Contents/XPCServices/BrowserProxy.xpc/Contents/Frameworks/Chromium Embedded Framework.framework/Resources/kn.lproj	1	34201	1	.pak:1
x86_64/Warcraft III fixed.app/Contents/XPCServices/BrowserProxy.xpc/Contents/Frameworks/Chromium Embedded Framework.framework/Resources/ko.lproj	1	16343	1	.pak:1
x86_64/Warcraft III fixed.app/Contents/XPCServices/BrowserProxy.xpc/Contents/Frameworks/Chromium Embedded Framework.framework/Resources/lt.lproj	1	16935	1	.pak:1
x86_64/Warcraft III fixed.app/Contents/XPCServices/BrowserProxy.xpc/Contents/Frameworks/Chromium Embedded Framework.framework/Resources/lv.lproj	1	17308	1	.pak:1
x86_64/Warcraft III fixed.app/Contents/XPCServices/BrowserProxy.xpc/Contents/Frameworks/Chromium Embedded Framework.framework/Resources/ml.lproj	1	38928	1	.pak:1
x86_64/Warcraft III fixed.app/Contents/XPCServices/BrowserProxy.xpc/Contents/Frameworks/Chromium Embedded Framework.framework/Resources/mr.lproj	1	30254	1	.pak:1
x86_64/Warcraft III fixed.app/Contents/XPCServices/BrowserProxy.xpc/Contents/Frameworks/Chromium Embedded Framework.framework/Resources/ms.lproj	1	15235	1	.pak:1
x86_64/Warcraft III fixed.app/Contents/XPCServices/BrowserProxy.xpc/Contents/Frameworks/Chromium Embedded Framework.framework/Resources/nb.lproj	1	15388	1	.pak:1
x86_64/Warcraft III fixed.app/Contents/XPCServices/BrowserProxy.xpc/Contents/Frameworks/Chromium Embedded Framework.framework/Resources/nl.lproj	1	15883	1	.pak:1
x86_64/Warcraft III fixed.app/Contents/XPCServices/BrowserProxy.xpc/Contents/Frameworks/Chromium Embedded Framework.framework/Resources/pl.lproj	1	16507	1	.pak:1
x86_64/Warcraft III fixed.app/Contents/XPCServices/BrowserProxy.xpc/Contents/Frameworks/Chromium Embedded Framework.framework/Resources/pt_BR.lproj	1	16224	1	.pak:1
x86_64/Warcraft III fixed.app/Contents/XPCServices/BrowserProxy.xpc/Contents/Frameworks/Chromium Embedded Framework.framework/Resources/pt_PT.lproj	1	16366	1	.pak:1
x86_64/Warcraft III fixed.app/Contents/XPCServices/BrowserProxy.xpc/Contents/Frameworks/Chromium Embedded Framework.framework/Resources/ro.lproj	1	17387	1	.pak:1
x86_64/Warcraft III fixed.app/Contents/XPCServices/BrowserProxy.xpc/Contents/Frameworks/Chromium Embedded Framework.framework/Resources/ru.lproj	1	24407	1	.pak:1
x86_64/Warcraft III fixed.app/Contents/XPCServices/BrowserProxy.xpc/Contents/Frameworks/Chromium Embedded Framework.framework/Resources/sk.lproj	1	17032	1	.pak:1
x86_64/Warcraft III fixed.app/Contents/XPCServices/BrowserProxy.xpc/Contents/Frameworks/Chromium Embedded Framework.framework/Resources/sl.lproj	1	15725	1	.pak:1
x86_64/Warcraft III fixed.app/Contents/XPCServices/BrowserProxy.xpc/Contents/Frameworks/Chromium Embedded Framework.framework/Resources/sr.lproj	1	23986	1	.pak:1
x86_64/Warcraft III fixed.app/Contents/XPCServices/BrowserProxy.xpc/Contents/Frameworks/Chromium Embedded Framework.framework/Resources/sv.lproj	1	15074	1	.pak:1
x86_64/Warcraft III fixed.app/Contents/XPCServices/BrowserProxy.xpc/Contents/Frameworks/Chromium Embedded Framework.framework/Resources/sw.lproj	1	15572	1	.pak:1
x86_64/Warcraft III fixed.app/Contents/XPCServices/BrowserProxy.xpc/Contents/Frameworks/Chromium Embedded Framework.framework/Resources/ta.lproj	1	36916	1	.pak:1
x86_64/Warcraft III fixed.app/Contents/XPCServices/BrowserProxy.xpc/Contents/Frameworks/Chromium Embedded Framework.framework/Resources/te.lproj	1	34557	1	.pak:1
x86_64/Warcraft III fixed.app/Contents/XPCServices/BrowserProxy.xpc/Contents/Frameworks/Chromium Embedded Framework.framework/Resources/th.lproj	1	30554	1	.pak:1
x86_64/Warcraft III fixed.app/Contents/XPCServices/BrowserProxy.xpc/Contents/Frameworks/Chromium Embedded Framework.framework/Resources/tr.lproj	1	15720	1	.pak:1
x86_64/Warcraft III fixed.app/Contents/XPCServices/BrowserProxy.xpc/Contents/Frameworks/Chromium Embedded Framework.framework/Resources/uk.lproj	1	25728	1	.pak:1
x86_64/Warcraft III fixed.app/Contents/XPCServices/BrowserProxy.xpc/Contents/Frameworks/Chromium Embedded Framework.framework/Resources/vi.lproj	1	18030	1	.pak:1
x86_64/Warcraft III fixed.app/Contents/XPCServices/BrowserProxy.xpc/Contents/Frameworks/Chromium Embedded Framework.framework/Resources/zh_CN.lproj	1	13796	1	.pak:1
x86_64/Warcraft III fixed.app/Contents/XPCServices/BrowserProxy.xpc/Contents/Frameworks/Chromium Embedded Framework.framework/Resources/zh_TW.lproj	1	13995	1	.pak:1
x86_64/Warcraft III fixed.app/Contents/XPCServices/BrowserProxy.xpc/Contents/Frameworks/Chromium Embedded Framework.framework/_CodeSignature	1	30225	1	(none):1
x86_64/Warcraft III fixed.app/Contents/XPCServices/BrowserProxy.xpc/Contents/MacOS	1	5846528	1	(none):1
x86_64/Warcraft III fixed.app/Contents/XPCServices/BrowserProxy.xpc/Contents/_CodeSignature	1	2659	1	(none):1
x86_64/Warcraft III fixed.app/Contents/_CodeSignature	1	23270	1	(none):1
x86_64/Warcraft III.app	371	166718495	0	.wav:91, .pak:57, .png:50, .strings:42, .txt:41, (none):17, .icns:14, .nib:10
x86_64/Warcraft III.app/Contents	371	166718495	2	.wav:91, .pak:57, .png:50, .strings:42, .txt:41, (none):17, .icns:14, .nib:10
x86_64/Warcraft III.app/Contents/Frameworks	6	17035847	2	(none):3, .dylib:2, .plist:1
x86_64/Warcraft III.app/Contents/Frameworks/ClampCursor.framework	4	179383	1	(none):3, .plist:1
x86_64/Warcraft III.app/Contents/Frameworks/ClampCursor.framework/Helpers	1	32272	1	(none):1
x86_64/Warcraft III.app/Contents/Frameworks/ClampCursor.framework/Resources	1	1175	1	.plist:1
x86_64/Warcraft III.app/Contents/Frameworks/ClampCursor.framework/_CodeSignature	1	2672	1	(none):1
x86_64/Warcraft III.app/Contents/MacOS	1	30215072	1	(none):1
x86_64/Warcraft III.app/Contents/Resources	248	23266616	16	.wav:91, .png:50, .txt:41, .strings:15, .icns:10, .slk:8, .blp:6, .nib:4
x86_64/Warcraft III.app/Contents/Resources/WC3Patcher	206	21112361	3	.wav:91, .png:42, .txt:41, .slk:8, .blp:6, .mdx:4, .w3x:4, .json:2
x86_64/Warcraft III.app/Contents/Resources/WC3Patcher/backend	1	28740	1	.sh:1
x86_64/Warcraft III.app/Contents/Resources/WC3Patcher/data	153	20053364	1	.wav:91, .txt:36, .slk:8, .blp:6, .mdx:4, .w3x:4, .json:2, .tsv:2
x86_64/Warcraft III.app/Contents/Resources/WC3Patcher/data/embedded	101	14897079	0	.wav:91, .blp:6, .mdx:4
x86_64/Warcraft III.app/Contents/Resources/WC3Patcher/data/embedded/female_heroes	101	14897079	0	.wav:91, .blp:6, .mdx:4
x86_64/Warcraft III.app/Contents/Resources/WC3Patcher/data/embedded/female_heroes/icons	4	53998	4	.blp:4
x86_64/Warcraft III.app/Contents/Resources/WC3Patcher/data/embedded/female_heroes/models	6	1875749	6	.mdx:4, .blp:2
x86_64/Warcraft III.app/Contents/Resources/WC3Patcher/data/embedded/female_heroes/voice_overrides	91	12967332	0	.wav:91
x86_64/Warcraft III.app/Contents/Resources/WC3Patcher/data/embedded/female_heroes/voice_overrides/Units	91	12967332	0	.wav:91
x86_64/Warcraft III.app/Contents/Resources/WC3Patcher/data/embedded/female_heroes/voice_overrides/Units/NightElf	51	6647086	0	.wav:51
x86_64/Warcraft III.app/Contents/Resources/WC3Patcher/data/embedded/female_heroes/voice_overrides/Units/NightElf/HeroDemonHunter	51	6647086	51	.wav:51
x86_64/Warcraft III.app/Contents/Resources/WC3Patcher/data/embedded/female_heroes/voice_overrides/Units/Undead	40	6320246	0	.wav:40
x86_64/Warcraft III.app/Contents/Resources/WC3Patcher/data/embedded/female_heroes/voice_overrides/Units/Undead/HeroDeathKnight	40	6320246	40	.wav:40
x86_64/Warcraft III.app/Contents/Resources/WC3Patcher/data/hero_profiles	12	774287	1	.txt:10, .tsv:1, .slk:1
x86_64/Warcraft III.app/Contents/Resources/WC3Patcher/data/hero_profiles/base	11	768006	11	.txt:10, .slk:1
x86_64/Warcraft III.app/Contents/Resources/WC3Patcher/data/patch	39	4355825	3	.txt:26, .slk:7, .w3x:4, .json:1, .tsv:1
x86_64/Warcraft III.app/Contents/Resources/WC3Patcher/data/patch/Payload	36	4346344	0	.txt:25, .slk:7, .w3x:4
x86_64/Warcraft III.app/Contents/Resources/WC3Patcher/data/patch/Payload/Maps	4	1051044	0	.w3x:4
x86_64/Warcraft III.app/Contents/Resources/WC3Patcher/data/patch/Payload/Maps/FrozenThrone	4	1051044	0	.w3x:4
x86_64/Warcraft III.app/Contents/Resources/WC3Patcher/data/patch/Payload/Maps/FrozenThrone/Community	4	1051044	4	.w3x:4
x86_64/Warcraft III.app/Contents/Resources/WC3Patcher/data/patch/Payload/Strings	17	578218	17	.txt:17
x86_64/Warcraft III.app/Contents/Resources/WC3Patcher/data/patch/Payload/Units	15	2717082	15	.txt:8, .slk:7
x86_64/Warcraft III.app/Contents/Resources/WC3Patcher/ui	49	1024578	17	.png:42, .txt:2, .icns:2, .fdf:2, .ttf:1
x86_64/Warcraft III.app/Contents/Resources/WC3Patcher/ui/hero_icons	30	336905	30	.png:30
x86_64/Warcraft III.app/Contents/Resources/WC3Patcher/ui/reference_fdf	2	71704	2	.fdf:2
x86_64/Warcraft III.app/Contents/Resources/de.lproj	1	2971	1	.strings:1
x86_64/Warcraft III.app/Contents/Resources/en.lproj	2	4715	2	.strings:2
x86_64/Warcraft III.app/Contents/Resources/es-419.lproj	1	3077	1	.strings:1
x86_64/Warcraft III.app/Contents/Resources/es.lproj	1	3048	1	.strings:1
x86_64/Warcraft III.app/Contents/Resources/fonts	1	50177	1	.woff:1
x86_64/Warcraft III.app/Contents/Resources/fr.lproj	1	3267	1	.strings:1
x86_64/Warcraft III.app/Contents/Resources/images	8	1618271	8	.png:8
x86_64/Warcraft III.app/Contents/Resources/it.lproj	1	2981	1	.strings:1
x86_64/Warcraft III.app/Contents/Resources/ja.lproj	1	3426	1	.strings:1
x86_64/Warcraft III.app/Contents/Resources/ko.lproj	1	3194	1	.strings:1
x86_64/Warcraft III.app/Contents/Resources/pl.lproj	1	2981	1	.strings:1
x86_64/Warcraft III.app/Contents/Resources/pt-BR.lproj	1	3044	1	.strings:1
x86_64/Warcraft III.app/Contents/Resources/ru.lproj	1	3779	1	.strings:1
x86_64/Warcraft III.app/Contents/Resources/scripts	1	13749	1	.js:1
x86_64/Warcraft III.app/Contents/Resources/styles	1	5386	1	.css:1
x86_64/Warcraft III.app/Contents/Resources/tr.lproj	1	2546	1	.strings:1
x86_64/Warcraft III.app/Contents/Resources/zh-Hans.lproj	1	2684	1	.strings:1
x86_64/Warcraft III.app/Contents/Resources/zh-Hant.lproj	1	2769	1	.strings:1
x86_64/Warcraft III.app/Contents/SharedSupport	39	4235892	1	.strings:26, .nib:5, (none):4, .icns:3, .plist:1
x86_64/Warcraft III.app/Contents/SharedSupport/Blizzard Error.app	38	1131732	0	.strings:26, .nib:5, (none):3, .icns:3, .plist:1
x86_64/Warcraft III.app/Contents/SharedSupport/Blizzard Error.app/Contents	38	1131732	2	.strings:26, .nib:5, (none):3, .icns:3, .plist:1
x86_64/Warcraft III.app/Contents/SharedSupport/Blizzard Error.app/Contents/MacOS	1	816112	1	(none):1
x86_64/Warcraft III.app/Contents/SharedSupport/Blizzard Error.app/Contents/Resources	34	297710	8	.strings:26, .nib:5, .icns:3
x86_64/Warcraft III.app/Contents/SharedSupport/Blizzard Error.app/Contents/Resources/de.lproj	2	6982	2	.strings:2
x86_64/Warcraft III.app/Contents/SharedSupport/Blizzard Error.app/Contents/Resources/en.lproj	2	6648	2	.strings:2
x86_64/Warcraft III.app/Contents/SharedSupport/Blizzard Error.app/Contents/Resources/es-419.lproj	2	6820	2	.strings:2
x86_64/Warcraft III.app/Contents/SharedSupport/Blizzard Error.app/Contents/Resources/es.lproj	2	6972	2	.strings:2
x86_64/Warcraft III.app/Contents/SharedSupport/Blizzard Error.app/Contents/Resources/fr.lproj	2	6972	2	.strings:2
x86_64/Warcraft III.app/Contents/SharedSupport/Blizzard Error.app/Contents/Resources/it.lproj	2	6882	2	.strings:2
x86_64/Warcraft III.app/Contents/SharedSupport/Blizzard Error.app/Contents/Resources/ko.lproj	2	5820	2	.strings:2
x86_64/Warcraft III.app/Contents/SharedSupport/Blizzard Error.app/Contents/Resources/pl.lproj	2	6774	2	.strings:2
x86_64/Warcraft III.app/Contents/SharedSupport/Blizzard Error.app/Contents/Resources/pt-BR.lproj	2	6822	2	.strings:2
x86_64/Warcraft III.app/Contents/SharedSupport/Blizzard Error.app/Contents/Resources/ru.lproj	2	6694	2	.strings:2
x86_64/Warcraft III.app/Contents/SharedSupport/Blizzard Error.app/Contents/Resources/tr.lproj	2	6776	2	.strings:2
x86_64/Warcraft III.app/Contents/SharedSupport/Blizzard Error.app/Contents/Resources/zh_CN.lproj	2	5496	2	.strings:2
x86_64/Warcraft III.app/Contents/SharedSupport/Blizzard Error.app/Contents/Resources/zh_TW.lproj	2	5518	2	.strings:2
x86_64/Warcraft III.app/Contents/SharedSupport/Blizzard Error.app/Contents/_CodeSignature	1	16240	1	(none):1
x86_64/Warcraft III.app/Contents/XPCServices	74	91864273	0	.pak:57, (none):7, .plist:3, .bin:2, .so:1, .dat:1, .nib:1, .icns:1
x86_64/Warcraft III.app/Contents/XPCServices/BrowserProxy.xpc	74	91864273	0	.pak:57, (none):7, .plist:3, .bin:2, .so:1, .dat:1, .nib:1, .icns:1
x86_64/Warcraft III.app/Contents/XPCServices/BrowserProxy.xpc/Contents	74	91864273	1	.pak:57, (none):7, .plist:3, .bin:2, .so:1, .dat:1, .nib:1, .icns:1
x86_64/Warcraft III.app/Contents/XPCServices/BrowserProxy.xpc/Contents/Frameworks	71	86032024	0	.pak:57, (none):5, .plist:2, .bin:2, .so:1, .dat:1, .nib:1, .icns:1
x86_64/Warcraft III.app/Contents/XPCServices/BrowserProxy.xpc/Contents/Frameworks/Chromium Embedded Framework.framework	71	86032024	1	.pak:57, (none):5, .plist:2, .bin:2, .so:1, .dat:1, .nib:1, .icns:1
x86_64/Warcraft III.app/Contents/XPCServices/BrowserProxy.xpc/Contents/Frameworks/Chromium Embedded Framework.framework/Libraries	1	1215472	1	.so:1
x86_64/Warcraft III.app/Contents/XPCServices/BrowserProxy.xpc/Contents/Frameworks/Chromium Embedded Framework.framework/Resources	68	20322535	9	.pak:57, (none):3, .plist:2, .bin:2, .dat:1, .nib:1, .icns:1, .strings:1
x86_64/Warcraft III.app/Contents/XPCServices/BrowserProxy.xpc/Contents/Frameworks/Chromium Embedded Framework.framework/Resources/am.lproj	1	22256	1	.pak:1
x86_64/Warcraft III.app/Contents/XPCServices/BrowserProxy.xpc/Contents/Frameworks/Chromium Embedded Framework.framework/Resources/ar.lproj	1	24339	1	.pak:1
x86_64/Warcraft III.app/Contents/XPCServices/BrowserProxy.xpc/Contents/Frameworks/Chromium Embedded Framework.framework/Resources/bg.lproj	1	26168	1	.pak:1
x86_64/Warcraft III.app/Contents/XPCServices/BrowserProxy.xpc/Contents/Frameworks/Chromium Embedded Framework.framework/Resources/bn.lproj	1	32153	1	.pak:1
x86_64/Warcraft III.app/Contents/XPCServices/BrowserProxy.xpc/Contents/Frameworks/Chromium Embedded Framework.framework/Resources/ca.lproj	1	17317	1	.pak:1
x86_64/Warcraft III.app/Contents/XPCServices/BrowserProxy.xpc/Contents/Frameworks/Chromium Embedded Framework.framework/Resources/crash_report_sender.app	6	254384	0	(none):2, .plist:1, .nib:1, .icns:1, .strings:1
x86_64/Warcraft III.app/Contents/XPCServices/BrowserProxy.xpc/Contents/Frameworks/Chromium Embedded Framework.framework/Resources/crash_report_sender.app/Contents	6	254384	2	(none):2, .plist:1, .nib:1, .icns:1, .strings:1
x86_64/Warcraft III.app/Contents/XPCServices/BrowserProxy.xpc/Contents/Frameworks/Chromium Embedded Framework.framework/Resources/crash_report_sender.app/Contents/MacOS	1	67232	1	(none):1
x86_64/Warcraft III.app/Contents/XPCServices/BrowserProxy.xpc/Contents/Frameworks/Chromium Embedded Framework.framework/Resources/crash_report_sender.app/Contents/Resources	3	185912	2	.nib:1, .icns:1, .strings:1
x86_64/Warcraft III.app/Contents/XPCServices/BrowserProxy.xpc/Contents/Frameworks/Chromium Embedded Framework.framework/Resources/crash_report_sender.app/Contents/Resources/English.lproj	1	2428	1	.strings:1
x86_64/Warcraft III.app/Contents/XPCServices/BrowserProxy.xpc/Contents/Frameworks/Chromium Embedded Framework.framework/Resources/cs.lproj	1	16393	1	.pak:1
x86_64/Warcraft III.app/Contents/XPCServices/BrowserProxy.xpc/Contents/Frameworks/Chromium Embedded Framework.framework/Resources/da.lproj	1	15123	1	.pak:1
x86_64/Warcraft III.app/Contents/XPCServices/BrowserProxy.xpc/Contents/Frameworks/Chromium Embedded Framework.framework/Resources/de.lproj	1	16594	1	.pak:1
x86_64/Warcraft III.app/Contents/XPCServices/BrowserProxy.xpc/Contents/Frameworks/Chromium Embedded Framework.framework/Resources/el.lproj	1	28064	1	.pak:1
x86_64/Warcraft III.app/Contents/XPCServices/BrowserProxy.xpc/Contents/Frameworks/Chromium Embedded Framework.framework/Resources/en.lproj	1	14073	1	.pak:1
x86_64/Warcraft III.app/Contents/XPCServices/BrowserProxy.xpc/Contents/Frameworks/Chromium Embedded Framework.framework/Resources/en_GB.lproj	1	14079	1	.pak:1
x86_64/Warcraft III.app/Contents/XPCServices/BrowserProxy.xpc/Contents/Frameworks/Chromium Embedded Framework.framework/Resources/es.lproj	1	17352	1	.pak:1
x86_64/Warcraft III.app/Contents/XPCServices/BrowserProxy.xpc/Contents/Frameworks/Chromium Embedded Framework.framework/Resources/es_419.lproj	1	16792	1	.pak:1
x86_64/Warcraft III.app/Contents/XPCServices/BrowserProxy.xpc/Contents/Frameworks/Chromium Embedded Framework.framework/Resources/et.lproj	1	15244	1	.pak:1
x86_64/Warcraft III.app/Contents/XPCServices/BrowserProxy.xpc/Contents/Frameworks/Chromium Embedded Framework.framework/Resources/fa.lproj	1	21819	1	.pak:1
x86_64/Warcraft III.app/Contents/XPCServices/BrowserProxy.xpc/Contents/Frameworks/Chromium Embedded Framework.framework/Resources/fi.lproj	1	16215	1	.pak:1
x86_64/Warcraft III.app/Contents/XPCServices/BrowserProxy.xpc/Contents/Frameworks/Chromium Embedded Framework.framework/Resources/fil.lproj	1	17124	1	.pak:1
x86_64/Warcraft III.app/Contents/XPCServices/BrowserProxy.xpc/Contents/Frameworks/Chromium Embedded Framework.framework/Resources/fr.lproj	1	17709	1	.pak:1
x86_64/Warcraft III.app/Contents/XPCServices/BrowserProxy.xpc/Contents/Frameworks/Chromium Embedded Framework.framework/Resources/gu.lproj	1	29893	1	.pak:1
x86_64/Warcraft III.app/Contents/XPCServices/BrowserProxy.xpc/Contents/Frameworks/Chromium Embedded Framework.framework/Resources/he.lproj	1	18691	1	.pak:1
x86_64/Warcraft III.app/Contents/XPCServices/BrowserProxy.xpc/Contents/Frameworks/Chromium Embedded Framework.framework/Resources/hi.lproj	1	30306	1	.pak:1
x86_64/Warcraft III.app/Contents/XPCServices/BrowserProxy.xpc/Contents/Frameworks/Chromium Embedded Framework.framework/Resources/hr.lproj	1	16333	1	.pak:1
x86_64/Warcraft III.app/Contents/XPCServices/BrowserProxy.xpc/Contents/Frameworks/Chromium Embedded Framework.framework/Resources/hu.lproj	1	17144	1	.pak:1
x86_64/Warcraft III.app/Contents/XPCServices/BrowserProxy.xpc/Contents/Frameworks/Chromium Embedded Framework.framework/Resources/id.lproj	1	15099	1	.pak:1
x86_64/Warcraft III.app/Contents/XPCServices/BrowserProxy.xpc/Contents/Frameworks/Chromium Embedded Framework.framework/Resources/it.lproj	1	16159	1	.pak:1
x86_64/Warcraft III.app/Contents/XPCServices/BrowserProxy.xpc/Contents/Frameworks/Chromium Embedded Framework.framework/Resources/ja.lproj	1	18786	1	.pak:1
x86_64/Warcraft III.app/Contents/XPCServices/BrowserProxy.xpc/Contents/Frameworks/Chromium Embedded Framework.framework/Resources/kn.lproj	1	34201	1	.pak:1
x86_64/Warcraft III.app/Contents/XPCServices/BrowserProxy.xpc/Contents/Frameworks/Chromium Embedded Framework.framework/Resources/ko.lproj	1	16343	1	.pak:1
x86_64/Warcraft III.app/Contents/XPCServices/BrowserProxy.xpc/Contents/Frameworks/Chromium Embedded Framework.framework/Resources/lt.lproj	1	16935	1	.pak:1
x86_64/Warcraft III.app/Contents/XPCServices/BrowserProxy.xpc/Contents/Frameworks/Chromium Embedded Framework.framework/Resources/lv.lproj	1	17308	1	.pak:1
x86_64/Warcraft III.app/Contents/XPCServices/BrowserProxy.xpc/Contents/Frameworks/Chromium Embedded Framework.framework/Resources/ml.lproj	1	38928	1	.pak:1
x86_64/Warcraft III.app/Contents/XPCServices/BrowserProxy.xpc/Contents/Frameworks/Chromium Embedded Framework.framework/Resources/mr.lproj	1	30254	1	.pak:1
x86_64/Warcraft III.app/Contents/XPCServices/BrowserProxy.xpc/Contents/Frameworks/Chromium Embedded Framework.framework/Resources/ms.lproj	1	15235	1	.pak:1
x86_64/Warcraft III.app/Contents/XPCServices/BrowserProxy.xpc/Contents/Frameworks/Chromium Embedded Framework.framework/Resources/nb.lproj	1	15388	1	.pak:1
x86_64/Warcraft III.app/Contents/XPCServices/BrowserProxy.xpc/Contents/Frameworks/Chromium Embedded Framework.framework/Resources/nl.lproj	1	15883	1	.pak:1
x86_64/Warcraft III.app/Contents/XPCServices/BrowserProxy.xpc/Contents/Frameworks/Chromium Embedded Framework.framework/Resources/pl.lproj	1	16507	1	.pak:1
x86_64/Warcraft III.app/Contents/XPCServices/BrowserProxy.xpc/Contents/Frameworks/Chromium Embedded Framework.framework/Resources/pt_BR.lproj	1	16224	1	.pak:1
x86_64/Warcraft III.app/Contents/XPCServices/BrowserProxy.xpc/Contents/Frameworks/Chromium Embedded Framework.framework/Resources/pt_PT.lproj	1	16366	1	.pak:1
x86_64/Warcraft III.app/Contents/XPCServices/BrowserProxy.xpc/Contents/Frameworks/Chromium Embedded Framework.framework/Resources/ro.lproj	1	17387	1	.pak:1
x86_64/Warcraft III.app/Contents/XPCServices/BrowserProxy.xpc/Contents/Frameworks/Chromium Embedded Framework.framework/Resources/ru.lproj	1	24407	1	.pak:1
x86_64/Warcraft III.app/Contents/XPCServices/BrowserProxy.xpc/Contents/Frameworks/Chromium Embedded Framework.framework/Resources/sk.lproj	1	17032	1	.pak:1
x86_64/Warcraft III.app/Contents/XPCServices/BrowserProxy.xpc/Contents/Frameworks/Chromium Embedded Framework.framework/Resources/sl.lproj	1	15725	1	.pak:1
x86_64/Warcraft III.app/Contents/XPCServices/BrowserProxy.xpc/Contents/Frameworks/Chromium Embedded Framework.framework/Resources/sr.lproj	1	23986	1	.pak:1
x86_64/Warcraft III.app/Contents/XPCServices/BrowserProxy.xpc/Contents/Frameworks/Chromium Embedded Framework.framework/Resources/sv.lproj	1	15074	1	.pak:1
x86_64/Warcraft III.app/Contents/XPCServices/BrowserProxy.xpc/Contents/Frameworks/Chromium Embedded Framework.framework/Resources/sw.lproj	1	15572	1	.pak:1
x86_64/Warcraft III.app/Contents/XPCServices/BrowserProxy.xpc/Contents/Frameworks/Chromium Embedded Framework.framework/Resources/ta.lproj	1	36916	1	.pak:1
x86_64/Warcraft III.app/Contents/XPCServices/BrowserProxy.xpc/Contents/Frameworks/Chromium Embedded Framework.framework/Resources/te.lproj	1	34557	1	.pak:1
x86_64/Warcraft III.app/Contents/XPCServices/BrowserProxy.xpc/Contents/Frameworks/Chromium Embedded Framework.framework/Resources/th.lproj	1	30554	1	.pak:1
x86_64/Warcraft III.app/Contents/XPCServices/BrowserProxy.xpc/Contents/Frameworks/Chromium Embedded Framework.framework/Resources/tr.lproj	1	15720	1	.pak:1
x86_64/Warcraft III.app/Contents/XPCServices/BrowserProxy.xpc/Contents/Frameworks/Chromium Embedded Framework.framework/Resources/uk.lproj	1	25728	1	.pak:1
x86_64/Warcraft III.app/Contents/XPCServices/BrowserProxy.xpc/Contents/Frameworks/Chromium Embedded Framework.framework/Resources/vi.lproj	1	18030	1	.pak:1
x86_64/Warcraft III.app/Contents/XPCServices/BrowserProxy.xpc/Contents/Frameworks/Chromium Embedded Framework.framework/Resources/zh_CN.lproj	1	13796	1	.pak:1
x86_64/Warcraft III.app/Contents/XPCServices/BrowserProxy.xpc/Contents/Frameworks/Chromium Embedded Framework.framework/Resources/zh_TW.lproj	1	13995	1	.pak:1
x86_64/Warcraft III.app/Contents/XPCServices/BrowserProxy.xpc/Contents/Frameworks/Chromium Embedded Framework.framework/_CodeSignature	1	30225	1	(none):1
x86_64/Warcraft III.app/Contents/XPCServices/BrowserProxy.xpc/Contents/MacOS	1	5828336	1	(none):1
x86_64/Warcraft III.app/Contents/XPCServices/BrowserProxy.xpc/Contents/_CodeSignature	1	2514	1	(none):1
x86_64/Warcraft III.app/Contents/_CodeSignature	1	97155	1	(none):1
